Country Name,Year,Mortality_Rate,GDP_per_capita,Health_Expenditure,Homicide_Rate,Food_Price_Index,Food_Price_Log
Angola,2000,18.08,563.733795571487,1.68525279,0.0,140.0,4.948759890378168
Albania,2000,5.619,1160.42047054038,5.87429667,4.13752044085122,140.0,4.948759890378168
Andorra,2000,6.228,21810.2503808666,5.93342304,0.0,140.0,4.948759890378168
United Arab Emirates,2000,2.004,29865.502347066,2.39504457,0.0,140.0,4.948759890378168
Argentina,2000,7.57,7637.01489203628,8.22001076,0.0,140.0,4.948759890378168
Armenia,2000,7.5,593.450581742282,4.19581175,2.91141445632454,235.0,5.4638318050256105
Antigua and Barbuda,2000,6.254,12027.4949768222,4.3239274,6.67449807774455,140.0,4.948759890378168
Australia,2000,6.7,21908.9968019784,7.58869076,1.89207133777963,140.0,4.948759890378168
Austria,2000,9.6,24487.2974685956,9.38934517,1.02334627242376,140.0,4.948759890378168
Azerbaijan,2000,5.8,655.097249579917,2.94891715,2.76459853289117,140.0,4.948759890378168
Burundi,2000,15.854,134.537861752389,4.22181606,0.0,140.0,4.948759890378168
Belgium,2000,10.2,23098.8865077401,7.99917603,2.06794627670662,140.0,4.948759890378168
Benin,2000,11.89,487.424141384242,2.9591713,0.0,140.0,4.948759890378168
Burkina Faso,2000,15.332,248.908526921752,4.0211668,0.0,98.0552,4.59567727050456
Bangladesh,2000,8.276,396.670730249751,1.80504513,2.48468340032929,1030.0,6.93828448401696
Bulgaria,2000,14.1,1621.26210738992,5.82970953,4.14973052687391,140.0,4.948759890378168
Bahrain,2000,2.646,14214.4836839343,3.20020556,0.0,140.0,4.948759890378168
"Bahamas, The",2000,6.485,24940.0775086078,3.80487037,22.8511433291645,140.0,4.948759890378168
Bosnia and Herzegovina,2000,7.413,1338.48059636261,7.96239424,2.37993841729047,140.0,4.948759890378168
Belarus,2000,13.5,1276.2880341,5.28088045,10.1388075821466,140.0,4.948759890378168
Belize,2000,5.569,4726.50675459616,2.93866777,17.026648781764,140.0,4.948759890378168
Bolivia,2000,9.745,975.777060358751,4.39554119,0.0,140.0,4.948759890378168
Brazil,2000,6.248,3766.54786339835,8.33457184,26.0748466246634,140.0,4.948759890378168
Barbados,2000,9.13,11674.6736471764,4.92612553,7.63175267015947,140.0,4.948759890378168
Brunei Darussalam,2000,3.472,20130.2572346624,2.5479064,1.22540009313041,140.0,4.948759890378168
Bhutan,2000,8.188,771.924911410619,4.13867903,3.01576743741864,140.0,4.948759890378168
Botswana,2000,12.525,3450.81180622992,6.10838556,0.0,140.0,4.948759890378168
Central African Republic,2000,16.632,239.154133726071,4.3808217,0.0,140.0,4.948759890378168
Canada,2000,7.1,24271.0020563821,8.24808502,1.76745915413225,140.0,4.948759890378168
Switzerland,2000,8.7,38865.021939688,9.13442421,0.960466836994092,140.0,4.948759890378168
Chile,2000,5.011,5052.99245766325,7.00020742,0.0,140.0,4.948759890378168
China,2000,6.45,969.199513696287,4.4535861,0.0,140.0,4.948759890378168
Cote d'Ivoire,2000,13.478,936.636541348798,3.61476922,0.0,140.0,4.948759890378168
Cameroon,2000,13.275,708.565731625965,4.29573393,3.07792769766784,140.0,4.948759890378168
"Congo, Dem. Rep.",2000,14.619,377.925421481395,1.46594739,0.0,140.0,4.948759890378168
"Congo, Rep.",2000,11.257,1024.30159109181,1.50500846,0.0,140.0,4.948759890378168
Colombia,2000,5.574,2555.00751039968,5.63529348,67.8921586309151,850.9200000000001,6.747492625707128
Comoros,2000,10.606,633.309032776244,7.51525021,0.0,140.0,4.948759890378168
Cabo Verde,2000,6.35,1189.51479345891,3.86025023,0.0,140.0,4.948759890378168
Costa Rica,2000,3.916,3812.75388284924,6.56498718,6.3234257019066,140.0,4.948759890378168
Cuba,2000,7.354,2751.3817714814,6.58189821,5.28395235315237,140.0,4.948759890378168
Cyprus,2000,6.616,14388.3525390625,5.30800056,0.84417883295442,140.0,4.948759890378168
Czechia,2000,10.6,6062.92152842793,5.66916943,1.86581671388844,140.0,4.948759890378168
Germany,2000,10.2,23925.8559901991,9.75930405,1.66753754956225,140.0,4.948759890378168
Djibouti,2000,10.692,737.612183644052,3.39641857,0.0,140.0,4.948759890378168
Dominica,2000,9.729,4867.39896323759,5.32374382,2.91923924625243,140.0,4.948759890378168
Denmark,2000,10.9,30722.0251837567,8.11006165,1.08621178676501,140.0,4.948759890378168
Dominican Republic,2000,5.557,2831.45883638033,4.88427496,14.0956805476114,140.0,4.948759890378168
Algeria,2000,5.109,1772.92869122761,3.21485448,0.0,140.0,4.948759890378168
Ecuador,2000,5.168,1382.23421759909,3.57367969,14.4453488439446,140.0,4.948759890378168
"Egypt, Arab Rep.",2000,6.319,1366.09274372613,4.92244291,0.0,140.0,4.948759890378168
Eritrea,2000,11.145,314.357396753501,5.76670074,0.0,140.0,4.948759890378168
Spain,2000,8.9,14743.2671031455,6.80217838,1.34813027799556,140.0,4.948759890378168
Estonia,2000,13.2,4070.60902410208,5.17029095,10.2362424543503,140.0,4.948759890378168
Ethiopia,2000,14.681,122.269202606069,4.36504698,0.0,154.875,5.0490544040002
Finland,2000,9.5,24335.9225082659,7.09544373,2.85923954080999,140.0,4.948759890378168
Fiji,2000,6.818,1995.72071163264,3.42441177,0.0,140.0,4.948759890378168
France,2000,8.9,22340.5939516217,9.61744022,1.76687009797043,140.0,4.948759890378168
"Micronesia, Fed. Sts.",2000,6.888,2049.3453246655,7.76511145,0.0,140.0,4.948759890378168
Gabon,2000,9.746,3982.906200928,2.90471101,0.0,140.0,4.948759890378168
United Kingdom,2000,10.3,28383.8761094996,7.14559078,1.54256868130426,140.0,4.948759890378168
Georgia,2000,11.304,749.908534993961,7.194592,5.52172440449704,140.0,4.948759890378168
Ghana,2000,9.991,253.746936203344,1.66343236,0.0,140.0,4.948759890378168
Guinea,2000,14.892,518.157066924026,4.74101353,0.0,140.0,4.948759890378168
"Gambia, The",2000,11.332,538.054072348854,10.78532791,0.0,140.0,4.948759890378168
Guinea-Bissau,2000,15.769,316.945495037639,4.18953228,0.0,140.0,4.948759890378168
Equatorial Guinea,2000,13.592,1487.3165506701,1.22260201,0.0,140.0,4.948759890378168
Greece,2000,9.7,11638.2010697215,7.51388931,0.0,140.0,4.948759890378168
Grenada,2000,7.213,4839.82811114248,5.35886383,13.9598514671804,140.0,4.948759890378168
Guatemala,2000,6.25,1648.96578971559,5.39686108,24.8256222306266,190.0,5.25227342804663
Guyana,2000,7.759,931.796651718955,3.18737936,9.93682272708255,140.0,4.948759890378168
Honduras,2000,5.243,1092.56400746252,6.26817989,48.2838225250265,140.0,4.948759890378168
Heavily indebted poor countries (HIPC),2000,13.5725482727844,377.459385908018,3.68677641908706,0.0,140.0,4.948759890378168
Croatia,2000,11.2,4953.65158789022,7.65084314,2.3346638991268,140.0,4.948759890378168
Haiti,2000,10.393,820.600046761464,3.99165702,0.0,140.0,4.948759890378168
Hungary,2000,13.3,4629.91760812548,6.76979256,2.01165790099003,140.0,4.948759890378168
Indonesia,2000,7.431,763.711124950924,1.85297656,1.02000302761334,140.0,4.948759890378168
India,2000,8.628,442.750218937263,4.10568476,4.55297901231507,140.0,4.948759890378168
Ireland,2000,8.2,26334.5672050501,5.8990283,0.973022299304289,140.0,4.948759890378168
"Iran, Islamic Rep.",2000,4.957,1650.01385833785,4.72250843,0.0,140.0,4.948759890378168
Iceland,2000,6.5,32503.578963236,8.89924335,1.77758816837315,140.0,4.948759890378168
Israel,2000,6.0,21706.5194056329,6.59421921,2.51996726333437,140.0,4.948759890378168
Italy,2000,9.8,20190.0035636084,7.54701233,1.33747271243561,140.0,4.948759890378168
Jamaica,2000,6.92,3453.09252800226,5.97869205,34.0130054689232,140.0,4.948759890378168
Jordan,2000,3.731,1570.61002940477,9.34367943,0.0,140.0,4.948759890378168
Japan,2000,7.7,39169.3595701504,7.03456163,0.533741479197123,140.0,4.948759890378168
Kazakhstan,2000,10.622,1180.0444563226,4.16032028,14.9989331404008,140.0,4.948759890378168
Kenya,2000,9.942,414.626365130846,3.62451434,0.0,140.0,4.948759890378168
Kyrgyz Republic,2000,7.0,279.621738464365,4.41414976,8.73857279190491,140.0,4.948759890378168
Cambodia,2000,8.7,296.426687526334,6.48126554,4.58180534605208,140.0,4.948759890378168
Kiribati,2000,7.204,845.367240231973,7.77379847,3.38550776974033,140.0,4.948759890378168
St. Kitts and Nevis,2000,9.408,9319.65545093525,4.79933786,6.63020056356705,140.0,4.948759890378168
"Korea, Rep.",2000,5.2,12710.2995795579,3.71794796,0.791086129840636,140.0,4.948759890378168
Kuwait,2000,2.023,19296.3471698729,2.20362997,0.0,140.0,4.948759890378168
Lao PDR,2000,10.033,318.749852236965,4.27513599,0.0,140.0,4.948759890378168
Lebanon,2000,4.527,3986.83513941026,10.82951355,0.0,140.0,4.948759890378168
Liberia,2000,14.843,298.485340578945,2.69215393,0.0,140.0,4.948759890378168
Libya,2000,4.761,7214.10040377084,3.31908512,0.0,140.0,4.948759890378168
St. Lucia,2000,6.428,5879.56191426207,4.86549902,14.500428708327,140.0,4.948759890378168
Sri Lanka,2000,6.633,860.199884304769,4.10818672,0.0,140.0,4.948759890378168
Low & middle income,2000,8.23124170592565,1178.01096453065,4.94043822861145,0.0,140.0,4.948759890378168
Lesotho,2000,15.879,442.779545779081,5.15633392,0.0,140.0,4.948759890378168
Late-demographic dividend,2000,7.22186726899826,1677.20655312269,5.30742260601816,0.0,140.0,4.948759890378168
Lithuania,2000,11.1,3300.63634928559,6.18559313,10.5702145067909,140.0,4.948759890378168
Luxembourg,2000,8.6,48659.5988753233,5.92533875,0.917152470866079,140.0,4.948759890378168
Latvia,2000,13.6,3278.17896440803,5.57169294,10.0493494840736,140.0,4.948759890378168
Morocco,2000,6.458,1499.107421875,3.69304585,1.62190105414949,140.0,4.948759890378168
Monaco,2000,11.108,81789.0206522549,3.69517851,0.0,140.0,4.948759890378168
Moldova,2000,11.819,440.538683980372,5.92687273,10.2244020112084,140.0,4.948759890378168
Madagascar,2000,10.464,280.282905559649,3.99177623,0.0,140.0,4.948759890378168
Maldives,2000,4.412,2213.81235053178,7.73655844,0.0,140.0,4.948759890378168
Mexico,2000,5.481,7524.0271380091,4.24436522,10.8866310831903,4.5,1.7047480922384253
Marshall Islands,2000,6.745,2264.79114897645,13.52467632,0.0,140.0,4.948759890378168
North Macedonia,2000,8.5,1861.89899780644,8.86991501,2.28460045619096,140.0,4.948759890378168
Mali,2000,16.02,304.652870194271,5.4663372,0.0,140.0,4.948759890378168
Malta,2000,7.5,10348.4858902403,6.62621355,1.00026256892434,140.0,4.948759890378168
Myanmar,2000,9.983,196.619580625284,2.00781965,2.29847796378963,140.0,4.948759890378168
Mongolia,2000,7.08,476.02755082717,6.07605076,0.0,140.0,4.948759890378168
Mozambique,2000,15.664,327.12623979157,2.14253044,0.0,2.96,1.3762440252663892
Mauritania,2000,8.861,680.911061879778,3.37824655,0.0,140.0,4.948759890378168
Mauritius,2000,6.7,3981.98343249582,2.85734653,2.13705334044041,140.0,4.948759890378168
Malawi,2000,18.022,224.22415918428,2.35247517,6.18596313059929,140.0,4.948759890378168
Malaysia,2000,4.431,4083.52874483605,2.51463366,2.39900911780206,140.0,4.948759890378168
Namibia,2000,12.213,2156.67590512714,10.04545307,20.8946541027478,140.0,4.948759890378168
Niger,2000,17.7,194.771959898935,4.65891504,0.0,126.0,4.844187086458591
Nigeria,2000,17.439,547.318298903379,3.1973834,0.0,140.0,4.948759890378168
Nicaragua,2000,6.145,1017.3124434882,5.23883677,9.47710001137849,250.0,5.5254529391317835
Netherlands,2000,8.8,26225.1697734149,7.70382404,1.12088359004318,140.0,4.948759890378168
Norway,2000,9.8,38178.2368777076,7.70270586,1.06883592856346,140.0,4.948759890378168
Nepal,2000,8.369,223.830289183078,3.13292074,2.58692590461642,140.0,4.948759890378168
Nauru,2000,7.896,2648.60152860938,18.96671295,0.0,140.0,4.948759890378168
New Zealand,2000,6.91,13641.1027183822,7.46995974,1.34799747198628,140.0,4.948759890378168
Oman,2000,3.155,9753.84755185404,2.68485427,0.0,140.0,4.948759890378168
Pakistan,2000,8.899,642.338346499898,2.48079324,5.75029069524098,140.0,4.948759890378168
Panama,2000,4.829,3975.09310275544,6.98486614,9.93233884821742,140.0,4.948759890378168
Peru,2000,5.631,1945.41338451698,4.41482639,0.0,2.625,1.2878542883066382
Philippines,2000,5.394,1050.79273107952,3.05512357,7.20247586332285,18.0,2.9444389791664403
Palau,2000,9.922,7798.07504193852,8.63728905,0.0,140.0,4.948759890378168
Papua New Guinea,2000,7.785,635.957919047725,2.0184176,8.39795317499971,140.0,4.948759890378168
Poland,2000,9.6,4520.64100449111,5.26548243,2.23482252627397,140.0,4.948759890378168
Portugal,2000,10.2,11526.3720667968,8.60104179,1.12805303055093,140.0,4.948759890378168
Paraguay,2000,5.324,1736.11729210765,6.01865244,19.5064839944888,140.0,4.948759890378168
West Bank and Gaza,2000,4.5,1476.17185000238,9.46541214,1.33257503468264,140.0,4.948759890378168
Qatar,2000,1.854,27535.182940934,1.97258496,0.155041403806887,140.0,4.948759890378168
Romania,2000,11.4,1659.92904910528,4.20876169,2.52196954118502,140.0,4.948759890378168
Russian Federation,2000,15.3,1771.59411621094,5.01989794,28.0061484707895,140.0,4.948759890378168
Rwanda,2000,15.173,251.86926386091,3.57583427,0.0,157.615,5.066479882282167
Saudi Arabia,2000,3.234,11714.5623675159,4.2115941,1.06937181885064,140.0,4.948759890378168
Sudan,2000,9.972,362.116882324219,3.60664487,0.0,140.0,4.948759890378168
Senegal,2000,10.815,603.233162455158,3.55015373,0.0,141.35415,4.958317966793999
Singapore,2000,4.5,23852.8389514753,3.343364,1.01604735276297,140.0,4.948759890378168
Solomon Islands,2000,6.071,953.17190137706,4.82778931,0.0,140.0,4.948759890378168
Sierra Leone,2000,20.008,143.743743239644,5.29086494,0.0,140.0,4.948759890378168
El Salvador,2000,6.552,1982.87093542615,7.84342813,59.7472879846202,140.0,4.948759890378168
San Marino,2000,8.003,37600.7077379601,5.7876792,0.0,140.0,4.948759890378168
Serbia,2000,13.8,974.725469278615,5.80770588,2.96311487314067,140.0,4.948759890378168
Small states,2000,8.43846180373771,4846.98212617811,5.00269246151725,0.0,140.0,4.948759890378168
Sao Tome and Principe,2000,9.653,529.089383412262,9.31892776,0.0,140.0,4.948759890378168
Suriname,2000,8.055,1988.22172925433,5.87092161,14.2664425995976,140.0,4.948759890378168
Slovak Republic,2000,9.8,5421.6448441887,5.30743933,2.39776996241077,140.0,4.948759890378168
Slovenia,2000,9.3,10135.7219109212,7.85456371,1.81194433706997,140.0,4.948759890378168
Sweden,2000,10.5,29632.5890811623,7.32495546,1.08204358809711,140.0,4.948759890378168
Eswatini,2000,14.509,1629.67038842815,4.60951757,12.2909872015295,140.0,4.948759890378168
Seychelles,2000,6.8,8063.65500575169,4.61071777,0.0,140.0,4.948759890378168
Syrian Arab Republic,2000,4.385,1138.1884854278,4.57202911,2.1457050317925,140.0,4.948759890378168
Chad,2000,17.852,163.121663683369,4.20697546,0.0,140.0,4.948759890378168
East Asia & Pacific (IDA & IBRD countries),2000,6.57391795826851,972.833173916046,3.92103064513024,0.0,140.0,4.948759890378168
Europe & Central Asia (IDA & IBRD countries),2000,11.6001676864975,2044.35074576548,5.01418747092279,0.0,140.0,4.948759890378168
Togo,2000,11.903,409.889802792768,3.33427,0.0,140.0,4.948759890378168
Thailand,2000,6.395,2005.97694514234,3.10125351,8.16089242263043,5.29,1.8389610707123492
Tajikistan,2000,7.382,136.925716400723,4.26492405,4.50297391194904,140.0,4.948759890378168
Turkmenistan,2000,6.942,633.835487638011,4.03080034,5.82628887002073,140.0,4.948759890378168
Latin America & the Caribbean (IDA & IBRD countries),2000,6.08406671638166,4388.92611014216,6.3787639286004,0.0,140.0,4.948759890378168
"Middle East, North Africa, Afghanistan & Pakistan (IDA & IBRD)",2000,7.13128386834758,1246.01975069059,4.25960509272068,0.0,140.0,4.948759890378168
Tonga,2000,6.553,1995.07667546271,2.90389204,0.973923206155195,140.0,4.948759890378168
South Asia (IDA & IBRD),2000,8.55229720785149,440.467918910931,3.87482351524686,0.0,140.0,4.948759890378168
Sub-Saharan Africa (IDA & IBRD countries),2000,14.3282620832005,629.529731613317,4.89210703053956,0.0,140.0,4.948759890378168
Trinidad and Tobago,2000,6.846,6178.58975559687,4.23492479,9.0924623865668,140.0,4.948759890378168
Tunisia,2000,5.028,2199.04465936314,4.81271935,0.0,140.0,4.948759890378168
Turkiye,2000,5.822,4199.3798635759,4.59957218,0.0,140.0,4.948759890378168
Tuvalu,2000,10.015,1579.41906275542,22.2817421,0.0,140.0,4.948759890378168
Tanzania,2000,12.772,401.698150634766,3.41529942,0.0,140.0,4.948759890378168
Uganda,2000,14.786,258.050338731086,5.0827775,0.0,140.0,4.948759890378168
Ukraine,2000,15.171,653.294311523438,5.30685186,8.91504794713768,140.0,4.948759890378168
Uruguay,2000,9.504,6987.70098766257,9.17182446,6.55194336304211,140.0,4.948759890378168
United States,2000,8.5,36329.9560727102,12.49002075,5.53707946956534,140.0,4.948759890378168
Uzbekistan,2000,7.006,555.149231099186,5.13293362,4.30870073731431,140.0,4.948759890378168
St. Vincent and the Grenadines,2000,7.909,3768.95536604022,3.98284125,17.614161786076,140.0,4.948759890378168
Viet Nam,2000,5.486,404.029784055118,4.10752726,0.0,140.0,4.948759890378168
Vanuatu,2000,5.334,1460.23817692229,3.30683255,0.0,140.0,4.948759890378168
Samoa,2000,5.337,1424.75240002471,4.28232527,0.0,140.0,4.948759890378168
"Yemen, Rep.",2000,7.905,493.235182634814,4.66606569,3.55174790967278,140.0,4.948759890378168
South Africa,2000,10.393,3217.84693448467,7.3366189,46.1368317963984,0.68925,0.524284643450147
Zambia,2000,16.198,359.429500988221,4.12029076,7.95597242721496,140.0,4.948759890378168
Angola,2001,17.606,533.586202412447,3.95882654,0.0,140.0,4.948759890378168
Albania,2001,5.625,1326.41652388077,5.8561573,6.98868960005159,140.0,4.948759890378168
Andorra,2001,6.293,23511.2969500881,5.86402225,0.0,140.0,4.948759890378168
United Arab Emirates,2001,1.801,27745.1708087672,2.48436403,0.0,140.0,4.948759890378168
Argentina,2001,7.496,7141.47507662826,8.26966286,8.31631763979875,140.0,4.948759890378168
Armenia,2001,7.5,659.588988535629,4.64563894,2.85311376029208,219.5,5.395897694886901
Antigua and Barbuda,2001,6.148,11539.1825063308,4.95880318,9.20217171252416,140.0,4.948759890378168
Australia,2001,6.6,19733.6510102645,7.67391729,1.79185252403083,140.0,4.948759890378168
Austria,2001,9.3,24430.495982841,9.45243549,0.870405077197159,140.0,4.948759890378168
Azerbaijan,2001,5.6,703.670998584686,2.774194,2.64185728383987,140.0,4.948759890378168
Burundi,2001,15.219,132.159554541932,5.68180418,0.0,140.0,4.948759890378168
Belgium,2001,10.1,23015.0712632462,8.14988899,2.74132280198769,140.0,4.948759890378168
Benin,2001,11.761,492.401499509072,3.30417323,0.0,140.0,4.948759890378168
Burkina Faso,2001,14.998,259.485223380436,3.95983911,0.0,152.2009,5.031750131962864
Bangladesh,2001,7.934,394.65641001891,1.77201855,2.68848229951461,993.0,6.901737206656574
Bulgaria,2001,14.0,1770.90704918691,6.85958815,3.8847432008165,140.0,4.948759890378168
Bahrain,2001,2.528,13573.2339887597,3.3434751,1.28579602560448,140.0,4.948759890378168
"Bahamas, The",2001,6.485,25371.9237667614,3.92440891,13.1163142546883,140.0,4.948759890378168
Bosnia and Herzegovina,2001,7.483,1387.89362942121,7.5734477,1.96198627662379,140.0,4.948759890378168
Belarus,2001,14.1,1244.37318523431,5.7064805,9.75038903448508,140.0,4.948759890378168
Belize,2001,5.598,4718.77715104739,3.45384741,25.7671255764891,140.0,4.948759890378168
Bolivia,2001,9.563,930.168227214313,4.82522202,0.0,140.0,4.948759890378168
Brazil,2001,6.189,3176.28975052524,8.54963303,27.2006084949971,140.0,4.948759890378168
Barbados,2001,9.041,11639.5160522054,5.10418987,9.52651323899545,140.0,4.948759890378168
Brunei Darussalam,2001,3.472,18287.8272281914,2.5465107,0.0,140.0,4.948759890378168
Bhutan,2001,7.65,812.238210772056,4.60037947,3.11070253579559,140.0,4.948759890378168
Botswana,2001,12.657,3206.07123689853,6.3660779,12.4397431689457,140.0,4.948759890378168
Central African Republic,2001,16.539,237.951702544735,4.01043987,0.0,140.0,4.948759890378168
Canada,2001,7.1,23822.096210932,8.62476349,1.77486867333404,140.0,4.948759890378168
Switzerland,2001,8.5,39638.7911061864,9.46040058,1.19008237930126,140.0,4.948759890378168
Chile,2001,4.969,4563.5952986689,7.09733105,0.0,140.0,4.948759890378168
China,2001,6.43,1065.40597574519,4.19752026,0.0,140.0,4.948759890378168
Cote d'Ivoire,2001,13.36,924.727294962066,3.59047151,0.0,140.0,4.948759890378168
Cameroon,2001,13.071,715.470296470585,4.16830397,4.9315814918857,140.0,4.948759890378168
"Congo, Dem. Rep.",2001,14.382,142.678142604412,2.62310982,0.0,140.0,4.948759890378168
"Congo, Rep.",2001,11.151,854.598314408095,2.18529987,0.0,140.0,4.948759890378168
Colombia,2001,5.531,2472.99084035833,5.94238281,70.1095871523678,952.95,6.86061125917332
Comoros,2001,10.24,681.163857619963,6.6571784,0.0,140.0,4.948759890378168
Cabo Verde,2001,6.102,1223.33055331575,3.69652915,0.0,140.0,4.948759890378168
Costa Rica,2001,3.893,3985.12984506207,6.47409868,6.41066095411089,140.0,4.948759890378168
Cuba,2001,7.28,2842.96704310394,6.9820981,5.42886606152906,140.0,4.948759890378168
Cyprus,2001,6.539,14821.44921875,5.33940458,0.726045427625199,140.0,4.948759890378168
Czechia,2001,10.5,6669.07494847497,5.83479309,1.31939840124098,140.0,4.948759890378168
Germany,2001,10.1,23878.3641471651,9.78105545,1.44140608883251,140.0,4.948759890378168
Djibouti,2001,10.307,742.133791107063,3.1960845,0.0,140.0,4.948759890378168
Dominica,2001,9.876,5527.51527300496,4.64501858,1.46438612933458,140.0,4.948759890378168
Denmark,2001,10.9,30768.4775471112,8.44370651,0.970361429775316,140.0,4.948759890378168
Dominican Republic,2001,5.552,2935.89367312668,4.88183308,12.5569312052756,140.0,4.948759890378168
Algeria,2001,5.022,1896.30020878013,3.53628588,0.0,140.0,4.948759890378168
Ecuador,2001,5.052,1791.30359685037,4.06365538,12.8420209514706,140.0,4.948759890378168
"Egypt, Arab Rep.",2001,6.235,1295.1374184163,5.40030336,0.0,140.0,4.948759890378168
Eritrea,2001,9.892,325.409161513593,5.91931677,0.0,140.0,4.948759890378168
Spain,2001,8.8,15368.2337984435,6.76929569,1.3989371157037,140.0,4.948759890378168
Estonia,2001,13.3,4502.66614992392,4.78399181,9.86909758628527,140.0,4.948759890378168
Ethiopia,2001,14.222,118.457204255261,4.72316694,0.0,105.625,4.669318005811843
Finland,2001,9.4,24965.202996776,7.25165653,3.00695589855842,140.0,4.948759890378168
Fiji,2001,6.946,1944.997414609,2.90547299,0.0,140.0,4.948759890378168
France,2001,8.8,22331.7948343036,9.75719261,1.74776357833476,140.0,4.948759890378168
"Micronesia, Fed. Sts.",2001,6.702,2103.74859460914,8.48781967,0.0,140.0,4.948759890378168
Gabon,2001,9.602,3835.75718279727,3.15198207,0.0,140.0,4.948759890378168
United Kingdom,2001,10.2,28013.8729635508,7.43276882,1.62595894048872,140.0,4.948759890378168
Georgia,2001,11.39,801.98383707929,7.16950893,6.24757030684241,140.0,4.948759890378168
Ghana,2001,9.866,263.542156494853,1.86866331,2.14706465642242,140.0,4.948759890378168
Guinea,2001,14.662,483.085120214741,4.88433027,0.0,140.0,4.948759890378168
"Gambia, The",2001,10.983,459.803068381399,8.29925728,0.0,140.0,4.948759890378168
Guinea-Bissau,2001,15.264,327.138431972397,4.12891531,0.0,140.0,4.948759890378168
Equatorial Guinea,2001,13.251,1948.61145907844,1.32559299,0.0,140.0,4.948759890378168
Greece,2001,9.4,12156.9572824221,8.24545956,1.21735690880249,140.0,4.948759890378168
Grenada,2001,7.262,4819.50776653843,5.62456989,5.55622436033967,140.0,4.948759890378168
Guatemala,2001,6.126,1537.68663578252,6.07023716,26.9854300399802,4.035,1.6164135261705257
Guyana,2001,7.632,931.574723847673,3.05506778,10.4646637736232,140.0,4.948759890378168
Honduras,2001,5.148,1132.1648753329,5.92998314,51.6129566869927,140.0,4.948759890378168
Heavily indebted poor countries (HIPC),2001,13.1797515422528,355.171230947666,4.0024868628012,0.0,140.0,4.948759890378168
Croatia,2001,11.2,5364.83824691607,7.16995239,1.883250336631,140.0,4.948759890378168
Haiti,2001,10.14,748.821159844528,3.7502923,0.0,140.0,4.948759890378168
Hungary,2001,13.0,5280.94887987063,6.8197937,2.49835492180838,140.0,4.948759890378168
Indonesia,2001,7.391,732.307093405708,2.11850214,0.0,140.0,4.948759890378168
India,2001,8.482,450.357900514128,4.33754253,4.30652763410509,140.0,4.948759890378168
Ireland,2001,7.8,28282.409882073,6.39249372,1.34611068498654,140.0,4.948759890378168
"Iran, Islamic Rep.",2001,4.91,1881.02266635283,5.16087341,0.0,140.0,4.948759890378168
Iceland,2001,6.1,29208.1981853568,8.75266171,0.350812569614369,140.0,4.948759890378168
Israel,2001,5.8,20966.3052667971,6.99914265,3.0830759577264,140.0,4.948759890378168
Italy,2001,9.6,20570.4385917862,7.71115828,1.23722291409081,140.0,4.948759890378168
Jamaica,2001,6.847,3503.55026688858,5.15652943,43.4003466693187,140.0,4.948759890378168
Jordan,2001,3.702,1632.29454010563,9.57236385,0.0,140.0,4.948759890378168
Japan,2001,7.7,34406.1824638092,7.23947906,0.547696989948495,140.0,4.948759890378168
Kazakhstan,2001,10.528,1422.27331810957,3.47098041,13.8678890954092,140.0,4.948759890378168
Kenya,2001,9.709,410.700452474814,3.74002314,0.0,140.0,4.948759890378168
Kyrgyz Republic,2001,6.6,308.41129550148,4.27703238,7.7778062113238,140.0,4.948759890378168
Cambodia,2001,8.303,327.500984314444,6.76028347,3.21523493650583,140.0,4.948759890378168
Kiribati,2001,7.045,718.833787096781,11.90547657,4.42798709241763,140.0,4.948759890378168
St. Kitts and Nevis,2001,9.218,10022.5919235637,4.39693737,13.1117448454453,140.0,4.948759890378168
"Korea, Rep.",2001,5.1,11981.4828218758,4.16983986,0.865486201280152,140.0,4.948759890378168
Kuwait,2001,2.025,17374.2318664227,3.18719625,1.94211356235168,140.0,4.948759890378168
Lao PDR,2001,9.682,320.316005439568,4.29031658,0.0,140.0,4.948759890378168
Lebanon,2001,4.436,4009.55929751102,10.56254768,0.0,140.0,4.948759890378168
Liberia,2001,13.978,300.463828598983,2.15581036,0.0,140.0,4.948759890378168
Libya,2001,4.778,6312.80030498965,3.92571616,0.0,140.0,4.948759890378168
St. Lucia,2001,6.426,5570.45247098106,5.12139463,21.2186362033619,140.0,4.948759890378168
Sri Lanka,2001,6.482,803.544026627385,4.05662823,0.0,140.0,4.948759890378168
Low & middle income,2001,8.13745852917591,1162.27956492439,4.95667787085931,0.0,140.0,4.948759890378168
Lesotho,2001,17.126,412.677473676821,6.59075689,0.0,140.0,4.948759890378168
Late-demographic dividend,2001,7.20824747029862,1722.30765767874,5.21288367634378,0.0,140.0,4.948759890378168
Lithuania,2001,11.6,3532.52787363242,6.00193262,10.1641115299608,140.0,4.948759890378168
Luxembourg,2001,8.4,48440.1420151355,6.38193941,2.03734452514592,140.0,4.948759890378168
Latvia,2001,14.1,3504.61829462397,5.89092207,9.36577455169373,140.0,4.948759890378168
Morocco,2001,6.379,1506.24523925781,3.81601191,1.88445856997879,140.0,4.948759890378168
Monaco,2001,10.947,82402.7809570189,3.75409245,3.08194902456313,140.0,4.948759890378168
Moldova,2001,11.926,507.404076252819,6.23449755,9.80960768729548,140.0,4.948759890378168
Madagascar,2001,10.02,319.283278235657,4.11513853,0.0,140.0,4.948759890378168
Maldives,2001,4.211,3033.93234507036,8.21364975,2.44100185690498,140.0,4.948759890378168
Mexico,2001,5.433,7952.76479510706,4.58201361,10.2748177070264,6.21,1.9754689512968577
Marshall Islands,2001,6.619,2394.34501105178,11.18965435,0.0,140.0,4.948759890378168
North Macedonia,2001,8.3,1823.02267682636,8.3815918,2.66176128260113,140.0,4.948759890378168
Mali,2001,15.536,346.224554251022,4.51952076,0.0,140.0,4.948759890378168
Malta,2001,7.4,10357.7025891731,7.0297122,1.48963031099757,140.0,4.948759890378168
Myanmar,2001,9.918,141.525660705722,2.16208982,2.00126112222443,140.0,4.948759890378168
Mongolia,2001,7.0,524.453483552485,5.4423995,0.0,140.0,4.948759890378168
Mozambique,2001,15.044,304.792138621913,2.80098224,5.93384443153743,4.29,1.665818245870208
Mauritania,2001,8.578,651.817840199777,3.5718379,0.0,140.0,4.948759890378168
Mauritius,2001,6.7,3908.55694927435,2.92151856,0.0,140.0,4.948759890378168
Malawi,2001,17.367,215.474524898357,2.06040049,7.76326626834498,140.0,4.948759890378168
Malaysia,2001,4.359,3943.79943910239,2.6753974,2.19751834720607,140.0,4.948759890378168
Namibia,2001,12.742,1915.58926594875,10.46567631,19.008663211721,140.0,4.948759890378168
Niger,2001,17.076,205.417936120931,4.72659349,0.0,171.75,5.151845462647779
Nigeria,2001,17.149,566.428231812933,3.18946862,0.0,140.0,4.948759890378168
Nicaragua,2001,5.982,1051.874235891,5.48459768,10.5546083051206,268.53999999999996,5.596716802341013
Netherlands,2001,8.7,26955.7128032278,8.04176903,1.24824619864232,140.0,4.948759890378168
Norway,2001,9.7,38601.897639231,8.00972462,0.819734419341124,140.0,4.948759890378168
Nepal,2001,8.046,240.795114544664,3.81229901,3.39924065453341,14.4,2.7343675094195836
Nauru,2001,7.917,2232.30874026726,16.22330093,0.0,140.0,4.948759890378168
New Zealand,2001,7.16,13882.8568268586,7.5789361,1.31046023491927,140.0,4.948759890378168
Oman,2001,3.062,9611.96360191054,2.70073724,0.0,140.0,4.948759890378168
Pakistan,2001,8.685,609.939506905073,2.33959723,6.02307111869464,140.0,4.948759890378168
Panama,2001,4.763,3991.77672094655,6.91849852,9.9689317914936,140.0,4.948759890378168
Peru,2001,5.592,1929.57273038846,4.72161007,0.0,2.6,1.2809338454620642
Philippines,2001,5.421,969.530611744453,2.84775972,7.18905777250657,17.125,2.8972922007407385
Palau,2001,9.961,8239.26354006532,7.79659462,0.0,140.0,4.948759890378168
Papua New Guinea,2001,7.779,537.847459634131,2.3006382,7.6111531673875,140.0,4.948759890378168
Poland,2001,9.5,5015.23790036613,5.64010143,2.02889838935666,140.0,4.948759890378168
Portugal,2001,10.1,11734.7649743954,8.62751579,1.01406904912049,140.0,4.948759890378168
Paraguay,2001,5.264,1637.68615122932,5.60815811,25.3291976446545,140.0,4.948759890378168
West Bank and Gaza,2001,4.4,1335.55319529359,10.3154583,1.72717697549722,140.0,4.948759890378168
Qatar,2001,1.831,25870.7991864314,2.3197093,0.737544713648265,140.0,4.948759890378168
Romania,2001,11.7,1825.19299373184,4.37598133,3.18888061508443,140.0,4.948759890378168
Russian Federation,2001,15.6,2100.3525390625,5.24284792,29.3743483488237,140.0,4.948759890378168
Rwanda,2001,14.257,237.308846200901,3.31599975,0.0,140.531,4.95251877436058
Saudi Arabia,2001,3.103,10805.311325122,4.46173573,1.34378654519932,140.0,4.948759890378168
Sudan,2001,9.781,451.293304443359,3.36456871,0.0,54.95,4.024458434757935
Senegal,2001,10.493,637.213530563724,3.68148756,0.0,163.90625,5.105377130605941
Singapore,2001,4.3,21699.7414868907,3.16302657,0.777422484904642,140.0,4.948759890378168
Solomon Islands,2001,6.034,911.791935385411,6.60712814,0.0,140.0,4.948759890378168
Sierra Leone,2001,19.156,358.315716051546,5.22183514,0.0,140.0,4.948759890378168
El Salvador,2001,6.672,2058.04459070452,7.88604879,60.1535507350797,140.0,4.948759890378168
San Marino,2001,7.925,39035.1034290445,5.64127541,0.0,140.0,4.948759890378168
Serbia,2001,13.2,1812.42088281393,6.19155836,3.17567065132744,140.0,4.948759890378168
Small states,2001,8.40932134292821,4839.48717828642,4.95635268195477,0.0,140.0,4.948759890378168
Sao Tome and Principe,2001,9.421,518.88050130005,9.64001942,0.0,140.0,4.948759890378168
Suriname,2001,8.198,1714.64846637242,3.82474971,16.236452068041,140.0,4.948759890378168
Slovak Republic,2001,9.7,5712.47802761654,5.34054947,2.19353809701647,140.0,4.948759890378168
Slovenia,2001,9.3,10375.6255869861,7.95505714,1.40726217646163,140.0,4.948759890378168
Sweden,2001,10.5,27259.3174300217,7.89248943,0.977965262336652,140.0,4.948759890378168
Eswatini,2001,15.482,1429.85630359447,5.13895369,17.5060617117218,140.0,4.948759890378168
Seychelles,2001,6.8,8153.2986369879,4.54768324,0.0,140.0,4.948759890378168
Syrian Arab Republic,2001,4.265,1186.82913474027,4.71458244,2.20510561121672,140.0,4.948759890378168
Chad,2001,17.478,194.32295331156,4.08039331,0.0,140.0,4.948759890378168
East Asia & Pacific (IDA & IBRD countries),2001,6.55058841394258,1026.6492096959,3.81728486568705,0.0,140.0,4.948759890378168
Europe & Central Asia (IDA & IBRD countries),2001,11.6793907963163,2080.98419116363,5.29911318941197,0.0,140.0,4.948759890378168
Togo,2001,11.79,396.692654520135,3.4422195,0.0,146.5,4.993828175779875
Thailand,2001,6.429,1889.93432467144,3.02623773,7.88673994165525,6.414,2.0033701047285404
Tajikistan,2001,7.062,168.676285365186,4.57802534,3.63643344226506,140.0,4.948759890378168
Turkmenistan,2001,6.806,756.034976276398,4.7660532,5.30434820736023,140.0,4.948759890378168
Latin America & the Caribbean (IDA & IBRD countries),2001,6.05294026650126,4222.97461927511,6.43873275653323,0.0,140.0,4.948759890378168
"Middle East, North Africa, Afghanistan & Pakistan (IDA & IBRD)",2001,6.97450453965445,1225.81474139888,4.54220365544495,0.0,140.0,4.948759890378168
Tonga,2001,6.529,1753.51667576626,3.42501593,5.80897195718788,140.0,4.948759890378168
South Asia (IDA & IBRD),2001,8.38139281240631,446.418919348871,4.084068875594,0.0,140.0,4.948759890378168
Sub-Saharan Africa (IDA & IBRD countries),2001,14.0683997098423,587.39704857074,4.90534830473164,0.0,140.0,4.948759890378168
Trinidad and Tobago,2001,6.856,6657.41466937221,4.0346489,11.3913517762588,140.0,4.948759890378168
Tunisia,2001,5.067,2235.71981624751,4.86132765,0.0,140.0,4.948759890378168
Turkiye,2001,5.791,3052.2256706793,4.88784933,0.0,140.0,4.948759890378168
Tuvalu,2001,9.892,1456.78409421177,17.96548271,0.0,140.0,4.948759890378168
Tanzania,2001,12.242,396.638732910156,4.23551702,0.0,140.0,4.948759890378168
Uganda,2001,14.101,236.021188853993,5.05208397,0.0,140.0,4.948759890378168
Ukraine,2001,15.41,800.49072265625,5.72534418,9.88456693180039,140.0,4.948759890378168
Uruguay,2001,9.364,6382.76104740859,9.75702,6.65801023531638,140.0,4.948759890378168
United States,2001,8.5,37133.623113437,13.16817093,6.69516821550341,140.0,4.948759890378168
Uzbekistan,2001,6.889,454.415812256778,5.23737431,4.30844092727932,140.0,4.948759890378168
St. Vincent and the Grenadines,2001,8.068,4071.08601098962,4.01057482,10.572594074061,140.0,4.948759890378168
Viet Nam,2001,5.482,419.205677580901,4.80107498,1.28768529987055,140.0,4.948759890378168
Vanuatu,2001,5.354,1350.18338238522,3.38728333,0.0,140.0,4.948759890378168
Samoa,2001,5.272,1453.87021324606,3.81804991,0.0,140.0,4.948759890378168
"Yemen, Rep.",2001,7.597,487.141257946318,4.94514799,0.0,140.0,4.948759890378168
South Africa,2001,11.074,2847.15191945908,7.12327909,44.9998733885833,1.0034,0.6948457371955268
Zambia,2001,15.459,396.548952993504,4.77853632,0.0,140.0,4.948759890378168
Afghanistan,2002,11.187,178.954088379235,9.44339085,0.0,16.0,2.833213344056216
Angola,2002,17.071,999.065855913758,2.9398222,0.0,140.0,4.948759890378168
Albania,2002,5.69,1479.83884572006,5.59802675,6.89194828996724,140.0,4.948759890378168
Andorra,2002,6.486,26528.1300628236,5.99621153,0.0,140.0,4.948759890378168
United Arab Emirates,2002,1.646,27753.6089526346,2.71770859,0.0,140.0,4.948759890378168
Argentina,2002,7.531,2569.69963519124,7.33203077,9.38748649102565,140.0,4.948759890378168
Armenia,2002,8.0,742.651118319819,7.61358786,2.25812680200155,225.0,5.420534999272286
Antigua and Barbuda,2002,6.164,11658.6949915956,4.79512262,6.49080901443556,140.0,4.948759890378168
Australia,2002,6.8,20335.0960191023,7.87221003,1.86778958584828,140.0,4.948759890378168
Austria,2002,9.4,26334.862215032,9.59139919,0.804292546441553,140.0,4.948759890378168
Azerbaijan,2002,5.7,763.108895463487,2.73097301,2.54619986576002,140.0,4.948759890378168
Burundi,2002,14.457,120.952308575468,5.34983587,0.0,140.0,4.948759890378168
Belgium,2002,10.2,25006.191397109,8.3182106,3.08720442799957,140.0,4.948759890378168
Benin,2002,11.583,546.463829658159,3.09589195,0.0,145.0,4.983606621708336
Burkina Faso,2002,14.727,285.654087637533,4.17985535,0.634502436611376,161.0,5.087596335232384
Bangladesh,2002,7.598,393.886422327628,1.93417108,2.52134727497062,1082.5,6.987951820976414
Bulgaria,2002,14.4,2092.98288625558,7.0809865,3.2434732256055,140.0,4.948759890378168
Bahrain,2002,2.434,13501.4708801425,3.52897096,1.06355046380771,140.0,4.948759890378168
"Bahamas, The",2002,6.499,26781.6195938652,3.81251931,15.6808819893008,140.0,4.948759890378168
Bosnia and Herzegovina,2002,7.49,1606.5467454132,7.39934349,2.14899585184106,140.0,4.948759890378168
Belarus,2002,14.8,1479.38066337175,5.62404203,10.0167626319454,140.0,4.948759890378168
Belize,2002,5.384,4858.86062599362,3.55506229,33.9832466500136,140.0,4.948759890378168
Bolivia,2002,9.356,888.221328974352,4.89645052,0.0,140.0,4.948759890378168
Brazil,2002,6.126,2855.94017137049,8.69686985,27.848196026942,140.0,4.948759890378168
Barbados,2002,9.036,11760.4524736133,5.41338634,9.46439117464452,140.0,4.948759890378168
Brunei Darussalam,2002,3.487,18621.2922577525,2.53447938,0.0,140.0,4.948759890378168
Bhutan,2002,7.5,895.799489930972,3.95161104,3.04287978142514,140.0,4.948759890378168
Botswana,2002,12.652,3117.25087183011,6.66529799,14.6151696864186,140.0,4.948759890378168
Central African Republic,2002,16.298,248.639290978403,4.23633623,0.0,140.0,4.948759890378168
Canada,2002,7.1,24256.0192337185,8.85665226,1.84553461879682,140.0,4.948759890378168
Switzerland,2002,8.5,42458.7384679187,9.88000107,1.18152122781488,140.0,4.948759890378168
Chile,2002,5.013,4430.84741157984,7.20833778,0.0,140.0,4.948759890378168
China,2002,6.41,1163.55957673426,4.32156181,2.04185850578199,140.0,4.948759890378168
Cote d'Ivoire,2002,13.183,967.815864415991,3.54146051,0.0,140.0,4.948759890378168
Cameroon,2002,12.849,789.623811072554,4.02669907,6.55621886133867,140.0,4.948759890378168
"Congo, Dem. Rep.",2002,14.204,162.38052907429,2.57012939,0.0,140.0,4.948759890378168
"Congo, Rep.",2002,10.905,905.538135544704,1.70167828,0.0,140.0,4.948759890378168
Colombia,2002,5.46,2428.92969771584,5.73296595,70.3960948977152,1005.335,6.9140702972148995
Comoros,2002,10.125,764.61349832543,6.68594599,0.0,140.0,4.948759890378168
Cabo Verde,2002,5.836,1328.57874270666,3.72489762,0.0,140.0,4.948759890378168
Costa Rica,2002,3.862,4067.71851429092,6.8690877,6.33019318130238,140.0,4.948759890378168
Cuba,2002,7.326,3005.21104247868,7.11481619,5.91370923052175,140.0,4.948759890378168
Cyprus,2002,6.287,16093.2158203125,5.61565971,0.203782197587219,140.0,4.948759890378168
Czechia,2002,10.6,8101.26018588111,6.14656258,1.35749240097239,140.0,4.948759890378168
Germany,2002,10.2,25486.5942008748,10.028965,1.42807834640079,140.0,4.948759890378168
Djibouti,2002,10.171,743.013270420348,3.75243783,0.0,140.0,4.948759890378168
Dominica,2002,9.914,5488.02784969357,4.6531105,13.1642459081136,140.0,4.948759890378168
Denmark,2002,10.9,33257.1622586509,8.69506168,0.892863952273446,140.0,4.948759890378168
Dominican Republic,2002,5.549,3065.60329524196,4.98649025,14.4483285859447,140.0,4.948759890378168
Algeria,2002,4.88,1937.46411413019,3.44169641,0.0,140.0,4.948759890378168
Ecuador,2002,4.908,2059.1585535974,4.81404829,14.5070142098716,140.0,4.948759890378168
"Egypt, Arab Rep.",2002,6.175,1116.82884626213,5.5107379,0.0,140.0,4.948759890378168
Eritrea,2002,9.736,304.775756465092,6.68857431,0.0,140.0,4.948759890378168
Spain,2002,8.8,17111.0685058941,6.79878616,1.35071366537132,140.0,4.948759890378168
Estonia,2002,13.3,5343.18310760735,4.70192671,10.2940696734533,140.0,4.948759890378168
Ethiopia,2002,13.697,109.593813612988,4.7126298,0.0,113.875,4.743844580675851
Finland,2002,9.5,26989.389260959,7.63005877,2.5381950279836,140.0,4.948759890378168
Fiji,2002,7.478,2136.56794118683,2.98349524,0.0,140.0,4.948759890378168
France,2002,8.8,24144.5727019529,10.08250141,1.85488321960253,140.0,4.948759890378168
"Micronesia, Fed. Sts.",2002,7.169,2113.45987332485,7.96301365,0.0,140.0,4.948759890378168
Gabon,2002,9.452,3966.48001864663,3.32970691,0.0,140.0,4.948759890378168
United Kingdom,2002,10.2,30158.7017807858,7.85946798,1.85923045695602,140.0,4.948759890378168
Georgia,2002,11.646,853.526171868939,7.81474257,7.07390645461259,140.0,4.948759890378168
Ghana,2002,9.722,297.46164468774,1.94694591,1.93445170691966,140.0,4.948759890378168
Guinea,2002,14.157,495.916073559269,5.35653734,0.0,140.0,4.948759890378168
"Gambia, The",2002,10.623,376.531026962584,6.2326026,0.0,140.0,4.948759890378168
Guinea-Bissau,2002,14.758,362.034574570354,3.87280011,0.0,140.0,4.948759890378168
Equatorial Guinea,2002,12.925,2264.21065580365,2.88730073,0.0,140.0,4.948759890378168
Greece,2002,9.5,13782.195640943,8.46998692,0.863154597737589,140.0,4.948759890378168
Grenada,2002,7.275,4984.47405931447,6.17569733,12.9145930288872,140.0,4.948759890378168
Guatemala,2002,5.974,1669.33517469705,6.01301289,29.6482816428349,68.42500000000001,4.240247033192864
Guyana,2002,7.764,950.866932470993,3.19353795,18.7258070429986,140.0,4.948759890378168
Honduras,2002,5.043,1132.49965345317,6.2445755,52.2131990441944,140.0,4.948759890378168
Heavily indebted poor countries (HIPC),2002,12.7936040372969,374.531772057964,4.19172125163753,0.0,140.0,4.948759890378168
Croatia,2002,11.4,6219.58164143945,6.14300489,1.69539490101855,140.0,4.948759890378168
Haiti,2002,9.878,720.969568042522,3.43250132,0.0,140.0,4.948759890378168
Hungary,2002,13.1,6658.04494326809,7.1181159,2.00227539364808,140.0,4.948759890378168
Indonesia,2002,7.315,881.002913569131,1.98062706,0.0,140.0,4.948759890378168
India,2002,8.294,469.149928973927,4.31453371,4.16690817646815,140.0,4.948759890378168
Ireland,2002,7.5,32705.4345565698,6.67263031,1.32367963592701,140.0,4.948759890378168
"Iran, Islamic Rep.",2002,4.887,1891.25756091033,4.65182209,0.0,140.0,4.948759890378168
Iceland,2002,6.3,32749.379004627,9.40382481,1.39078673328535,140.0,4.948759890378168
Israel,2002,5.8,19076.4584298321,6.90767479,3.2562481805909,140.0,4.948759890378168
Italy,2002,9.8,22451.3964379368,7.83638906,1.12154817534866,140.0,4.948759890378168
Jamaica,2002,6.716,3680.64551727724,5.57934141,39.5747662958568,140.0,4.948759890378168
Jordan,2002,3.684,1706.26744384401,9.2786417,0.0,140.0,4.948759890378168
Japan,2002,7.8,32820.7936433254,7.35235405,0.519278415107055,140.0,4.948759890378168
Kazakhstan,2002,10.447,1573.55219932325,3.6148138,12.5633296080858,140.0,4.948759890378168
Kenya,2002,9.535,402.936385605382,3.82159472,0.0,140.0,4.948759890378168
Kyrgyz Republic,2002,7.1,321.726775366804,4.59219551,8.23403408769907,140.0,4.948759890378168
Cambodia,2002,7.936,350.147276634294,6.91952753,3.30604459301852,140.0,4.948759890378168
Kiribati,2002,6.936,810.10870037444,11.4402895,0.0,140.0,4.948759890378168
St. Kitts and Nevis,2002,9.001,10453.6587064313,4.45210552,10.8647233298204,140.0,4.948759890378168
"Korea, Rep.",2002,5.1,13642.9424537101,3.90854764,0.783818725484695,140.0,4.948759890378168
Kuwait,2002,2.034,18512.7523035862,3.12441754,1.11651921735886,140.0,4.948759890378168
Lao PDR,2002,9.417,313.350817148131,3.69751263,0.0,140.0,4.948759890378168
Lebanon,2002,4.348,4290.85283803266,9.28233719,0.0,140.0,4.948759890378168
Liberia,2002,13.358,299.536445539621,2.16462922,0.0,140.0,4.948759890378168
Libya,2002,4.779,3718.29434696755,4.73818302,0.0,140.0,4.948759890378168
St. Lucia,2002,6.353,5567.89428424719,5.38887024,25.9835066598202,140.0,4.948759890378168
Sri Lanka,2002,6.406,834.936014905338,4.03715754,0.0,140.0,4.948759890378168
Low & middle income,2002,8.03845393737196,1168.21008818899,4.81771493656535,0.0,140.0,4.948759890378168
Lesotho,2002,18.198,388.92334985135,5.8607502,0.0,140.0,4.948759890378168
Late-demographic dividend,2002,7.23150994627614,1814.54824372473,5.25902554562339,0.0,140.0,4.948759890378168
Lithuania,2002,11.9,4148.13091485015,6.13477659,8.50742461528947,140.0,4.948759890378168
Luxembourg,2002,8.4,53005.7339209179,6.76099968,1.34412064826939,140.0,4.948759890378168
Latvia,2002,14.1,4003.60935783538,5.95477772,9.25865435409853,140.0,4.948759890378168
Morocco,2002,6.32,1596.02062988281,4.06117535,1.58229248940382,140.0,4.948759890378168
Monaco,2002,10.532,90051.4459877468,3.80900764,0.0,140.0,4.948759890378168
Moldova,2002,12.112,570.799866188293,7.40437651,9.67914129361844,140.0,4.948759890378168
Madagascar,2002,9.688,304.941777398445,4.92866945,0.0,140.0,4.948759890378168
Maldives,2002,4.069,3076.07007160101,8.78440189,2.74333369911116,140.0,4.948759890378168
Mexico,2002,5.45,7983.03398381759,4.83042812,9.93415725652767,8.5,2.2512917986064953
Marshall Islands,2002,6.615,2566.06708799222,12.06634617,0.0,140.0,4.948759890378168
North Macedonia,2002,8.9,1989.13537265159,8.97826958,2.8922855032866,140.0,4.948759890378168
Mali,2002,15.062,378.191678628285,4.99775982,0.0,140.0,4.948759890378168
Malta,2002,7.6,11251.2025296416,7.73333311,1.47941942650306,140.0,4.948759890378168
Myanmar,2002,9.852,146.598390364449,2.59446764,1.76066037136134,140.0,4.948759890378168
Mongolia,2002,6.995,570.249213248399,5.49190998,0.0,140.0,4.948759890378168
Mozambique,2002,14.524,313.886661721198,3.18652654,5.48571293538495,5.21,1.8261608959453874
Mauritania,2002,8.281,648.879643934862,4.00224972,0.0,140.0,4.948759890378168
Mauritius,2002,6.9,4073.06053055903,3.18897271,0.0,140.0,4.948759890378168
Malawi,2002,16.779,428.210439838398,2.69725966,4.77255051159721,140.0,4.948759890378168
Malaysia,2002,4.278,4184.03163773539,2.66876554,2.34415745618505,140.0,4.948759890378168
Namibia,2002,12.733,1772.07565537493,10.47871208,18.3071640536188,140.0,4.948759890378168
Niger,2002,16.403,225.294391147438,4.82717037,0.0,199.83350000000002,5.302476206571875
Nigeria,2002,16.799,712.164852077686,2.49063969,0.0,189.98669999999998,5.252203792114251
Nicaragua,2002,5.735,1014.3339042591,5.73315859,10.7574705924444,275.0,5.62040086571715
Netherlands,2002,8.8,29446.5330872868,8.61879349,1.19719664433762,140.0,4.948759890378168
Norway,2002,9.8,43170.557174499,8.98267078,1.01365927914722,140.0,4.948759890378168
Nepal,2002,7.912,238.89140296106,3.93863344,3.38742407363328,15.4,2.797281334830153
Nauru,2002,7.885,2084.64824520971,13.80812454,0.0,140.0,4.948759890378168
New Zealand,2002,7.1,16874.1874918196,7.90034246,1.51855734015571,140.0,4.948759890378168
Oman,2002,2.98,9869.13050219438,2.77737164,1.19804521807739,140.0,4.948759890378168
Pakistan,2002,8.492,599.937345723927,2.42219901,5.79944378334808,140.0,4.948759890378168
Panama,2002,4.699,4090.58616456082,7.05643845,12.0152977748691,140.0,4.948759890378168
Peru,2002,5.606,2007.37019626753,4.93902588,0.0,2.67,1.3001916620664788
Philippines,2002,5.426,1014.90879320106,2.63767385,7.88863329981838,17.95,2.9418039315284354
Palau,2002,9.943,8340.18981304558,7.28691149,0.0,140.0,4.948759890378168
Papua New Guinea,2002,7.803,506.331789534482,2.77562952,7.93382380682253,140.0,4.948759890378168
Poland,2002,9.4,5223.45178967082,6.04828405,1.87290370805637,140.0,4.948759890378168
Portugal,2002,10.2,12936.6928204482,8.78642941,1.14279743752163,140.0,4.948759890378168
Paraguay,2002,5.217,1367.76506935997,4.75770569,26.0770664744718,140.0,4.948759890378168
West Bank and Gaza,2002,4.3,1156.21747345769,11.04674053,2.55841924605492,140.0,4.948759890378168
Qatar,2002,1.798,27226.6593510117,2.46044064,0.0,140.0,4.948759890378168
Romania,2002,12.4,2119.85509684554,4.57694626,3.01331880019475,140.0,4.948759890378168
Russian Federation,2002,16.2,2377.52954101563,5.52166557,30.3221540432851,140.0,4.948759890378168
Rwanda,2002,13.328,234.043016755733,3.12787294,0.0,109.9445,4.709030076270652
Saudi Arabia,2002,2.992,10586.0543471363,4.2493763,1.59120897796954,140.0,4.948759890378168
Sudan,2002,9.717,506.262634277344,3.30010891,0.0,45.0,3.828641396489095
Senegal,2002,10.071,669.430447319209,3.95294404,0.0,202.92855,5.317769687396037
Singapore,2002,4.4,22159.8373710639,3.358464,0.747547711931284,140.0,4.948759890378168
Solomon Islands,2002,6.009,756.890296490792,10.10627556,0.0,140.0,4.948759890378168
Sierra Leone,2002,18.85,388.995111216836,5.55388832,0.0,140.0,4.948759890378168
El Salvador,2002,6.677,2115.41187355626,7.88565731,47.3555199373003,140.0,4.948759890378168
San Marino,2002,7.871,41790.8432718184,5.39155769,3.63762026882014,140.0,4.948759890378168
Serbia,2002,13.7,2390.73459447107,7.24950886,2.62579425352805,140.0,4.948759890378168
Small states,2002,8.45839528798502,5133.13224592248,5.276404125534,0.0,140.0,4.948759890378168
Sao Tome and Principe,2002,9.219,568.10257252271,9.49860477,0.0,140.0,4.948759890378168
Suriname,2002,8.312,2202.340682196,5.32991552,11.4791718482373,140.0,4.948759890378168
Slovak Republic,2002,9.6,6554.62808369461,5.51793909,2.25003777181177,140.0,4.948759890378168
Slovenia,2002,9.4,11639.1297780477,8.11632538,1.80761775311607,140.0,4.948759890378168
Sweden,2002,10.6,29957.7776664916,8.18597412,1.13164676508968,140.0,4.948759890378168
Eswatini,2002,16.272,1315.73634647994,5.52298307,12.6481735895753,140.0,4.948759890378168
Seychelles,2002,7.7,8864.16919495467,4.19562864,0.0,140.0,4.948759890378168
Syrian Arab Republic,2002,4.145,1183.2473451033,4.96416759,2.10666943205194,140.0,4.948759890378168
Chad,2002,17.236,219.061391951349,5.60251188,0.0,140.0,4.948759890378168
East Asia & Pacific (IDA & IBRD countries),2002,6.52491407849809,1127.25093374819,3.87685292026891,0.0,140.0,4.948759890378168
Europe & Central Asia (IDA & IBRD countries),2002,11.929001879559,2340.82503908743,5.53336293813231,0.0,140.0,4.948759890378168
Togo,2002,11.61,445.238691488925,3.44502354,0.0,162.5,5.096812990337308
Thailand,2002,6.488,2089.75183111554,3.334723,7.06122860880889,7.031,2.083309053206325
Tajikistan,2002,6.755,186.951638285222,4.43647242,2.75580406784238,1.2398,0.8063865761664561
Turkmenistan,2002,6.723,935.540801478466,4.10696697,5.05297764004978,140.0,4.948759890378168
Latin America & the Caribbean (IDA & IBRD countries),2002,5.98387328131168,3714.3747812476,6.29410905767221,0.0,140.0,4.948759890378168
"Middle East, North Africa, Afghanistan & Pakistan (IDA & IBRD)",2002,6.83318077702673,1168.35927304729,4.50870349249639,0.0,140.0,4.948759890378168
Tonga,2002,6.484,1759.4805324576,3.58957744,5.77625669684761,140.0,4.948759890378168
South Asia (IDA & IBRD),2002,8.18056140686701,462.898836496672,4.0899820190923,0.0,140.0,4.948759890378168
Sub-Saharan Africa (IDA & IBRD countries),2002,13.7792012733583,625.468994411853,4.45270466556754,0.0,140.0,4.948759890378168
Trinidad and Tobago,2002,6.783,6762.93080808096,4.72302485,12.8377366394634,140.0,4.948759890378168
Tunisia,2002,5.095,2320.7723805785,5.12036419,0.0,140.0,4.948759890378168
Turkiye,2002,5.766,3591.08628982587,5.06227875,0.0,140.0,4.948759890378168
Tuvalu,2002,9.78,1750.25175052348,11.83691788,0.0,140.0,4.948759890378168
Tanzania,2002,11.737,402.649047851563,4.68907642,0.0,140.0,4.948759890378168
Uganda,2002,13.421,241.984688408335,4.77136898,0.0,140.0,4.948759890378168
Ukraine,2002,15.602,903.011901855469,5.99220037,8.82547240056403,140.0,4.948759890378168
Uruguay,2002,9.522,4149.76140312687,9.64023018,7.04511757340532,140.0,4.948759890378168
United States,2002,8.5,37997.7596573051,13.99535275,5.65304262610104,140.0,4.948759890378168
Uzbekistan,2002,6.758,381.409296889283,5.14164925,4.1653576925131,140.0,4.948759890378168
St. Vincent and the Grenadines,2002,7.941,4303.27976789727,4.08079481,17.6450088886732,140.0,4.948759890378168
Viet Nam,2002,5.509,445.132861817313,3.87075853,1.35453837129189,140.0,4.948759890378168
Vanuatu,2002,5.356,1340.71537528287,3.90437746,0.0,140.0,4.948759890378168
Samoa,2002,5.233,1527.55790455937,4.49205494,0.0,140.0,4.948759890378168
"Yemen, Rep.",2002,7.302,513.241486570603,4.83237982,0.0,140.0,4.948759890378168
South Africa,2002,11.954,2688.23676032806,6.67774487,44.8839287192482,1.5301,0.9282588276500089
Zambia,2002,14.651,393.864625518616,5.88845205,0.0,140.0,4.948759890378168
Afghanistan,2003,10.714,198.871115728727,8.94125843,0.0,11.0,2.4849066497880004
Angola,2003,15.559,1133.66331960607,3.10680342,0.0,140.0,4.948759890378168
Albania,2003,5.777,1908.69900687608,5.84188986,5.32377619293878,140.0,4.948759890378168
Andorra,2003,6.368,34063.575598394,5.54293585,0.0,140.0,4.948759890378168
United Arab Emirates,2003,1.546,29659.5428567811,2.64634395,0.0,140.0,4.948759890378168
Argentina,2003,7.736,3320.47775133903,6.92670012,7.72167974407433,140.0,4.948759890378168
Armenia,2003,8.2,882.030167695474,7.17936182,0.0,247.0,5.5134287461649825
Antigua and Barbuda,2003,6.256,12173.2319860305,5.04073191,6.41980381079554,140.0,4.948759890378168
Australia,2003,6.6,23757.5898471684,7.87659502,1.52375535865531,140.0,4.948759890378168
Austria,2003,9.5,32110.1159661425,9.69844246,0.61556629267321,140.0,4.948759890378168
Azerbaijan,2003,6.0,883.692580745256,2.72699213,0.0,140.0,4.948759890378168
Burundi,2003,13.818,111.406682804391,5.27245188,0.0,100.0,4.61512051684126
Belgium,2003,10.3,30655.2092679024,9.18925285,0.0,140.0,4.948759890378168
Benin,2003,11.403,676.002878084282,3.11678505,0.0,97.125,4.586242176102573
Burkina Faso,2003,14.335,362.373899996953,4.42266035,0.640082233972341,117.5,4.774912960575186
Bangladesh,2003,7.302,426.74880754362,1.96152198,2.46221986613972,1086.5,6.991636762962839
Bulgaria,2003,14.4,2719.49436859287,7.19987392,3.16487749649733,140.0,4.948759890378168
Bahrain,2003,2.37,14486.0269029822,3.72810912,0.0,140.0,4.948759890378168
"Bahamas, The",2003,6.545,26429.1247787663,4.01998568,14.8979120576251,140.0,4.948759890378168
Bosnia and Herzegovina,2003,7.488,2033.94700935864,8.28056145,0.0,140.0,4.948759890378168
Belarus,2003,14.5,1819.52653114699,5.77103186,0.0,140.0,4.948759890378168
Belize,2003,5.294,4959.74012434605,3.5292151,25.3999545075442,140.0,4.948759890378168
Bolivia,2003,9.148,893.013760211149,5.19709635,0.0,140.0,4.948759890378168
Brazil,2003,6.033,3090.6068907839,8.18899441,28.2710884352715,140.0,4.948759890378168
Barbados,2003,9.075,12075.9587020649,6.17312717,12.416471013184,140.0,4.948759890378168
Brunei Darussalam,2003,3.511,20677.9001143188,2.60260582,0.865458678675387,140.0,4.948759890378168
Bhutan,2003,7.386,1022.38240311018,3.83481455,0.784112623664362,140.0,4.948759890378168
Botswana,2003,12.444,4230.12326909926,6.40933847,17.5701744036911,140.0,4.948759890378168
Central African Republic,2003,15.982,278.403992150941,4.18572474,0.0,140.0,4.948759890378168
Canada,2003,7.1,28301.8645937428,9.01086521,1.72443676408719,140.0,4.948759890378168
Switzerland,2003,8.6,49335.7456291067,10.13696766,0.0,140.0,4.948759890378168
Chile,2003,5.161,4773.40177520754,7.25047779,3.20129769251024,140.0,4.948759890378168
China,2003,6.4,1306.97245408557,4.35460472,1.88433167405903,140.0,4.948759890378168
Cote d'Ivoire,2003,13.092,1111.17135087887,3.95147705,0.0,140.0,4.948759890378168
Cameroon,2003,12.645,988.241276791846,3.90227985,6.20036459628944,140.0,4.948759890378168
"Congo, Dem. Rep.",2003,13.814,161.491553524396,3.73353338,0.0,140.0,4.948759890378168
"Congo, Rep.",2003,10.451,1016.82363412143,1.91852403,0.0,140.0,4.948759890378168
Colombia,2003,5.242,2311.94218760291,5.77505445,57.4608630160922,1133.3449999999998,7.033810670822515
Comoros,2003,9.834,959.691049354812,6.66024828,0.0,140.0,4.948759890378168
Cabo Verde,2003,5.657,1717.97565369655,3.6274426,3.16868159608604,140.0,4.948759890378168
Costa Rica,2003,3.862,4173.14856415514,6.9691925,7.24850496564873,140.0,4.948759890378168
Cuba,2003,7.103,3202.78109865637,7.10295439,5.72734441639899,140.0,4.948759890378168
Cyprus,2003,6.265,20252.24609375,5.63568783,0.0,140.0,4.948759890378168
Czechia,2003,10.9,9852.45677945801,6.50168419,1.59041271893056,140.0,4.948759890378168
Germany,2003,10.3,30711.1022511331,10.22255325,1.33598638063576,140.0,4.948759890378168
Djibouti,2003,10.133,764.634465224597,4.27048731,0.0,140.0,4.948759890378168
Dominica,2003,9.956,5447.44011496284,4.84617901,11.6735491967139,140.0,4.948759890378168
Denmark,2003,10.7,40519.0974905924,8.89037418,0.0,140.0,4.948759890378168
Dominican Republic,2003,5.558,2383.26171780393,4.38888264,21.1789386478885,140.0,4.948759890378168
Algeria,2003,4.874,2283.77299346126,3.32569361,0.0,140.0,4.948759890378168
Ecuador,2003,4.817,2315.62215223014,5.79232407,0.0,140.0,4.948759890378168
"Egypt, Arab Rep.",2003,6.131,1031.27556291284,5.2242527,0.604982061960747,140.0,4.948759890378168
Eritrea,2003,9.313,348.950327077742,7.33703375,0.0,140.0,4.948759890378168
Spain,2003,9.1,21522.0170990262,7.59223175,1.38096386713923,140.0,4.948759890378168
Estonia,2003,13.2,7205.40703313243,5.13748884,0.0,140.0,4.948759890378168
Ethiopia,2003,13.114,116.800491132777,4.89970922,0.0,160.625,5.085278837092021
Finland,2003,9.4,32920.0857192568,7.93988276,1.97584671266105,140.0,4.948759890378168
Fiji,2003,7.496,2655.58079586044,2.97298193,2.88588295320483,140.0,4.948759890378168
France,2003,9.1,29479.5222101175,10.13474941,1.62492873135846,140.0,4.948759890378168
"Micronesia, Fed. Sts.",2003,6.791,2145.87755337517,9.65028286,0.0,140.0,4.948759890378168
Gabon,2003,9.262,4710.74862768151,3.53648472,0.0,140.0,4.948759890378168
United Kingdom,2003,10.2,34556.7726095905,8.05214596,0.0,140.0,4.948759890378168
Georgia,2003,11.504,1010.03151630868,8.02952862,0.0,140.0,4.948759890378168
Ghana,2003,9.58,358.39927142073,2.14935279,2.04726505813928,140.0,4.948759890378168
Guinea,2003,13.818,566.48540588068,4.77216482,0.0,140.0,4.948759890378168
"Gambia, The",2003,10.27,308.719123437587,5.29709053,0.0,140.0,4.948759890378168
Guinea-Bissau,2003,14.265,419.78486611807,3.50201416,0.0,140.0,4.948759890378168
Equatorial Guinea,2003,12.665,2930.60183743733,1.97185338,0.0,140.0,4.948759890378168
Greece,2003,9.7,18020.612039764,8.68253994,0.0,140.0,4.948759890378168
Grenada,2003,7.274,5427.96377252312,5.28485727,8.26567723448808,140.0,4.948759890378168
Guatemala,2003,5.842,1722.54701910774,6.15306854,33.8260706875462,73.82,4.31508522892
Guyana,2003,7.837,973.742598054188,3.26884198,27.3882307923651,140.0,4.948759890378168
Honduras,2003,4.968,1156.08162681357,6.89004707,57.211379965735,140.0,4.948759890378168
Heavily indebted poor countries (HIPC),2003,12.414716159473,412.76823992883,4.46268474044191,0.0,140.0,4.948759890378168
Croatia,2003,11.8,8190.11135193887,6.29782534,1.60215999030345,140.0,4.948759890378168
Haiti,2003,9.668,578.995291079709,3.53695321,0.0,140.0,4.948759890378168
Hungary,2003,13.4,8410.09248198479,8.12986469,2.25542422106006,140.0,4.948759890378168
Indonesia,2003,7.336,1043.2105838671,2.24837184,0.726511653296908,140.0,4.948759890378168
India,2003,8.125,544.143133545002,4.07877731,3.96945564811633,140.0,4.948759890378168
Ireland,2003,7.3,41203.5295847568,7.00761414,0.926636672021959,140.0,4.948759890378168
"Iran, Islamic Rep.",2003,5.225,2208.99636552406,4.95589161,0.0,140.0,4.948759890378168
Iraq,2003,6.685,817.887862499622,2.99693608,0.0,140.0,4.948759890378168
Iceland,2003,6.3,39944.2104095591,9.72930241,0.0,140.0,4.948759890378168
Israel,2003,5.8,19643.4690380742,6.84975958,2.62962837661199,140.0,4.948759890378168
Italy,2003,10.2,27577.5700319855,7.80670929,0.0,140.0,4.948759890378168
Jamaica,2003,6.639,3549.70758394618,4.99239254,36.7007287070841,140.0,4.948759890378168
Jordan,2003,3.667,1775.67625581432,8.78901005,0.0,140.0,4.948759890378168
Japan,2003,8.0,35387.0374203599,7.48654842,0.545933396760037,140.0,4.948759890378168
Kazakhstan,2003,10.395,1958.02050246511,3.72335005,12.6433726548997,140.0,4.948759890378168
Kenya,2003,9.203,442.898457253405,4.03365707,0.0,140.0,4.948759890378168
Kyrgyz Republic,2003,7.1,380.505828812441,5.82382107,8.37731757493411,140.0,4.948759890378168
Cambodia,2003,7.58,386.691123931778,6.45762444,3.90009384744488,677.5,6.519884479274924
Kiribati,2003,6.861,1020.50033851394,10.05060768,0.0,140.0,4.948759890378168
St. Kitts and Nevis,2003,8.765,10175.6295449989,4.75159693,21.6560371617598,140.0,4.948759890378168
"Korea, Rep.",2003,5.1,15211.5483770422,4.46640348,0.81369986339581,140.0,4.948759890378168
Kuwait,2003,2.055,22690.655175144,2.76042604,1.37448510129244,140.0,4.948759890378168
Lao PDR,2003,9.221,355.097216151461,4.47920704,0.0,140.0,4.948759890378168
Lebanon,2003,4.262,4437.71588507526,8.67109871,0.0,140.0,4.948759890378168
Liberia,2003,13.941,239.779556677091,2.51847482,0.0,140.0,4.948759890378168
Libya,2003,4.743,4674.09943200321,3.97301245,0.0,140.0,4.948759890378168
St. Lucia,2003,6.224,6058.60622059326,5.24069643,22.0892097278425,140.0,4.948759890378168
Sri Lanka,2003,6.462,946.382255128072,3.64646697,0.0,140.0,4.948759890378168
Low & middle income,2003,7.93758667918955,1289.04927474147,4.90778298245097,0.0,140.0,4.948759890378168
Lesotho,2003,19.152,583.270036200288,5.33754826,0.0,140.0,4.948759890378168
Late-demographic dividend,2003,7.18899489810235,2054.82227278492,5.1711620865534,0.0,140.0,4.948759890378168
Lithuania,2003,12.0,5507.47434187652,6.17724085,0.0,140.0,4.948759890378168
Luxembourg,2003,9.0,65689.3214536911,6.96221447,0.6639547802531,140.0,4.948759890378168
Latvia,2003,14.2,4914.57992829302,5.73644829,0.0,140.0,4.948759890378168
Morocco,2003,6.282,1941.87255859375,4.08037519,1.7246384434996,140.0,4.948759890378168
Monaco,2003,10.175,111110.451312249,4.43228912,0.0,140.0,4.948759890378168
Moldova,2003,12.277,682.319095965299,7.02227592,7.78918984978218,140.0,4.948759890378168
Madagascar,2003,9.361,352.620095849925,5.00276566,0.0,140.0,4.948759890378168
Maldives,2003,3.89,3548.5767011056,6.77857542,0.0,140.0,4.948759890378168
Mexico,2003,5.469,7434.0746485155,5.53978777,9.79524704840011,6.699999999999999,2.0412203288596382
Marshall Islands,2003,6.616,2539.3307383954,13.3324337,0.0,140.0,4.948759890378168
North Macedonia,2003,8.9,2445.36286400013,9.00857735,3.36310320258709,140.0,4.948759890378168
Mali,2003,14.632,441.910358475095,5.05061436,0.0,159.565,5.078698845009689
Malta,2003,7.9,13593.9787155682,7.93917513,0.0,140.0,4.948759890378168
Myanmar,2003,9.777,224.292688912409,2.3959713,1.63712444533972,140.0,4.948759890378168
Mongolia,2003,7.026,643.168068921658,4.29768944,13.6013688607961,140.0,4.948759890378168
Mozambique,2003,14.074,339.488737800648,3.25095367,5.38353149868699,10.2459,2.420003617779969
Mauritania,2003,8.004,732.017820812675,4.03254652,0.0,40.1,3.716008121502189
Mauritius,2003,7.0,4858.26575549747,3.18201613,0.0,140.0,4.948759890378168
Malawi,2003,15.903,383.348596852642,3.32019806,2.46273593215458,12.888,2.6310251579179944
Malaysia,2003,4.257,4465.32194567208,2.92417073,2.28933999827064,140.0,4.948759890378168
Namibia,2003,12.801,2569.24739317883,10.74474621,0.0,140.0,4.948759890378168
Niger,2003,15.662,265.225363452469,4.74740648,0.0,145.6005,4.987711200087936
Nigeria,2003,16.37,763.388745367223,5.05360985,0.0,117.55000000000001,4.775334812511415
Nicaragua,2003,5.556,1021.35216668794,6.08317614,12.185846245133,280.0,5.638354669333745
Netherlands,2003,8.7,35896.7504630706,9.01979256,1.23419738555447,140.0,4.948759890378168
Norway,2003,9.3,50250.3298214345,9.19355106,0.0,140.0,4.948759890378168
Nepal,2003,7.623,246.429706587633,3.8560729,2.94681426508019,16.25,2.847812143477369
Nauru,2003,7.877,2463.28259078079,9.97444248,0.0,140.0,4.948759890378168
New Zealand,2003,6.95,21913.7081719961,7.72179937,1.09382358838026,140.0,4.948759890378168
Oman,2003,2.909,10463.5425832141,2.77524447,1.48066954184488,140.0,4.948759890378168
Pakistan,2003,8.32,672.44178669894,2.10399199,5.59271505599106,140.0,4.948759890378168
Panama,2003,4.637,4264.66428949623,6.71176672,10.5649025160456,140.0,4.948759890378168
Peru,2003,5.679,2129.44114197634,4.58703804,0.0,2.6950000000000003,1.3069805544001651
Philippines,2003,5.407,1027.2301192843,3.07663488,0.0,18.175,2.9536073472533197
Palau,2003,9.884,7862.3931898737,8.095788,0.0,140.0,4.948759890378168
Papua New Guinea,2003,7.775,577.467922387259,2.4531486,9.94448560311182,140.0,4.948759890378168
Poland,2003,9.6,5720.81366178104,5.93375778,0.0,140.0,4.948759890378168
Portugal,2003,10.4,15797.7821340276,9.12415695,0.0,140.0,4.948759890378168
Paraguay,2003,5.182,1443.99885236205,4.90703917,24.1249473264161,140.0,4.948759890378168
West Bank and Gaza,2003,4.2,1257.69857009689,9.55897141,0.0,140.0,4.948759890378168
Qatar,2003,1.758,31602.470865136,3.50257182,0.0,140.0,4.948759890378168
Romania,2003,12.4,2679.40626016154,5.37136793,3.22319955303114,140.0,4.948759890378168
Russian Federation,2003,16.4,2975.123046875,5.16368914,28.6458525438416,140.0,4.948759890378168
Rwanda,2003,12.143,249.012274982252,6.92888737,0.0,103.8825,4.652840675937181
Saudi Arabia,2003,2.899,11487.220410693,3.97909737,1.33072394336726,140.0,4.948759890378168
Sudan,2003,10.161,580.320251464844,3.89187932,0.0,1.92,1.0715836162801904
Senegal,2003,9.867,817.888034221442,4.29703569,0.0,177.5,5.184588601219693
Singapore,2003,4.5,23730.3840054566,3.60699272,0.652450495318668,140.0,4.948759890378168
Solomon Islands,2003,5.987,895.984242546501,7.07724714,0.0,140.0,4.948759890378168
Sierra Leone,2003,18.305,413.817607346927,5.06219816,0.0,140.0,4.948759890378168
El Salvador,2003,6.832,2207.83089518069,7.77182293,55.9464014802791,140.0,4.948759890378168
San Marino,2003,7.812,52529.9093701059,4.77200127,0.0,140.0,4.948759890378168
Serbia,2003,13.9,3153.9011312754,7.30602598,2.31855480790214,140.0,4.948759890378168
Small states,2003,8.4887207748198,6060.64034085427,5.37566436783327,0.0,140.0,4.948759890378168
Sao Tome and Principe,2003,8.983,663.696211810494,11.46527386,0.0,140.0,4.948759890378168
Suriname,2003,8.418,2516.10404020956,4.88878393,11.8480019825657,140.0,4.948759890378168
Slovak Republic,2003,9.7,8675.39633696465,5.48400879,2.5482701895541,140.0,4.948759890378168
Slovenia,2003,9.7,14711.674874253,8.17447376,1.05395761082866,140.0,4.948759890378168
Sweden,2003,10.4,37292.2419727801,8.31654263,0.948826864882924,140.0,4.948759890378168
Eswatini,2003,16.962,2015.21743065251,6.37864399,12.6558545045467,140.0,4.948759890378168
Seychelles,2003,8.1,9070.28460757013,4.86075974,0.0,140.0,4.948759890378168
Syrian Arab Republic,2003,4.031,1220.179077256,5.13501024,2.26392369671573,140.0,4.948759890378168
Chad,2003,16.855,289.087621122168,4.24698305,0.0,97.0,4.584967478670572
East Asia & Pacific (IDA & IBRD countries),2003,6.5179498103053,1266.10778867241,3.94145376742125,0.0,140.0,4.948759890378168
Europe & Central Asia (IDA & IBRD countries),2003,12.0023552348909,2879.65363440365,5.44774191842784,0.0,140.0,4.948759890378168
Togo,2003,11.43,538.16537776929,3.44513917,0.0,105.5,4.66814498514948
Thailand,2003,6.53,2347.54001286066,3.24312782,9.91857847562255,6.3125,1.989585212557975
Tajikistan,2003,6.365,233.58124845289,4.70218658,2.46298945344912,1.1883,0.7831249866781772
Turkmenistan,2003,6.668,1228.94870289404,4.97849178,4.7904285182228,140.0,4.948759890378168
Latin America & the Caribbean (IDA & IBRD countries),2003,5.96514172100782,3728.72739078731,6.51934575389067,0.0,140.0,4.948759890378168
Timor-Leste,2003,9.027,534.901171348385,2.84187031,0.0,140.0,4.948759890378168
"Middle East, North Africa, Afghanistan & Pakistan (IDA & IBRD)",2003,6.80402739299243,1263.9157454015,4.33293581322855,0.0,140.0,4.948759890378168
Tonga,2003,6.453,1936.04104012389,3.43583083,5.74360545259611,140.0,4.948759890378168
South Asia (IDA & IBRD),2003,7.99940419770711,532.66154684429,3.88553089557589,0.0,140.0,4.948759890378168
Sub-Saharan Africa (IDA & IBRD countries),2003,13.4505447734542,766.500842930002,5.40139841379027,0.0,140.0,4.948759890378168
Trinidad and Tobago,2003,6.811,8445.04653518298,4.18767118,17.1060263634493,140.0,4.948759890378168
Tunisia,2003,5.136,2725.8643148859,5.20888519,0.0,140.0,4.948759890378168
Turkiye,2003,5.774,4649.63668068586,5.01427698,4.18240847006562,140.0,4.948759890378168
Tuvalu,2003,9.676,2006.84249941442,13.70337105,0.0,140.0,4.948759890378168
Tanzania,2003,11.18,422.18359375,5.34231472,7.48997932167156,140.0,4.948759890378168
Uganda,2003,12.757,250.71543664681,4.2991581,0.0,140.0,4.948759890378168
Ukraine,2003,15.817,1076.48156738281,6.54574108,8.36383861156885,140.0,4.948759890378168
Uruguay,2003,9.598,3671.12329256883,9.57667351,6.00392662896892,140.0,4.948759890378168
United States,2003,8.4,39490.2749557007,14.50557518,0.0,140.0,4.948759890378168
Uzbekistan,2003,6.653,394.164028897235,5.1882515,3.74544085919713,140.0,4.948759890378168
St. Vincent and the Grenadines,2003,8.221,4499.61454193342,3.96341038,15.9092817401219,140.0,4.948759890378168
Viet Nam,2003,5.564,497.117089249256,3.94229889,1.33100770216075,140.0,4.948759890378168
Vanuatu,2003,5.364,1566.51396790858,3.50691938,0.0,140.0,4.948759890378168
Samoa,2003,5.247,1798.12429714048,4.17237139,0.0,140.0,4.948759890378168
"Yemen, Rep.",2003,7.004,548.905883049973,5.75758314,3.28107552537173,140.0,4.948759890378168
South Africa,2003,12.831,4062.21755993786,7.04098177,40.8739335231162,0.9735,0.6798086161207648
Zambia,2003,13.792,446.290104839041,5.99553585,0.0,0.6667,0.5108456235659933
Afghanistan,2004,10.375,221.763653873013,9.80847359,0.0,12.4,2.5952547069568657
Angola,2004,14.958,1451.47117872493,3.46084046,0.0,140.0,4.948759890378168
Albania,2004,5.784,2446.90949947798,5.82433939,4.22763729131083,140.0,4.948759890378168
Andorra,2004,6.287,39021.1107100919,5.27989149,1.34544231416078,140.0,4.948759890378168
United Arab Emirates,2004,1.49,33376.7152295209,2.46225643,0.0,140.0,4.948759890378168
Argentina,2004,7.527,4242.02099089422,7.09477043,6.02330247756233,140.0,4.948759890378168
Armenia,2004,8.1,1130.08791444158,6.05510139,2.74603388341134,140.0,4.948759890378168
Antigua and Barbuda,2004,6.333,13037.8895772257,4.58488464,5.08133308773557,140.0,4.948759890378168
Australia,2004,6.5,30886.0500949401,8.08257675,1.31193813318786,140.0,4.948759890378168
Austria,2004,9.1,36614.2506533707,9.81532383,0.721845781686185,140.0,4.948759890378168
Azerbaijan,2004,6.0,1045.0136328106,2.65944242,0.0,140.0,4.948759890378168
Burundi,2004,13.16,125.194965184533,7.09572744,0.0,200.0,5.303304908059076
Belgium,2004,9.7,35429.4077933344,9.35496902,0.0,140.0,4.948759890378168
Benin,2004,11.224,758.695803786371,3.23273873,0.0,140.0,4.948759890378168
Burkina Faso,2004,13.861,403.81283743461,5.23083639,0.598592111354095,100.8341,4.623345018556772
Bangladesh,2004,7.053,455.614016909798,1.99854314,2.73052626299689,1125.0,7.026426808699636
Bulgaria,2004,14.3,3389.68743360274,6.89090872,3.14861867259915,140.0,4.948759890378168
Bahrain,2004,2.313,15963.9493171617,3.35499287,0.0,140.0,4.948759890378168
"Bahamas, The",2004,6.654,26650.2934234303,4.04628181,12.949479372068,140.0,4.948759890378168
Bosnia and Herzegovina,2004,7.819,2452.6860917386,9.06270218,1.64212058622739,140.0,4.948759890378168
Belarus,2004,14.3,2378.33700470129,5.73650646,0.0,140.0,4.948759890378168
Belize,2004,5.2,5153.71308265363,3.41825557,29.0774177044667,140.0,4.948759890378168
Bolivia,2004,8.964,953.191893246277,4.86315727,0.0,140.0,4.948759890378168
Brazil,2004,5.96,3663.82262497811,8.12491989,26.4918363852054,140.0,4.948759890378168
Barbados,2004,8.97,12886.3665272467,6.7109499,8.23051425749538,140.0,4.948759890378168
Brunei Darussalam,2004,3.555,24423.0946995548,2.55193377,0.566715923725704,140.0,4.948759890378168
Bhutan,2004,7.341,1130.35934606796,4.26397753,2.30576078961547,140.0,4.948759890378168
Botswana,2004,12.102,4956.69287735214,6.09125996,14.3319908850751,140.0,4.948759890378168
Central African Republic,2004,15.669,303.461321152782,4.14367914,0.0,390.0577,5.968855119430416
Canada,2004,7.1,32145.5412620217,9.06623363,1.9450604450874,140.0,4.948759890378168
Switzerland,2004,8.1,54659.4571488233,10.22576523,0.0,140.0,4.948759890378168
Chile,2004,5.14,6120.59152055344,6.91028595,0.0,140.0,4.948759890378168
China,2004,6.42,1530.92726215723,4.22949076,1.89778004857568,140.0,4.948759890378168
Cote d'Ivoire,2004,12.706,1199.82524528546,4.02148724,0.0,140.0,4.948759890378168
Cameroon,2004,12.445,1133.39326749673,3.72798991,0.0,140.0,4.948759890378168
"Congo, Dem. Rep.",2004,13.411,180.664764963633,4.33564186,0.0,140.0,4.948759890378168
"Congo, Rep.",2004,10.027,1306.10136324599,1.92152369,0.0,140.0,4.948759890378168
Colombia,2004,5.151,2818.57195413044,5.79892111,48.6481875848116,1079.6599500000002,6.985327198308998
Comoros,2004,9.623,1072.28409029621,6.58576155,0.0,140.0,4.948759890378168
Cabo Verde,2004,5.533,1929.49081468781,3.54616308,4.38075430330883,140.0,4.948759890378168
Costa Rica,2004,3.858,4431.0117207843,6.63006067,6.66654365306355,140.0,4.948759890378168
Cuba,2004,7.324,3399.21962893402,6.83178711,5.87253607071815,140.0,4.948759890378168
Cyprus,2004,6.289,23792.619140625,5.40558147,1.57190147518041,140.0,4.948759890378168
Czechia,2004,10.5,11782.5546676117,6.33308411,1.30585839749053,140.0,4.948759890378168
Germany,2004,9.9,34566.7359143735,9.97466278,1.3545661001062,140.0,4.948759890378168
Djibouti,2004,10.108,806.261652944964,3.53544688,0.0,140.0,4.948759890378168
Dominica,2004,10.003,5778.83306546506,4.74520159,11.6534836632726,140.0,4.948759890378168
Denmark,2004,10.3,46625.050098011,8.98551464,0.0,140.0,4.948759890378168
Dominican Republic,2004,5.663,2451.69161616569,4.2877388,24.5911758206467,140.0,4.948759890378168
Algeria,2004,4.744,2816.99384960555,3.29030514,0.0,140.0,4.948759890378168
Ecuador,2004,4.813,2586.20914663347,5.88152218,0.0,140.0,4.948759890378168
"Egypt, Arab Rep.",2004,6.101,991.255689145253,4.85732365,0.405146398550175,140.0,4.948759890378168
Eritrea,2004,9.233,426.840947887032,7.00984907,0.0,140.0,4.948759890378168
Spain,2004,8.6,24925.0267844576,7.68447876,1.20274134358143,140.0,4.948759890378168
Estonia,2004,13.0,8916.0728274602,5.33641052,0.0,140.0,4.948759890378168
Ethiopia,2004,12.519,133.169812538096,4.31281853,0.0,142.375,4.965463575449535
Finland,2004,9.1,37768.1334202029,8.05999184,2.83083034374696,140.0,4.948759890378168
Fiji,2004,7.515,3097.19096651759,3.25768542,2.63047739733704,140.0,4.948759890378168
France,2004,8.3,33644.9282220364,10.2117033,1.61830161158403,140.0,4.948759890378168
"Micronesia, Fed. Sts.",2004,6.875,2104.42804750084,12.23538685,0.0,140.0,4.948759890378168
Gabon,2004,9.102,5465.79193590708,3.36498594,0.0,140.0,4.948759890378168
United Kingdom,2004,9.7,40504.4118103928,8.32219028,0.0,140.0,4.948759890378168
Georgia,2004,12.254,1305.04748557208,8.08910847,7.34700690211851,140.0,4.948759890378168
Ghana,2004,9.436,406.132105329565,2.36955285,2.06691897101457,140.0,4.948759890378168
Guinea,2004,13.533,584.897740538081,4.77632809,0.0,140.0,4.948759890378168
"Gambia, The",2004,9.933,593.285346326581,5.42000151,0.0,140.0,4.948759890378168
Guinea-Bissau,2004,13.759,431.376557669634,4.27070189,0.0,140.0,4.948759890378168
Equatorial Guinea,2004,12.423,4901.30127408119,1.58463597,0.0,140.0,4.948759890378168
Greece,2004,9.6,21449.2552764245,8.30002213,1.01394257823949,140.0,4.948759890378168
Grenada,2004,7.615,5480.26117644588,5.36568451,5.48834869308697,140.0,4.948759890378168
Guatemala,2004,5.827,1840.91184884,6.26182795,35.1905874431052,82.58500000000001,4.425864078154595
Guyana,2004,7.898,1033.31030902188,3.43770432,17.1821756569231,140.0,4.948759890378168
Honduras,2004,4.898,1215.13995412761,6.85484362,49.8561822453764,140.0,4.948759890378168
Heavily indebted poor countries (HIPC),2004,12.0472589914529,462.336970473255,4.59024614797376,0.0,140.0,4.948759890378168
Croatia,2004,11.2,9718.97322801967,6.5067997,1.92572926265103,140.0,4.948759890378168
Haiti,2004,10.106,683.185298155273,3.42928433,0.0,140.0,4.948759890378168
Hungary,2004,13.1,10291.2694721409,7.76592064,2.07222219853654,140.0,4.948759890378168
Indonesia,2004,8.097,1126.84004447173,2.12002277,0.62256871069078,140.0,4.948759890378168
India,2004,7.982,624.258826510066,4.02679491,4.09246015023157,140.0,4.948759890378168
Ireland,2004,7.0,47754.2023194244,7.21972942,0.737814168958707,140.0,4.948759890378168
"Iran, Islamic Rep.",2004,4.772,2672.4226651404,5.12801409,0.0,140.0,4.948759890378168
Iraq,2004,6.729,1328.37157628292,3.90128636,0.0,140.0,4.948759890378168
Iceland,2004,6.2,47809.6073050042,9.32854366,0.0,140.0,4.948759890378168
Israel,2004,5.6,20568.0694088834,6.79696989,2.40359632431166,140.0,4.948759890378168
Italy,2004,9.5,31348.1901841445,8.13726902,0.0,140.0,4.948759890378168
Jamaica,2004,6.633,3807.56293124552,5.83766747,55.0477598256135,140.0,4.948759890378168
Jordan,2004,3.644,1940.08641342805,8.74670506,0.0,140.0,4.948759890378168
Japan,2004,8.2,38298.9801712303,7.53518438,0.546880856818189,140.0,4.948759890378168
Kazakhstan,2004,10.345,2722.47407755402,3.98307681,13.1922962667978,140.0,4.948759890378168
Kenya,2004,8.893,463.662781300121,4.21159506,3.45600857857553,140.0,4.948759890378168
Kyrgyz Republic,2004,6.9,433.233873286,6.20281315,8.31515014402673,140.0,4.948759890378168
Cambodia,2004,7.261,444.199067529081,6.48521805,3.85813800219876,846.875,6.742733219266244
Kiribati,2004,6.849,1083.2688987175,12.17176056,0.0,140.0,4.948759890378168
St. Kitts and Nevis,2004,8.622,10944.6183741768,4.49067402,23.7506612400004,140.0,4.948759890378168
"Korea, Rep.",2004,5.1,17121.6301633201,4.43287992,0.880428906223651,140.0,4.948759890378168
Kuwait,2004,2.087,27552.2827399787,2.35702467,1.99321334034512,140.0,4.948759890378168
Lao PDR,2004,8.993,409.296298284117,3.5405724,0.0,140.0,4.948759890378168
Lebanon,2004,4.198,4600.68371412993,7.99923086,0.0,140.0,4.948759890378168
Liberia,2004,12.051,284.140223992458,5.90509653,0.0,140.0,4.948759890378168
Libya,2004,4.699,5773.76333234281,3.38328195,0.0,140.0,4.948759890378168
St. Lucia,2004,6.196,6494.60034867886,4.76760817,22.5281449594798,140.0,4.948759890378168
Sri Lanka,2004,8.246,1028.62068132555,4.03912592,0.0,37.14,3.641263600172273
Low & middle income,2004,7.89898358985229,1490.85593705627,4.88468859833896,0.0,140.0,4.948759890378168
Lesotho,2004,19.974,766.685820928242,5.24658537,0.0,140.0,4.948759890378168
Late-demographic dividend,2004,7.17441539668659,2453.98769875258,5.07124294451198,0.0,140.0,4.948759890378168
Lithuania,2004,12.2,6734.57487061946,5.48347187,10.1578494263184,140.0,4.948759890378168
Luxembourg,2004,7.8,76544.9170868473,7.2793355,0.436399659171866,140.0,4.948759890378168
Latvia,2004,14.2,6109.73265186817,6.47518539,0.0,140.0,4.948759890378168
Morocco,2004,6.27,2183.55541992188,4.23211098,1.56912399329637,140.0,4.948759890378168
Monaco,2004,9.884,125160.228087598,4.52476597,0.0,140.0,4.948759890378168
Moldova,2004,12.392,897.178494749468,8.97114944,6.84513524022656,140.0,4.948759890378168
Madagascar,2004,9.077,272.20074858856,5.25090027,0.0,731.5,6.596463340891223
Maldives,2004,4.103,4070.2609459446,7.48356962,0.0,140.0,4.948759890378168
Mexico,2004,5.517,7849.66759649565,5.6835022,8.93632612354424,6.41,2.0028304393079956
Marshall Islands,2004,6.622,2566.08291015814,14.15128136,0.0,140.0,4.948759890378168
North Macedonia,2004,8.8,2818.5814561242,8.46505451,2.34833978367957,140.0,4.948759890378168
Mali,2004,14.214,495.006294680645,5.21768713,0.0,100.0,4.61512051684126
Malta,2004,7.5,15212.1313438497,8.03966808,1.70400258034676,140.0,4.948759890378168
Myanmar,2004,9.708,224.508811413327,2.33253765,1.57854127171045,140.0,4.948759890378168
Mongolia,2004,7.069,794.154552001815,4.30204487,13.0958385318503,140.0,4.948759890378168
Mozambique,2004,13.666,400.056973161545,3.53062654,5.69547466312653,10.25,2.4203681286504293
Mauritania,2004,7.744,823.554457141893,3.70429492,0.0,42.6,3.775057150354989
Mauritius,2004,6.9,5460.60800184198,3.31652546,0.0,140.0,4.948759890378168
Malawi,2004,15.076,404.674248445428,4.07199907,3.28780615094934,15.35665,2.7946345424806665
Malaysia,2004,4.225,4939.24851854427,2.86016941,1.96778903559431,140.0,4.948759890378168
Namibia,2004,12.71,3403.15496192955,10.88543797,18.1248783522014,140.0,4.948759890378168
Niger,2004,14.965,283.468281798296,4.97818327,0.0,147.549,5.000914870145803
Nigeria,2004,15.986,962.48104194733,4.63368416,0.0,4000.0,8.294299608857235
Nicaragua,2004,5.401,1098.62118662335,6.05740356,12.2512960818705,355.13,5.875295832733553
Netherlands,2004,8.4,40611.3414353091,9.07156658,1.16282145658851,140.0,4.948759890378168
Norway,2004,9.0,57768.6980958462,8.79598331,0.78401608975242,140.0,4.948759890378168
Nepal,2004,7.432,279.587750044428,4.04629898,3.5976952610666,17.05,2.89314568477889
Nauru,2004,7.997,3040.51349889,6.87889576,0.0,140.0,4.948759890378168
New Zealand,2004,6.95,25420.234882944,7.90095711,1.10188506824525,140.0,4.948759890378168
Oman,2004,2.802,11800.8507411171,2.59660101,1.74649173472787,140.0,4.948759890378168
Pakistan,2004,8.137,771.902247348954,2.03666282,5.61283467417069,16.25125,2.8478846046201127
Panama,2004,4.622,4644.56581177581,7.08192825,9.47355777770635,140.0,4.948759890378168
Peru,2004,5.89,2397.25147277714,4.42972279,0.0,2.285,1.189366651936574
Philippines,2004,5.356,1099.63013023758,3.0468533,0.0,19.0,2.995732273553991
Palau,2004,9.857,8393.73052541231,9.13479805,0.0,140.0,4.948759890378168
Papua New Guinea,2004,7.76,620.596147680561,2.59372902,0.0,140.0,4.948759890378168
Poland,2004,9.5,6711.72715262967,5.84185648,0.0,140.0,4.948759890378168
Portugal,2004,9.7,18064.1580932987,9.5325079,0.0,140.0,4.948759890378168
Paraguay,2004,5.178,1786.21533938543,4.93224335,22.4380260884275,140.0,4.948759890378168
West Bank and Gaza,2004,4.1,1422.19088643544,11.37928772,2.76244882455644,140.0,4.948759890378168
Qatar,2004,1.722,41035.5008380177,3.18311739,0.646552420853902,140.0,4.948759890378168
Romania,2004,12.1,3494.99056448955,5.47733593,2.2753588333156,140.0,4.948759890378168
Russian Federation,2004,15.9,4102.36474609375,4.7603755,27.039519153371,140.0,4.948759890378168
Rwanda,2004,11.058,269.540446333402,7.50856972,0.0,108.8425,4.699047521579435
Saudi Arabia,2004,2.827,13154.4978989446,3.58400965,1.53028956535709,140.0,4.948759890378168
Sudan,2004,10.861,705.113342285156,4.15593481,0.0,2.165,1.1521530555961395
Senegal,2004,9.473,918.102079522155,4.56856203,0.0,150.0,5.017279836814924
Singapore,2004,4.4,27608.080013423,3.15019798,0.479298211558636,140.0,4.948759890378168
Solomon Islands,2004,5.962,986.070953503889,7.72556639,4.21397734144383,140.0,4.948759890378168
Sierra Leone,2004,17.695,417.749983329227,5.23798943,2.09122346188414,140.0,4.948759890378168
El Salvador,2004,6.926,2285.68907438892,8.1302166,64.8994757581223,140.0,4.948759890378168
San Marino,2004,6.3,58232.0176184948,4.86479282,0.0,140.0,4.948759890378168
Serbia,2004,14.0,3597.08798057009,7.63644934,2.16763741135982,140.0,4.948759890378168
Small states,2004,8.45845029385497,6954.01090826418,5.42150705919103,0.0,140.0,4.948759890378168
Sao Tome and Principe,2004,8.704,726.560882130444,10.7211771,0.0,140.0,4.948759890378168
Suriname,2004,8.534,2887.7721728844,5.4608078,8.95075721460219,140.0,4.948759890378168
Slovak Republic,2004,9.7,10650.1290097126,6.39662457,2.00891418467334,140.0,4.948759890378168
Slovenia,2004,9.3,17103.8297783905,7.99959517,1.35437123315501,140.0,4.948759890378168
Sweden,2004,10.1,42758.0048564929,8.1428194,1.18970734144495,140.0,4.948759890378168
Eswatini,2004,17.667,2525.5640452625,6.81432486,13.6047005172116,140.0,4.948759890378168
Seychelles,2004,7.2,10827.671636033,4.66628933,11.3435917214468,140.0,4.948759890378168
Syrian Arab Republic,2004,3.965,1368.1148230028,4.49753141,2.3231876293858,140.0,4.948759890378168
Chad,2004,16.692,445.850767157087,4.23982859,0.0,119.0,4.787491742782046
East Asia & Pacific (IDA & IBRD countries),2004,6.63017722151419,1456.96694694124,3.84906368547254,0.0,140.0,4.948759890378168
Europe & Central Asia (IDA & IBRD countries),2004,11.8133500583663,3723.43803208933,5.24149287358681,0.0,140.0,4.948759890378168
Togo,2004,11.234,560.266308533382,3.48131895,0.0,121.5,4.808111029984782
Thailand,2004,6.692,2641.56268717857,3.13893151,6.52844364057858,7.2,2.1041341542702074
Tajikistan,2004,6.15,305.745158587502,4.79911184,2.09114244339539,1.25,0.8109302162163288
Turkmenistan,2004,6.655,1379.23009682692,6.18652296,4.21533036996281,140.0,4.948759890378168
Latin America & the Caribbean (IDA & IBRD countries),2004,5.93137339048902,4252.838254593,6.60179318629483,0.0,140.0,4.948759890378168
Timor-Leste,2004,8.733,474.420726695663,4.26103544,2.47558321511527,140.0,4.948759890378168
"Middle East, North Africa, Afghanistan & Pakistan (IDA & IBRD)",2004,6.64284607011473,1463.3046705277,4.25235895403159,0.0,140.0,4.948759890378168
Tonga,2004,6.413,2195.44890047673,4.50741625,1.90347479323505,140.0,4.948759890378168
South Asia (IDA & IBRD),2004,7.87388966207306,606.478041696258,3.86856198744402,0.0,140.0,4.948759890378168
Sub-Saharan Africa (IDA & IBRD countries),2004,13.1003236581051,926.435499820007,5.39227172095903,0.0,140.0,4.948759890378168
Trinidad and Tobago,2004,6.743,9871.03419820086,4.30805206,19.325395055672,140.0,4.948759890378168
Tunisia,2004,5.186,3067.41936376975,5.19890785,1.91812781282378,140.0,4.948759890378168
Turkiye,2004,5.794,5979.6054216148,4.9096446,4.24827062656029,140.0,4.948759890378168
Tuvalu,2004,9.655,2322.56265072892,9.33149719,0.0,140.0,4.948759890378168
Tanzania,2004,10.685,450.385284423828,5.7373414,7.6778416479797,140.0,4.948759890378168
Uganda,2004,11.942,292.38185796262,4.70022202,0.0,140.0,4.948759890378168
Ukraine,2004,16.132,1401.01806640625,6.16856956,7.26768625683968,140.0,4.948759890378168
Uruguay,2004,9.575,4168.66065438387,8.26618195,6.09171534327958,140.0,4.948759890378168
United States,2004,8.2,41724.6316287624,14.55123138,0.0,140.0,4.948759890378168
Uzbekistan,2004,6.621,462.171492867885,4.84063768,3.69582797880085,140.0,4.948759890378168
St. Vincent and the Grenadines,2004,8.319,4873.48947742443,3.8710556,25.7013590701426,140.0,4.948759890378168
Viet Nam,2004,5.73,565.452284586212,4.08791971,1.3231436501524,140.0,4.948759890378168
Vanuatu,2004,5.385,1774.31867585894,3.53991532,0.0,140.0,4.948759890378168
Samoa,2004,5.325,2189.26042607992,4.52578545,0.0,140.0,4.948759890378168
"Yemen, Rep.",2004,6.755,627.632023395762,5.5144043,2.92371623795113,140.0,4.948759890378168
South Africa,2004,13.103,5221.46333731721,6.938416,38.3597777084255,0.98185,0.6840307519136635
Zambia,2004,13.109,548.685974566277,5.46587515,0.0,0.6173,0.48075809214359566
Afghanistan,2005,9.913,254.184249149336,9.94828892,0.0,12.66875,2.6151122054429408
Angola,2005,14.31,2145.88621096327,2.54726577,0.0,140.0,4.948759890378168
Albania,2005,5.763,2741.72136549578,5.6621623,5.00624317533652,140.0,4.948759890378168
Andorra,2005,6.076,40829.8116399538,5.58296251,0.0,140.0,4.948759890378168
United Arab Emirates,2005,1.471,38719.3138307623,2.3202107,0.0,140.0,4.948759890378168
Argentina,2005,7.386,5067.65342293276,7.73392439,5.6047423259877,0.30979999999999996,0.2698744538018161
Armenia,2005,8.4,1557.48458908655,5.8618803,1.92924911296119,140.0,4.948759890378168
Antigua and Barbuda,2005,6.343,14368.5708796058,4.46260214,3.76834714013855,140.0,4.948759890378168
Australia,2005,6.4,34535.20727091,7.9648633,1.27620846840694,140.0,4.948759890378168
Austria,2005,9.1,38157.37022862,9.71779728,0.656199514789066,140.0,4.948759890378168
Azerbaijan,2005,6.2,1578.36733030667,2.22960997,0.0,140.0,4.948759890378168
Burundi,2005,12.756,147.234619294225,7.56016588,0.0,300.0,5.707110264748875
Belgium,2005,9.9,36809.7013403619,9.25018311,0.0,140.0,4.948759890378168
Benin,2005,10.967,779.437777753268,3.22345805,0.0,218.0,5.389071729816501
Burkina Faso,2005,13.392,441.164148016012,4.83784914,0.469380905212251,171.90715,5.152754745217676
Bangladesh,2005,6.824,480.08585075452,2.05873919,2.48210654779569,42.0,3.7612001156935624
Bulgaria,2005,14.8,3899.82596332878,6.89011478,2.58607823120566,140.0,4.948759890378168
Bahrain,2005,2.258,17966.1657837625,3.12594414,0.0,140.0,4.948759890378168
"Bahamas, The",2005,6.721,28602.4181869995,4.03196478,15.1209384287019,140.0,4.948759890378168
Bosnia and Herzegovina,2005,8.212,2739.61076866057,8.82041836,0.0,140.0,4.948759890378168
Belarus,2005,14.5,3126.07176665248,6.07036304,0.0,140.0,4.948759890378168
Belize,2005,5.163,5270.41479135312,3.43729496,28.9564420040003,140.0,4.948759890378168
Bolivia,2005,8.79,1020.12326200737,5.07408142,0.0,140.0,4.948759890378168
Brazil,2005,5.896,4827.78165890291,8.03539562,25.7693915381983,140.0,4.948759890378168
Barbados,2005,9.125,14214.4202213572,6.14326382,10.7924646267668,140.0,4.948759890378168
Brunei Darussalam,2005,3.61,29386.2703822862,2.23386168,0.557234223654314,140.0,4.948759890378168
Bhutan,2005,7.362,1299.94938578359,3.83308983,1.66196908586412,140.0,4.948759890378168
Botswana,2005,11.735,5391.07076619634,5.26532936,15.8162746748832,140.0,4.948759890378168
Central African Republic,2005,15.303,311.950023138687,4.22857571,0.0,480.0143,6.175896999393571
Canada,2005,7.1,36383.6600068095,9.03529835,2.04684481799773,140.0,4.948759890378168
Switzerland,2005,8.2,56242.8933645639,10.05823421,0.0,140.0,4.948759890378168
Chile,2005,5.238,7480.32330998636,6.62372065,3.52319921168418,140.0,4.948759890378168
China,2005,6.51,1777.64496828464,4.11230803,1.5854633417248,140.0,4.948759890378168
Cote d'Ivoire,2005,12.344,1197.74616979415,3.96639085,0.0,216.6667,5.382964993747667
Cameroon,2005,12.238,1142.62466252106,3.77274442,0.0,210.745,5.355382720502493
"Congo, Dem. Rep.",2005,13.098,214.539740473519,3.98558235,0.0,140.0,4.948759890378168
"Congo, Rep.",2005,9.616,1799.05158366154,1.71774101,0.0,140.0,4.948759890378168
Colombia,2005,5.085,3456.06610874512,6.06710577,42.9894132012747,1084.3449500000002,6.989653141713995
Comoros,2005,9.456,1105.78796866788,6.13142872,0.0,140.0,4.948759890378168
Cabo Verde,2005,5.425,2004.14680417563,3.34086585,9.07000497819591,140.0,4.948759890378168
Costa Rica,2005,3.844,4703.00721784778,6.66429663,7.86156142343543,140.0,4.948759890378168
Cuba,2005,7.364,3786.33799225291,8.75525475,6.07322282317137,140.0,4.948759890378168
Cyprus,2005,6.253,24959.26171875,5.43580961,1.93021966382329,140.0,4.948759890378168
Czechia,2005,10.6,13442.4916284309,6.33529043,1.05056807279853,140.0,4.948759890378168
Germany,2005,10.1,35084.4363546269,10.1068058,1.27244558514126,140.0,4.948759890378168
Djibouti,2005,9.88,844.4483573908,3.80321956,0.0,4350.0,8.37816098272068
Dominica,2005,10.088,5695.22442394675,4.97772503,11.6389876990449,140.0,4.948759890378168
Denmark,2005,10.1,48925.8076698784,9.06716251,0.0,140.0,4.948759890378168
Dominican Republic,2005,5.618,3878.31206735244,4.35391188,25.9511238657765,140.0,4.948759890378168
Algeria,2005,4.731,3233.13339634212,3.1188612,0.0,140.0,4.948759890378168
Ecuador,2005,4.879,2909.02606014388,5.85904884,0.0,0.47,0.3852624007906449
"Egypt, Arab Rep.",2005,6.09,1105.53920713903,4.92229176,0.643641850868097,140.0,4.948759890378168
Eritrea,2005,8.964,412.753079199423,6.8641758,0.0,140.0,4.948759890378168
Spain,2005,8.8,26450.9530130382,7.77807474,1.17837383727999,140.0,4.948759890378168
Estonia,2005,12.8,10414.6381183565,5.29434633,0.0,140.0,4.948759890378168
Ethiopia,2005,12.074,158.243458082465,4.10098124,0.0,180.0,5.198497031265826
Finland,2005,9.1,39049.8703780223,8.28901291,2.26835951096456,140.0,4.948759890378168
Fiji,2005,7.567,3377.69126953493,3.25656676,2.60658968538463,140.0,4.948759890378168
France,2005,8.5,34696.3718316971,10.23720551,1.58377199706769,140.0,4.948759890378168
"Micronesia, Fed. Sts.",2005,6.947,2207.16844533875,17.94844818,0.0,140.0,4.948759890378168
Gabon,2005,8.926,6547.87613955186,2.92175174,0.0,140.0,4.948759890378168
United Kingdom,2005,9.6,42240.2462987547,8.38108349,1.37797628851015,140.0,4.948759890378168
Georgia,2005,12.152,1642.78359414797,8.07734203,10.009609722088,140.0,4.948759890378168
Ghana,2005,9.314,478.611909191028,3.27344108,1.75060061637178,140.0,4.948759890378168
Guinea,2005,13.241,463.17768685098,4.03452682,0.0,140.0,4.948759890378168
"Gambia, The",2005,9.687,616.483657865348,5.386024,0.0,140.0,4.948759890378168
Guinea-Bissau,2005,13.539,463.073962650452,4.53462505,0.0,140.0,4.948759890378168
Equatorial Guinea,2005,12.348,8673.9026086535,1.42048728,0.0,140.0,4.948759890378168
Greece,2005,9.6,22054.1315756886,8.76117897,1.20203980691416,140.0,4.948759890378168
Grenada,2005,7.223,6338.56011405358,5.14460278,10.0241947609913,140.0,4.948759890378168
Guatemala,2005,5.882,2046.46611650758,6.14826393,40.7866100416894,87.89500000000001,4.487455897968535
Guyana,2005,7.924,1084.06541388904,3.79409742,18.6617672956471,140.0,4.948759890378168
Honduras,2005,4.846,1304.70039153826,7.50086403,42.9506250338895,140.0,4.948759890378168
Heavily indebted poor countries (HIPC),2005,11.649025681955,519.647933058567,4.68187612539666,0.0,140.0,4.948759890378168
Croatia,2005,11.656,10443.5278353294,6.84068108,1.5762830596396,140.0,4.948759890378168
Haiti,2005,9.225,775.845704056916,3.30554652,0.0,45.0,3.828641396489095
Hungary,2005,13.5,11212.2046968994,7.99248505,1.62929455718258,140.0,4.948759890378168
Indonesia,2005,7.376,1238.21447629488,2.53189397,0.0,140.0,4.948759890378168
India,2005,7.819,710.488080408949,3.85508275,3.9054234629053,140.0,4.948759890378168
Ireland,2005,6.8,50933.0216095589,7.64242792,1.25141867559474,140.0,4.948759890378168
"Iran, Islamic Rep.",2005,4.728,3132.0508192007,5.29996157,0.0,140.0,4.948759890378168
Iraq,2005,6.606,1762.39360423421,3.01704645,0.0,140.0,4.948759890378168
Iceland,2005,6.2,57783.7745608117,8.94694996,1.01066419166236,140.0,4.948759890378168
Israel,2005,5.6,21286.8388636595,6.8828454,2.51181369892658,140.0,4.948759890378168
Italy,2005,9.8,32062.723833669,8.30906773,1.04238414237751,140.0,4.948759890378168
Jamaica,2005,6.632,4184.43974867497,5.82104874,62.2984441577624,140.0,4.948759890378168
Jordan,2005,3.636,2087.87079273635,8.49441624,0.0,140.0,4.948759890378168
Japan,2005,8.6,37812.8950199948,7.65818596,0.502684120166819,140.0,4.948759890378168
Kazakhstan,2005,10.248,3577.35804001782,3.90172958,0.0,61.0,4.127134385045092
Kenya,2005,8.6,523.456312433863,4.2174139,3.02711294215376,140.0,4.948759890378168
Kyrgyz Republic,2005,7.2,476.548193640077,7.45010662,9.67422872162259,140.0,4.948759890378168
Cambodia,2005,6.999,525.797325120926,6.15001392,3.333531261752,952.855,6.860511668282135
Kiribati,2005,6.86,1161.78341739977,11.36301994,0.0,140.0,4.948759890378168
St. Kitts and Nevis,2005,8.555,11783.7867154145,4.72803831,17.2276417511898,140.0,4.948759890378168
"Korea, Rep.",2005,5.1,20167.0474902506,4.65223551,0.858964633866176,140.0,4.948759890378168
Kuwait,2005,2.088,36122.6142741227,2.013309,1.83298551315547,140.0,4.948759890378168
Lao PDR,2005,8.656,466.061506997741,3.33673191,0.0,140.0,4.948759890378168
Lebanon,2005,4.158,4602.19804637945,7.54867649,0.0,140.0,4.948759890378168
Liberia,2005,11.392,287.487333441381,6.69497347,0.0,140.0,4.948759890378168
Libya,2005,4.646,8079.24957329001,2.51707149,0.0,140.0,4.948759890378168
St. Lucia,2005,6.247,6863.43641919345,4.86039829,24.7809754638122,140.0,4.948759890378168
Sri Lanka,2005,6.415,1207.21994764165,3.87908745,6.02972088501167,30.755,3.4580501932549383
Low & middle income,2005,7.80380937437523,1736.10100020162,4.90282514843614,0.0,140.0,4.948759890378168
Lesotho,2005,20.455,861.381496414995,4.67452669,0.0,140.0,4.948759890378168
Late-demographic dividend,2005,7.21546769267763,2939.98271894785,5.05095329733958,0.0,140.0,4.948759890378168
Lithuania,2005,13.2,7857.03148786492,5.64637566,11.1971869776715,140.0,4.948759890378168
Luxembourg,2005,7.8,80988.1376230858,7.12328196,0.859543131337116,140.0,4.948759890378168
Latvia,2005,14.6,7283.78738127622,6.08161736,0.0,140.0,4.948759890378168
Morocco,2005,6.195,2242.98828125,4.37350655,1.54489022780839,140.0,4.948759890378168
Monaco,2005,9.921,130538.742587117,4.5028882,0.0,140.0,4.948759890378168
Moldova,2005,12.425,1034.39197746993,9.55814838,7.42102283004968,140.0,4.948759890378168
Madagascar,2005,8.793,305.812074924388,5.21557808,0.0,1037.05,6.945099232122558
Maldives,2005,3.66,3796.51546524644,8.82753372,0.0,140.0,4.948759890378168
Mexico,2005,5.537,8671.75891885163,5.58110142,9.37610715749773,6.0,1.9459101490553132
Marshall Islands,2005,6.637,2658.65217893885,18.45293236,0.0,140.0,4.948759890378168
North Macedonia,2005,9.0,3120.98401394233,7.67907524,0.0,140.0,4.948759890378168
Mali,2005,13.843,548.730382842725,5.19517279,0.0,175.0,5.170483995038151
Malta,2005,7.8,15831.344048672,8.69497585,0.967774324705222,140.0,4.948759890378168
Myanmar,2005,9.637,252.685193060728,2.3447094,1.42500695375989,140.0,4.948759890378168
Mongolia,2005,7.018,994.90010913241,3.86456275,15.5258847316187,140.0,4.948759890378168
Mozambique,2005,13.277,436.773856167384,4.21435642,5.3633248753027,12.9505,2.6355153499189616
Mauritania,2005,7.494,998.96583416747,3.40312648,0.0,50.35,3.9386649363745674
Mauritius,2005,7.0,5354.02974260642,3.51794028,0.0,140.0,4.948759890378168
Malawi,2005,14.32,414.361121984475,4.30046511,1.55762857746883,20.255000000000003,3.0565921618107534
Malaysia,2005,4.187,5555.58179951206,2.78692698,2.33781672263912,140.0,4.948759890378168
Namibia,2005,12.582,3685.77299991587,10.82506466,0.0,140.0,4.948759890378168
Niger,2005,14.258,318.643121918273,5.87749624,0.0,227.97,5.433590990605606
Nigeria,2005,15.692,1211.37703504386,4.46591949,0.0,218.12695,5.389651242232036
Nicaragua,2005,5.21,1183.30214010175,6.22468948,13.6463048137106,406.64,6.010384431960492
Netherlands,2005,8.4,42165.396168388,9.05984592,1.05674155563289,140.0,4.948759890378168
Norway,2005,8.9,67047.1704558264,8.29899502,0.713803047463144,140.0,4.948759890378168
Nepal,2005,7.247,309.024168339372,3.95095325,3.33720291767318,18.5,2.970414465569701
Nauru,2005,8.098,2992.40382776926,10.82081795,0.0,140.0,4.948759890378168
New Zealand,2005,6.54,27751.0654708859,8.27324677,1.47520928927198,140.0,4.948759890378168
Oman,2005,2.766,14434.8577924647,2.26479053,2.15464496735916,140.0,4.948759890378168
Pakistan,2005,8.411,827.619861189926,2.37323904,5.5752755168276,16.75625,2.876737566620361
Panama,2005,4.589,5017.74110414832,6.20666599,10.9869362611305,140.0,4.948759890378168
Peru,2005,5.926,2706.66947297608,4.66598511,0.0,2.4299999999999997,1.2325602611778486
Philippines,2005,5.357,1220.46018559867,3.74253035,0.0,21.0,3.091042453358316
Palau,2005,9.915,9635.28357539048,8.63174248,0.0,140.0,4.948759890378168
Papua New Guinea,2005,7.738,744.486489977433,2.44874048,9.22596029165051,140.0,4.948759890378168
Poland,2005,9.6,8043.92332253757,5.79073858,0.0,140.0,4.948759890378168
Portugal,2005,10.2,18780.12751241,9.65306759,1.28534783916604,140.0,4.948759890378168
Paraguay,2005,5.175,1970.87169852378,4.82934713,16.2809142348236,140.0,4.948759890378168
West Bank and Gaza,2005,4.0,1543.70141392774,10.99557114,2.33316434289589,140.0,4.948759890378168
Qatar,2005,1.634,53949.6764091147,2.56300044,0.726913675972171,140.0,4.948759890378168
Romania,2005,12.3,4618.00350802913,5.52778196,2.0411638640929,140.0,4.948759890378168
Russian Federation,2005,16.1,5323.455078125,4.77177477,24.6448972080224,140.0,4.948759890378168
Rwanda,2005,10.253,324.016863847189,7.71997023,0.0,155.13549999999998,5.050724219987348
Saudi Arabia,2005,2.777,15975.7473782258,3.4186728,1.4445602578613,140.0,4.948759890378168
Sudan,2005,10.599,905.543640136719,4.09418154,0.0,3.605,1.5271426697072703
Senegal,2005,9.155,979.846101520171,3.67466521,0.0,200.0,5.303304908059076
Singapore,2005,4.4,29961.3172812732,3.03367925,0.0,140.0,4.948759890378168
Solomon Islands,2005,5.94,1144.49233397681,9.01794529,5.38212575336823,140.0,4.948759890378168
Sierra Leone,2005,17.026,462.633324427945,5.23005009,1.79943971990539,140.0,4.948759890378168
El Salvador,2005,7.239,2447.39140845394,9.20057869,64.6399118153084,34.375,3.5660053559634015
San Marino,2005,7.3,59877.8005839737,4.88683653,0.0,140.0,4.948759890378168
Serbia,2005,14.3,3807.97417321786,8.09346867,1.94982632618366,140.0,4.948759890378168
Small states,2005,8.41749669786371,7779.765881341,5.45418113434391,0.0,140.0,4.948759890378168
Sao Tome and Principe,2005,8.68,844.169181884274,10.35199738,0.0,140.0,4.948759890378168
Suriname,2005,8.151,3453.42865937765,5.2439642,13.2867974485498,140.0,4.948759890378168
Slovak Republic,2005,10.0,11641.5410321763,6.61619043,1.72968710332277,140.0,4.948759890378168
Slovenia,2005,9.4,17969.7095907161,8.0534668,1.00154563530168,140.0,4.948759890378168
Sweden,2005,10.2,43378.4077394363,8.15987301,0.919181722281867,140.0,4.948759890378168
Eswatini,2005,17.757,2871.06877437449,7.37623358,12.882041738742,140.0,4.948759890378168
Seychelles,2005,8.1,11802.1118276833,4.44606543,0.0,140.0,4.948759890378168
Syrian Arab Republic,2005,3.902,1533.90166536568,4.12713289,2.28552099593863,140.0,4.948759890378168
Chad,2005,16.561,838.092107712557,3.73196912,0.0,206.0,5.332718793265369
East Asia & Pacific (IDA & IBRD countries),2005,6.59545618279504,1673.19096529507,3.83818762161136,0.0,140.0,4.948759890378168
Europe & Central Asia (IDA & IBRD countries),2005,11.9169825831535,4660.80836930066,5.22436399490479,0.0,140.0,4.948759890378168
Togo,2005,11.065,551.259850017077,3.98242044,0.0,215.5,5.377590547442544
Thailand,2005,6.575,2867.70383436062,3.15972233,7.27989678542343,8.75,2.277267285009756
Tajikistan,2005,6.137,333.927150941684,5.21024704,2.26723984993183,1.3,0.832909122935104
Turkmenistan,2005,6.644,1604.01618452312,5.58886814,4.07738561201459,140.0,4.948759890378168
Latin America & the Caribbean (IDA & IBRD countries),2005,5.88323664165961,5103.97068943224,6.66335555019692,0.0,140.0,4.948759890378168
Timor-Leste,2005,8.384,487.464506929223,5.28044748,4.8507319069018,140.0,4.948759890378168
"Middle East, North Africa, Afghanistan & Pakistan (IDA & IBRD)",2005,6.68549342248211,1657.84296915154,4.21285880985359,0.0,140.0,4.948759890378168
Tonga,2005,6.406,2477.72620144825,4.38560247,3.78533372448448,140.0,4.948759890378168
South Asia (IDA & IBRD),2005,7.67867478066212,686.338193475473,3.72779031080319,0.0,140.0,4.948759890378168
Sub-Saharan Africa (IDA & IBRD countries),2005,12.7597603208199,1073.52977403181,5.21706322418566,0.0,140.0,4.948759890378168
Trinidad and Tobago,2005,6.743,12346.4373094075,4.43451166,28.549567337224,140.0,4.948759890378168
Tunisia,2005,5.246,3146.8260743927,5.14555788,2.53523179941246,140.0,4.948759890378168
Turkiye,2005,5.832,7331.85429430255,4.89389706,4.76708660324403,140.0,4.948759890378168
Tuvalu,2005,9.628,2304.82694329052,10.06694317,0.0,140.0,4.948759890378168
Tanzania,2005,10.222,483.334869384766,6.32282543,0.0,140.0,4.948759890378168
Uganda,2005,11.177,330.405402707025,5.80516291,0.0,140.0,4.948759890378168
Ukraine,2005,16.22,1875.33508300781,6.3461585,6.36747840037847,140.0,4.948759890378168
Uruguay,2005,9.336,5284.25677987129,7.72390509,5.78250888452056,140.0,4.948759890378168
United States,2005,8.3,44123.4070679055,14.57946205,0.0,140.0,4.948759890378168
Uzbekistan,2005,6.614,542.835808692209,4.781991,3.45259657932287,140.0,4.948759890378168
St. Vincent and the Grenadines,2005,8.444,5157.39373878102,3.83410811,23.1214900911076,140.0,4.948759890378168
Viet Nam,2005,5.751,710.746759994861,4.31821251,1.298584174516,140.0,4.948759890378168
Vanuatu,2005,5.357,1873.99142640619,3.30490398,0.0,140.0,4.948759890378168
Samoa,2005,5.438,2550.04221437511,4.63365459,0.0,140.0,4.948759890378168
"Yemen, Rep.",2005,6.503,734.159908450927,5.20585251,0.0,140.0,4.948759890378168
South Africa,2005,13.333,5836.87663325127,6.86216164,37.4378416502353,0.7824,0.5779607707508279
Zambia,2005,12.371,710.982068171696,6.33088684,0.0,0.8333,0.6061176215868426
Afghanistan,2006,9.659,274.218553561575,10.62276554,0.0,13.3375,2.662878482455489
Angola,2006,13.757,2930.4442860732,2.39833426,0.0,140.0,4.948759890378168
Albania,2006,5.715,3057.77257038113,5.56553745,3.11392865202781,140.0,4.948759890378168
Andorra,2006,5.836,43467.1963063068,4.95078182,0.0,140.0,4.948759890378168
United Arab Emirates,2006,1.444,44342.6048322482,2.3254137,0.0,140.0,4.948759890378168
Argentina,2006,7.445,5869.38028970204,7.70940399,5.32783270151026,0.34765,0.2983623348598838
Armenia,2006,8.7,2041.65267068997,5.85007095,2.64180737077633,140.0,4.948759890378168
Antigua and Barbuda,2006,6.263,16173.8136329968,4.11220551,13.6469654111458,140.0,4.948759890378168
Australia,2006,6.4,36658.8243476122,7.97161102,1.36470308152627,140.0,4.948759890378168
Austria,2006,9.0,40382.2078298575,9.64073944,0.737614857062635,140.0,4.948759890378168
Azerbaijan,2006,6.2,2472.95725732287,2.07059145,0.0,140.0,4.948759890378168
Burundi,2006,12.264,161.892755640319,8.71264839,0.0,350.0,5.860786223465865
Belgium,2006,9.6,38705.1067959147,9.1325655,0.0,140.0,4.948759890378168
Benin,2006,10.853,809.147072506221,3.28773856,0.0,135.625,4.917239946496703
Burkina Faso,2006,13.049,455.513655620024,5.17043304,0.498945237000072,128.7129,4.865323546669535
Bangladesh,2006,6.634,490.388026533289,2.10646582,2.84551231101236,38.0,3.6635616461296463
Bulgaria,2006,14.9,4523.1465578805,6.52544546,2.43446129167281,140.0,4.948759890378168
Bahrain,2006,2.203,19267.282615072,2.98138189,0.0,140.0,4.948759890378168
"Bahamas, The",2006,6.827,29184.7865087908,4.30935764,17.5098672407607,140.0,4.948759890378168
Bosnia and Herzegovina,2006,8.883,3166.12865344833,8.88362694,0.0,140.0,4.948759890378168
Belarus,2006,14.2,3848.22350300163,5.57366323,0.0,140.0,4.948759890378168
Belize,2006,5.115,5524.78167834986,3.54883528,31.9579266947688,140.0,4.948759890378168
Bolivia,2006,8.648,1202.71150446327,4.66087532,0.0,140.0,4.948759890378168
Brazil,2006,5.836,5934.14561857454,8.24952507,26.3403064568888,140.0,4.948759890378168
Barbados,2006,9.121,15619.6005955511,5.90468073,12.9628909469021,140.0,4.948759890378168
Brunei Darussalam,2006,3.676,34674.7995236452,1.9072516,0.822678504096253,140.0,4.948759890378168
Bhutan,2006,7.26,1405.6071618158,4.08523893,1.34168257430126,14.92,2.767576180416237
Botswana,2006,11.422,5291.58379144849,4.87599421,13.9235904298522,140.0,4.948759890378168
Central African Republic,2006,15.036,333.942519903031,4.31108665,0.0,470.01800000000003,6.154896309846693
Canada,2006,7.0,40504.0370977806,9.33188725,1.85596882167745,140.0,4.948759890378168
Switzerland,2006,8.1,59011.0324592016,9.5802002,0.0,140.0,4.948759890378168
Chile,2006,5.377,9318.65655296121,6.07235622,3.57376612166027,140.0,4.948759890378168
China,2006,6.81,2129.25696999613,3.88655019,1.3636011505677,140.0,4.948759890378168
Cote d'Ivoire,2006,11.996,1230.43056838584,3.92861462,0.0,216.25,5.381048764145501
Cameroon,2006,11.978,1191.45458990968,3.73662829,0.0,222.035,5.407328709817296
"Congo, Dem. Rep.",2006,12.803,255.445229568751,4.06210661,0.0,140.0,4.948759890378168
"Congo, Rep.",2006,9.246,2103.5821381211,1.70861316,0.0,140.0,4.948759890378168
Colombia,2006,5.042,3789.85361217027,6.33546638,40.9429758324124,1198.0,7.089243155027514
Comoros,2006,9.293,1138.47908404345,5.77341843,0.0,140.0,4.948759890378168
Cabo Verde,2006,5.351,2256.99666191075,3.82406759,7.13226790836055,140.0,4.948759890378168
Costa Rica,2006,3.892,5256.59640859159,6.93530846,8.12248146668412,140.0,4.948759890378168
Cuba,2006,7.701,4329.98265964383,8.2719059,5.10703924232108,140.0,4.948759890378168
Cyprus,2006,6.175,26729.28125,5.46357489,1.42258572975803,140.0,4.948759890378168
Czechia,2006,10.2,15259.0788162004,6.16489983,1.26157390952584,140.0,4.948759890378168
Germany,2006,10.0,36980.3349948954,9.96236897,1.20927315205162,140.0,4.948759890378168
Djibouti,2006,9.641,898.464628136774,4.21972466,0.0,4750.0,8.46611040118692
Dominica,2006,10.252,6055.78109574854,4.78092194,7.26675532108158,140.0,4.948759890378168
Denmark,2006,10.2,52119.1787984282,9.15257931,0.0,140.0,4.948759890378168
Dominican Republic,2006,5.682,4055.14270347371,3.99365425,22.9521262431175,28.425,3.3818446531463406
Algeria,2006,4.724,3660.66104745322,3.18999887,0.927922269616976,140.0,4.948759890378168
Ecuador,2006,4.923,3243.67010359339,5.93617773,0.0,0.47,0.3852624007906449
"Egypt, Arab Rep.",2006,6.086,1298.97900203124,4.84190083,0.663841988774831,140.0,4.948759890378168
Eritrea,2006,8.633,447.997404727201,6.85727453,0.0,140.0,4.948759890378168
Spain,2006,8.3,28421.686527407,7.87072468,1.06498542161369,140.0,4.948759890378168
Estonia,2006,12.9,12641.4800976473,4.97308683,0.0,140.0,4.948759890378168
Ethiopia,2006,11.427,189.345737521418,4.45757294,0.0,161.5,5.090678001769792
Finland,2006,9.1,41214.0187765069,8.2858429,2.25967394424093,140.0,4.948759890378168
Fiji,2006,7.616,3455.10599907349,3.34798193,2.4708953794818,140.0,4.948759890378168
France,2006,8.3,36431.5658906555,10.39764977,1.41660322639846,140.0,4.948759890378168
"Micronesia, Fed. Sts.",2006,7.04,2244.97227274486,10.87018681,0.0,140.0,4.948759890378168
Gabon,2006,8.755,6847.00985685394,3.14623928,0.0,140.0,4.948759890378168
United Kingdom,2006,9.4,44695.161023424,8.53970814,1.4119320989405,140.0,4.948759890378168
Georgia,2006,12.353,1996.02013272284,7.63208008,8.08188677777051,140.0,4.948759890378168
Ghana,2006,9.161,906.441027564887,3.67208791,1.78813996205498,27.72,3.3575937441800234
Guinea,2006,12.925,446.980554135013,3.61526895,0.0,140.0,4.948759890378168
"Gambia, The",2006,9.373,614.544307904464,5.43720818,0.0,140.0,4.948759890378168
Guinea-Bissau,2006,12.778,448.513075469701,5.07826185,0.0,140.0,4.948759890378168
Equatorial Guinea,2006,12.01,10184.8841248541,1.41217864,0.0,140.0,4.948759890378168
Greece,2006,9.6,24416.0232970275,8.39596939,0.99853818548455,140.0,4.948759890378168
Grenada,2006,7.209,6344.0383771432,5.11352158,10.8957683559648,140.0,4.948759890378168
Guatemala,2006,5.666,2225.1234753878,6.36362219,44.0248234172562,88.655,4.495968970944327
Guyana,2006,7.852,3135.60553528326,3.93144464,20.158992524703,140.0,4.948759890378168
Honduras,2006,4.793,1425.84780051892,7.86318684,40.7218024373527,140.0,4.948759890378168
Heavily indebted poor countries (HIPC),2006,11.1853995928723,593.211178044594,4.87279634893958,0.0,140.0,4.948759890378168
Croatia,2006,11.341,11501.2099669894,6.90362167,1.71462996431716,140.0,4.948759890378168
Haiti,2006,9.04,828.805700289589,3.48013902,0.0,50.0,3.9318256327243257
Hungary,2006,13.1,11478.4891640501,7.78556442,1.7313531031967,140.0,4.948759890378168
Indonesia,2006,7.423,1558.31562847163,2.61946416,0.0,140.0,4.948759890378168
India,2006,7.67,801.668353659022,3.66901541,3.83338811896998,140.0,4.948759890378168
Ireland,2006,6.7,54329.1618599624,7.51646996,1.4524064559467,140.0,4.948759890378168
"Iran, Islamic Rep.",2006,4.673,3618.91601364428,5.15990877,0.0,140.0,4.948759890378168
Iraq,2006,7.101,2276.55435744086,2.49370432,0.0,140.0,4.948759890378168
Iceland,2006,6.3,58172.1426656622,8.55709076,0.0,140.0,4.948759890378168
Israel,2006,5.5,22527.2619795719,6.70000744,2.23552448582389,140.0,4.948759890378168
Italy,2006,9.6,33537.1286994269,8.39791012,1.06374952167439,140.0,4.948759890378168
Jamaica,2006,6.664,4417.00127135363,5.51022339,49.611852049312,140.0,4.948759890378168
Jordan,2006,3.486,2342.63459574933,7.67925692,0.0,140.0,4.948759890378168
Japan,2006,8.6,35991.546002862,7.68688869,0.48360414937829,140.0,4.948759890378168
Kazakhstan,2006,10.124,5030.13494711519,3.39824843,0.0,73.0,4.30406509320417
Kenya,2006,8.323,699.80237063381,5.0134387,2.99685605964534,81.261,4.4098971193050955
Kyrgyz Republic,2006,7.4,543.113512472219,8.3118391,8.70349363308218,140.0,4.948759890378168
Cambodia,2006,6.793,612.252648550727,5.36440325,2.93276041858556,918.92855,6.824296003983678
Kiribati,2006,6.892,1123.19258990684,11.30852318,0.0,140.0,4.948759890378168
St. Kitts and Nevis,2006,8.523,13837.8495311219,4.98203421,36.5053630673094,140.0,4.948759890378168
"Korea, Rep.",2006,5.0,22609.7059431449,4.95851803,0.865877155391301,140.0,4.948759890378168
Kuwait,2006,2.08,42946.6374104066,1.8213098,1.90296284972493,140.0,4.948759890378168
Lao PDR,2006,8.476,579.391947440719,2.93200922,0.0,140.0,4.948759890378168
Lebanon,2006,4.393,4635.2514117486,8.66057873,0.0,140.0,4.948759890378168
Liberia,2006,11.021,320.55808618515,5.77426577,0.0,175.0,5.170483995038151
Libya,2006,4.593,10048.8480434289,2.29996443,0.0,140.0,4.948759890378168
St. Lucia,2006,6.233,7611.17856675319,5.1270175,25.8042835110628,140.0,4.948759890378168
Sri Lanka,2006,6.632,1388.89739119932,3.85019565,10.0430361788586,32.75,3.518980417318539
Low & middle income,2006,7.78221643657919,2015.80026970912,4.84103004159867,0.0,140.0,4.948759890378168
Lesotho,2006,20.795,925.467485502842,5.40532398,0.0,140.0,4.948759890378168
Late-demographic dividend,2006,7.32311176965858,3525.67817486105,4.9720023877044,0.0,140.0,4.948759890378168
Lithuania,2006,13.7,9210.10118229413,5.85725737,8.80785660809442,140.0,4.948759890378168
Luxembourg,2006,8.0,90788.8004876145,6.6364212,1.48033480943861,140.0,4.948759890378168
Latvia,2006,14.9,9211.7374468148,6.02127075,0.0,140.0,4.948759890378168
Morocco,2006,6.155,2438.12646484375,4.56586647,1.61839760600646,140.0,4.948759890378168
Monaco,2006,10.266,143083.461107202,4.29611254,0.0,140.0,4.948759890378168
Moldova,2006,12.463,1183.02481442894,10.54445267,6.68142956581036,140.0,4.948759890378168
Madagascar,2006,8.536,324.146874882604,5.07203865,0.0,1036.0,6.9440872082295275
Maldives,2006,3.635,5018.94335409159,8.04819012,0.0,140.0,4.948759890378168
Mexico,2006,5.575,9512.63575346699,5.40647888,9.74512148491559,7.779999999999999,2.172476407647025
Marshall Islands,2006,6.626,2754.26988767503,22.29854774,0.0,140.0,4.948759890378168
North Macedonia,2006,9.1,3440.4411057968,7.38314581,2.20176495393285,140.0,4.948759890378168
Mali,2006,13.459,586.985415515264,5.4559021,0.0,146.35500000000002,4.992844641421029
Malta,2006,7.9,16653.6036929688,8.84659672,0.0,140.0,4.948759890378168
Myanmar,2006,9.567,303.495087119254,2.26559186,1.62602866324403,140.0,4.948759890378168
Mongolia,2006,6.868,1329.89179579053,3.74971509,12.9992952911794,140.0,4.948759890378168
Mozambique,2006,12.926,457.487647833183,3.94559026,4.30074700463675,15.5,2.803360380906535
Mauritania,2006,7.242,1300.60367988659,2.70252752,0.0,53.45,3.9972828493789696
Mauritius,2006,7.4,5784.22491883026,3.60573649,0.0,140.0,4.948759890378168
Malawi,2006,13.667,440.822149023873,4.91223288,6.2203093403021,21.755000000000003,3.1247849014686055
Malaysia,2006,4.165,6158.40785533236,3.10897732,2.22576283384124,140.0,4.948759890378168
Namibia,2006,12.318,4017.1834716928,11.30290031,0.0,140.0,4.948759890378168
Niger,2006,13.586,333.345078419447,5.99335575,0.0,181.45,5.206476162882456
Nigeria,2006,15.43,1599.53891556365,4.25775146,0.0,360.7513,5.890956959147154
Nicaragua,2006,5.115,1248.17371577788,6.35756445,13.3238467052683,434.43,6.0763340485857364
Netherlands,2006,8.3,45123.5432406426,9.03575516,0.776046758999861,140.0,4.948759890378168
Norway,2006,8.9,74434.4996835671,7.8822999,0.708079443938776,140.0,4.948759890378168
Nepal,2006,7.043,340.431796437968,3.54402447,2.29621777735944,21.0,3.091042453358316
Nauru,2006,8.178,2910.14145794684,12.41761494,0.0,140.0,4.948759890378168
New Zealand,2006,6.75,26654.5932018985,8.63846684,1.17170499815875,140.0,4.948759890378168
Oman,2006,2.727,16930.8565071853,2.01985121,4.81152539272585,140.0,4.948759890378168
Pakistan,2006,7.904,900.873564984808,2.73132491,5.5920801274736,15.5,2.803360380906535
Panama,2006,4.579,5528.76705854901,6.54604864,6.54810061378814,0.735,0.5510074133988225
Peru,2006,6.079,3129.55996496982,4.409585,0.0,2.47,1.244154593958768
Philippines,2006,5.519,1426.14649179546,3.77762938,0.0,21.18,3.099190981922221
Palau,2006,9.798,9881.65970716981,8.73999214,0.0,140.0,4.948759890378168
Papua New Guinea,2006,7.681,1238.18282926706,2.42600322,9.04009057874364,140.0,4.948759890378168
Poland,2006,9.7,9068.85528307627,5.78148365,0.0,140.0,4.948759890378168
Portugal,2006,9.7,19839.4540499032,9.35422611,0.0,140.0,4.948759890378168
Paraguay,2006,5.171,2439.43124694576,5.01927567,13.4782946324326,140.0,4.948759890378168
West Bank and Gaza,2006,3.9,1570.10439962728,10.50240231,0.0,140.0,4.948759890378168
Qatar,2006,1.461,62582.4453138755,2.288064,0.513963884785744,140.0,4.948759890378168
Romania,2006,12.2,5757.53127301178,5.07106066,1.69711228263622,140.0,4.948759890378168
Russian Federation,2006,15.1,6920.19970703125,4.76654387,20.0162456079663,140.0,4.948759890378168
Rwanda,2006,9.52,356.995022901154,7.60511971,3.43038564632014,178.8435,5.192087028259722
Saudi Arabia,2006,2.741,17563.6145370639,3.61922002,1.18830462202966,140.0,4.948759890378168
Sudan,2006,9.063,1132.474609375,4.88544321,0.0,2.375,1.2163953243244932
Senegal,2006,8.769,1017.20196747987,3.76337624,0.0,172.5,5.156177599386914
Singapore,2006,4.4,33768.4528234651,2.9347465,0.385744866530007,140.0,4.948759890378168
Solomon Islands,2006,5.922,1255.62447417684,8.00802231,4.6786623500921,140.0,4.948759890378168
Sierra Leone,2006,16.182,580.26796974773,5.29913139,1.79572602981332,140.0,4.948759890378168
El Salvador,2006,7.496,2665.61807194853,8.69338894,65.4247078983383,27.655,3.355327948003701
San Marino,2006,7.5,63270.7780755157,4.91361904,0.0,140.0,4.948759890378168
Serbia,2006,13.88,4492.7136699046,8.28575706,2.07684499553911,140.0,4.948759890378168
Small states,2006,8.38077932111043,8649.72106282857,5.27084046702917,0.0,140.0,4.948759890378168
Sao Tome and Principe,2006,8.322,861.970707697664,7.10559654,2.41490479237856,140.0,4.948759890378168
Suriname,2006,7.811,5002.65798695759,5.85598755,11.8095912929026,140.0,4.948759890378168
Slovak Republic,2006,9.9,13167.8954730379,6.8522706,1.5250576267202,140.0,4.948759890378168
Slovenia,2006,9.1,19563.005059144,7.8671999,0.599067252288187,140.0,4.948759890378168
Sweden,2006,10.0,46531.3762240485,8.0421772,1.00213388442621,140.0,4.948759890378168
Eswatini,2006,17.355,2964.95865200682,7.82560062,11.7111567672043,140.0,4.948759890378168
Seychelles,2006,7.8,12782.9938926475,4.33191252,9.95872661082403,140.0,4.948759890378168
Syrian Arab Republic,2006,3.798,1718.78347217338,3.79620314,2.27122008950186,140.0,4.948759890378168
Chad,2006,16.489,906.897260572747,3.73417258,0.0,166.0,5.117993812416755
East Asia & Pacific (IDA & IBRD countries),2006,6.8131926207524,1999.86070779606,3.68821208538104,0.0,140.0,4.948759890378168
Europe & Central Asia (IDA & IBRD countries),2006,11.5548642849546,5632.99003233827,5.20074394688617,0.0,140.0,4.948759890378168
Togo,2006,10.93,552.50227125256,4.30967808,0.0,173.0,5.159055299214529
Thailand,2006,6.58,3331.32043511773,3.09970832,7.04095366870716,7.6,2.151762203259462
Tajikistan,2006,5.983,401.018403316427,5.03254795,2.74882284141425,1.7,0.9932517730102833
Turkmenistan,2006,6.597,1996.59310717308,4.92075682,3.94396423387863,140.0,4.948759890378168
Latin America & the Caribbean (IDA & IBRD countries),2006,5.88161183972186,5926.88266865218,6.71016409784094,0.0,140.0,4.948759890378168
Timor-Leste,2006,8.212,464.667016791076,6.00192022,5.01742274448928,140.0,4.948759890378168
"Middle East, North Africa, Afghanistan & Pakistan (IDA & IBRD)",2006,6.50523440604416,1885.14870247669,4.20344584328493,0.0,140.0,4.948759890378168
Tonga,2006,6.375,2750.34778600857,5.47225046,7.52919917555269,140.0,4.948759890378168
South Asia (IDA & IBRD),2006,7.53029688715617,769.378704313512,3.57308973934196,0.0,140.0,4.948759890378168
Sub-Saharan Africa (IDA & IBRD countries),2006,12.3541915153232,1234.13340009531,5.13291707106771,0.0,140.0,4.948759890378168
Trinidad and Tobago,2006,6.771,14152.6607422113,4.15431976,27.3055528160047,140.0,4.948759890378168
Tunisia,2006,5.309,3322.56933570096,5.13109922,2.40663186554563,140.0,4.948759890378168
Turkiye,2006,5.875,7990.08251407245,5.14591694,4.52278419997034,140.0,4.948759890378168
Tuvalu,2006,9.587,2396.26844307702,12.17554379,0.0,140.0,4.948759890378168
Tanzania,2006,9.755,475.746734619141,7.598279,0.0,140.0,4.948759890378168
Uganda,2006,10.456,346.518255310647,6.463305,0.0,345.419,5.847649025068606
Ukraine,2006,16.149,2366.494140625,6.4171896,6.25651793325215,140.0,4.948759890378168
Uruguay,2006,9.423,6001.33294783172,7.70998907,6.14073873999033,140.0,4.948759890378168
United States,2006,8.1,46302.0008800056,14.70878792,5.79419136382991,140.0,4.948759890378168
Uzbekistan,2006,6.564,649.118167003925,4.75141335,3.22483462750267,140.0,4.948759890378168
St. Vincent and the Grenadines,2006,8.621,5744.8278621257,3.6556716,17.8549109932687,140.0,4.948759890378168
Viet Nam,2006,5.772,807.756645117054,4.56979847,1.27543729928635,140.0,4.948759890378168
Vanuatu,2006,5.411,2034.79289624351,3.32229328,0.0,140.0,4.948759890378168
Samoa,2006,5.497,2663.29135939532,4.88451385,0.0,140.0,4.948759890378168
"Yemen, Rep.",2006,6.292,809.713127624703,5.52930164,0.0,140.0,4.948759890378168
South Africa,2006,13.392,6077.38293388876,6.87650871,38.213316830898,1.2576999999999998,0.8143465959617898
Zambia,2006,11.702,1051.71714895686,5.5774231,0.0,0.7353,0.551180309114321
Afghanistan,2007,9.487,376.223152003876,9.90467453,0.0,18.2375,2.9568614991649977
Angola,2007,12.98,3515.05678986535,2.65790844,0.0,140.0,4.948759890378168
Albania,2007,5.609,3743.05529896187,5.85639858,3.47350066343863,140.0,4.948759890378168
Andorra,2007,5.865,48336.2548304926,4.94078732,0.0,140.0,4.948759890378168
United Arab Emirates,2007,1.34,45854.7325158162,2.56602693,0.0,140.0,4.948759890378168
Argentina,2007,7.899,7185.25155147027,7.86196613,5.34525993519266,0.44245,0.36634305675431433
Armenia,2007,8.6,2962.70234594569,5.49814034,2.58839277280399,140.0,4.948759890378168
Antigua and Barbuda,2007,6.157,18204.5124043068,3.92354655,20.8068148438265,140.0,4.948759890378168
Australia,2007,6.7,41128.2476618402,8.0517149,1.21691956283382,140.0,4.948759890378168
Austria,2007,9.0,46622.9622913635,9.60482597,0.542367847855454,140.0,4.948759890378168
Azerbaijan,2007,6.3,3851.33015175141,1.99422264,2.14083972909202,0.39,0.3293037471426004
Burundi,2007,11.768,166.162744906755,9.1855402,0.0,400.0,5.993961427306569
Belgium,2007,9.5,44319.165448813,9.1392889,0.0,140.0,4.948759890378168
Benin,2007,10.661,912.338247188342,2.93715644,0.0,232.5,5.453182077108952
Burkina Faso,2007,12.653,514.684451177238,5.77535009,0.659555211401829,114.4282,4.748648691638823
Bangladesh,2007,6.51,537.955492792911,2.17268491,2.61032424254411,42.3295,3.7688336963360585
Bulgaria,2007,15.0,5888.57081403932,6.15651751,2.3329723596816,140.0,4.948759890378168
Bahrain,2007,2.151,20908.4042548073,3.16071057,0.378284574027927,140.0,4.948759890378168
"Bahamas, The",2007,6.948,30051.8489587756,4.49598694,22.0753988076454,140.0,4.948759890378168
Bosnia and Herzegovina,2007,9.167,3931.48948737505,9.25501442,1.64448112135673,140.0,4.948759890378168
Belarus,2007,13.7,4735.48107556066,5.6917243,6.7864785114628,140.0,4.948759890378168
Belize,2007,5.104,5762.21023302938,4.05345058,32.7592029719689,140.0,4.948759890378168
Bolivia,2007,8.465,1354.54905949929,4.6968894,0.0,140.0,4.948759890378168
Brazil,2007,5.793,7409.69003822861,8.20182991,25.3144591379199,140.0,4.948759890378168
Barbados,2007,9.064,17235.4396434785,5.36863089,9.21528188625762,140.0,4.948759890378168
Brunei Darussalam,2007,3.752,36217.3290706015,1.94145441,0.808903329311286,140.0,4.948759890378168
Bhutan,2007,7.059,1850.41570433398,3.83774948,2.06294638844396,16.1,2.8390784635086144
Botswana,2007,10.633,5529.12574632532,5.52080727,14.6504737073704,140.0,4.948759890378168
Central African Republic,2007,14.6,380.887048839475,4.6338892,0.0,422.94475,6.049603140137541
Canada,2007,7.2,44660.0838892281,9.4346962,1.8040520550306,140.0,4.948759890378168
Switzerland,2007,8.1,64989.1553256031,9.41693783,0.0,140.0,4.948759890378168
Chile,2007,5.494,10346.4138184533,6.21259642,3.6949106294991,140.0,4.948759890378168
China,2007,6.93,2734.72709877693,3.61737728,1.21578178296856,140.0,4.948759890378168
Cote d'Ivoire,2007,11.611,1367.53817722326,4.19379663,0.0,175.0,5.170483995038151
Cameroon,2007,11.703,1325.67248215933,3.79498792,0.0,204.86,5.327196326098413
"Congo, Dem. Rep.",2007,12.53,294.101615124419,3.89384961,0.0,140.0,4.948759890378168
"Congo, Rep.",2007,8.964,2206.47101863414,1.90200174,0.0,140.0,4.948759890378168
Colombia,2007,5.065,4769.926147194,6.49102163,39.7776140409658,1490.0,7.307202314764738
Comoros,2007,9.186,1289.73631056361,5.41753864,0.0,140.0,4.948759890378168
Cabo Verde,2007,5.349,3324.57675212498,3.84218621,0.0,140.0,4.948759890378168
Costa Rica,2007,3.992,6137.71199925542,6.99642611,8.42418151029137,706.62625,6.561916058827618
Cuba,2007,7.84,4807.43888960684,10.9674921,5.0322165961706,140.0,4.948759890378168
Cyprus,2007,6.055,31244.87890625,5.35744858,1.21187996608601,140.0,4.948759890378168
Czechia,2007,10.2,18452.6532812196,5.99029112,1.2188582915689,140.0,4.948759890378168
Germany,2007,10.1,42350.9217211489,9.83482933,1.09227050411144,140.0,4.948759890378168
Djibouti,2007,9.449,969.573220191902,4.05262756,0.0,5850.0,8.674367865788236
Dominica,2007,10.486,6459.03503689609,4.79109955,10.1673989614728,140.0,4.948759890378168
Denmark,2007,10.2,58631.6566433635,9.30215549,0.0,140.0,4.948759890378168
Dominican Republic,2007,5.747,4649.64558875814,4.08935308,22.3252575336375,28.645,3.389293477159331
Algeria,2007,4.733,4167.45169937531,3.62011433,0.792642962956723,140.0,4.948759890378168
Ecuador,2007,4.918,3478.92488770671,5.55722475,15.8631866106051,0.55,0.4382549309311553
"Egypt, Arab Rep.",2007,6.092,1547.74170735909,4.44493246,0.806870502327317,140.0,4.948759890378168
Eritrea,2007,8.317,480.44762365456,5.2786293,0.0,1600.0,7.3783837129967145
Spain,2007,8.5,32652.015594702,7.96241188,1.0589564792395,140.0,4.948759890378168
Estonia,2007,13.0,16745.4308011148,5.18429422,7.16041454324946,140.0,4.948759890378168
Ethiopia,2007,10.732,237.146255996319,5.00128317,0.0,2.8,1.33500106673234
Finland,2007,9.3,48473.0240091455,8.08415604,2.43915813118889,140.0,4.948759890378168
Fiji,2007,7.734,3762.74692789299,3.41514993,2.33896764650848,140.0,4.948759890378168
France,2007,8.3,41486.1907828787,10.33418846,1.59051931320511,140.0,4.948759890378168
"Micronesia, Fed. Sts.",2007,7.108,2293.51341684075,11.23334217,0.0,140.0,4.948759890378168
Gabon,2007,8.556,8003.54289696049,3.0834198,0.0,467.5,6.149536101678477
United Kingdom,2007,9.4,50629.0799172887,8.76035309,1.42031017055268,140.0,4.948759890378168
Georgia,2007,12.671,2635.36650276116,7.43517828,8.31739166597355,38.0,3.6635616461296463
Ghana,2007,9.015,1050.12461524926,3.70900321,1.68765456155898,30.0,3.4339872044851463
Guinea,2007,12.67,650.148575304743,3.48262477,0.0,140.0,4.948759890378168
"Gambia, The",2007,9.152,724.726407242432,4.95501947,0.0,140.0,4.948759890378168
Guinea-Bissau,2007,12.25,519.069789794741,4.92573404,0.0,750.0,6.621405651764134
Equatorial Guinea,2007,11.713,12616.9532942011,1.42080677,0.0,140.0,4.948759890378168
Greece,2007,9.9,28440.7625328955,8.52304935,1.17692468944918,140.0,4.948759890378168
Grenada,2007,7.213,6864.54816771858,5.23867893,9.95281461073185,140.0,4.948759890378168
Guatemala,2007,5.521,2458.81573919384,6.1918335,42.3453198203345,112.31,4.730127425392475
Guyana,2007,7.695,3608.28685240188,4.28126192,15.1943455894448,140.0,4.948759890378168
Honduras,2007,4.75,1577.73789197407,8.08494949,45.7956895764454,572.125,6.351103843010729
Heavily indebted poor countries (HIPC),2007,10.7883432482725,688.372468350697,4.93466835038096,0.0,140.0,4.948759890378168
Croatia,2007,11.798,13755.8321073292,7.38946152,1.43653043608314,140.0,4.948759890378168
Haiti,2007,8.896,984.566983448521,3.64734101,5.18494241513337,46.05,3.8512108660313884
Hungary,2007,13.2,13934.605460375,7.20719147,1.53476927609169,140.0,4.948759890378168
Indonesia,2007,7.421,1823.21976255073,2.82385564,0.0,8645.9538,9.064962376052668
India,2007,7.536,1021.88707706826,3.58103991,3.80976850285027,140.0,4.948759890378168
Ireland,2007,6.4,61396.417461176,7.80773735,1.77534469569112,140.0,4.948759890378168
"Iran, Islamic Rep.",2007,4.649,4687.99166260718,4.91188192,0.0,140.0,4.948759890378168
Iraq,2007,6.885,3128.99010329066,3.2148056,0.0,140.0,4.948759890378168
Iceland,2007,6.2,70483.0117228535,8.3535862,0.641744518298543,140.0,4.948759890378168
Israel,2007,5.6,25721.2594077311,6.67256165,1.93897123931142,140.0,4.948759890378168
Italy,2007,9.7,37826.1754554823,8.10167217,1.06752438557289,140.0,4.948759890378168
Jamaica,2007,6.664,4716.48612542727,6.19109583,58.3683288436272,140.0,4.948759890378168
Jordan,2007,3.644,2506.20599484139,7.90982628,1.64049034842404,140.0,4.948759890378168
Japan,2007,8.8,35779.0245416427,7.77935696,0.448130523589302,140.0,4.948759890378168
Kazakhstan,2007,9.939,6449.43931096532,2.70314813,0.0,86.0,4.465908118654584
Kenya,2007,8.142,840.201439476765,5.12358475,2.8963347284418,135.0,4.912654885736052
Kyrgyz Republic,2007,7.2,721.771577544361,6.93210649,8.02409698047058,140.0,4.948759890378168
Cambodia,2007,6.649,731.692295125426,4.42702723,2.83923226581572,1283.21425,7.157902331700813
Kiribati,2007,6.9,1352.57814048911,10.9454546,0.0,140.0,4.948759890378168
St. Kitts and Nevis,2007,8.59,14757.9579751035,4.79733467,34.2572073952746,140.0,4.948759890378168
"Korea, Rep.",2007,5.0,25078.4853957105,4.95834208,0.893348650348504,140.0,4.948759890378168
Kuwait,2007,2.067,45709.4132876371,1.92673647,2.35257855568823,140.0,4.948759890378168
Lao PDR,2007,8.313,697.323013673925,3.12986231,0.0,140.0,4.948759890378168
Lebanon,2007,4.121,5125.25809960149,8.55984211,0.0,140.0,4.948759890378168
Liberia,2007,10.644,374.211308104278,4.32884932,2.72550152294211,197.5,5.290789100127245
Libya,2007,4.594,11144.9448413435,2.41929626,0.0,140.0,4.948759890378168
St. Lucia,2007,6.296,7964.38211480117,5.54166603,17.286805994349,140.0,4.948759890378168
Sri Lanka,2007,6.694,1578.63451125392,3.82258177,0.0,43.5,3.7954891891721947
Low & middle income,2007,7.72928183242073,2442.09195354366,4.76250703762467,0.0,140.0,4.948759890378168
Lesotho,2007,20.39,861.188420899563,7.22251844,45.820633466418,140.0,4.948759890378168
Late-demographic dividend,2007,7.35488395674567,4413.77838972074,4.88036789811714,0.0,140.0,4.948759890378168
Lithuania,2007,14.1,12295.1212779366,5.75978613,8.57220488869441,140.0,4.948759890378168
Luxembourg,2007,8.1,107475.320297978,6.15803099,1.45751348199971,140.0,4.948759890378168
Latvia,2007,15.0,13370.9789452508,5.81969213,0.0,140.0,4.948759890378168
Morocco,2007,6.097,2755.5859375,4.80759001,1.65777028677951,140.0,4.948759890378168
Monaco,2007,10.738,184558.556593338,3.81232905,0.0,140.0,4.948759890378168
Moldova,2007,12.477,1531.21618590748,11.02066803,5.6343213777967,140.0,4.948759890378168
Madagascar,2007,8.334,419.548001431865,4.60865784,0.0,1215.2,7.103486522686009
Maldives,2007,3.547,5758.10286933053,8.30568123,0.924559062373836,140.0,4.948759890378168
Mexico,2007,5.62,10134.3327138119,5.50668049,8.15173722925145,7.54,2.1447610078004784
Marshall Islands,2007,6.619,2892.28403958874,16.82522392,0.0,140.0,4.948759890378168
North Macedonia,2007,9.6,4204.11328760452,6.57065344,2.01731819640226,140.0,4.948759890378168
Mali,2007,13.101,670.853394973479,5.2530427,0.0,150.0,5.017279836814924
Malta,2007,7.6,19444.1741958382,8.18593979,0.958780814316515,140.0,4.948759890378168
Myanmar,2007,9.49,419.375780725042,2.03606868,1.55636224574386,140.0,4.948759890378168
Mongolia,2007,6.655,1627.68787743359,4.07522774,11.3114993277327,718.815,6.578994234549778
Mozambique,2007,12.57,507.874923914304,3.79955554,3.98823072642875,17.42,2.913437030827161
Mauritania,2007,7.068,1405.15016203368,2.87644005,0.0,28.2,3.374168709274236
Mauritius,2007,6.9,6677.34962448608,3.52321672,0.0,140.0,4.948759890378168
Malawi,2007,13.053,475.180261659331,5.44258356,5.08237011984744,18.341250000000002,2.9622401208217455
Malaysia,2007,4.175,7168.93031942508,3.07041144,2.41495895208709,140.0,4.948759890378168
Namibia,2007,11.932,4379.04313682732,11.41372871,0.0,140.0,4.948759890378168
Niger,2007,12.981,387.168065883301,5.43105888,0.0,163.9635,5.105724237308358
Nigeria,2007,15.067,1815.52697545827,3.90997243,0.0,353.5934,5.870971780945742
Nicaragua,2007,5.104,1350.38145753377,6.95643044,12.9883276955078,494.88,6.206333961969946
Netherlands,2007,8.1,52100.7996285947,9.00052166,0.86502275645006,140.0,4.948759890378168
Norway,2007,8.9,85502.2677087731,8.01673985,0.63707658297604,140.0,4.948759890378168
Nepal,2007,7.001,385.449767660642,3.67297482,3.13940777256144,24.0,3.2188758248682006
Nauru,2007,8.244,2272.15291307045,24.23069,0.0,140.0,4.948759890378168
New Zealand,2007,6.75,32479.9817381467,8.32899952,1.13656126994621,140.0,4.948759890378168
Oman,2007,2.709,18792.653772482,2.11371112,1.43959124946404,140.0,4.948759890378168
Pakistan,2007,7.84,998.090114197524,2.62370729,5.72161914634586,19.735,3.031823093698345
Panama,2007,4.586,6317.8173051466,7.35227633,8.11638724767199,0.805,0.5905605917848442
Peru,2007,6.195,3581.0893081917,4.42611313,0.0,2.5,1.252762968495368
Philippines,2007,5.428,1712.65543282793,3.75318074,6.54623986266116,22.75,3.1675825304806504
Palau,2007,9.629,10402.5367528907,8.83709908,0.0,140.0,4.948759890378168
Papua New Guinea,2007,7.607,1370.753415829,2.42102122,7.46767591349243,140.0,4.948759890378168
Poland,2007,9.9,11272.5293683383,5.86390114,0.0,140.0,4.948759890378168
Portugal,2007,9.8,22811.0564844365,9.25186634,0.0,140.0,4.948759890378168
Paraguay,2007,5.186,3211.93621659546,5.02042723,14.0842878975945,140.0,4.948759890378168
West Bank and Gaza,2007,3.675,1664.24571669276,9.58784008,0.0,140.0,4.948759890378168
Qatar,2007,1.391,65954.3419525051,2.07008052,0.744666327429784,140.0,4.948759890378168
Romania,2007,12.1,8360.33775916596,5.02223349,1.81594153262399,140.0,4.948759890378168
Russian Federation,2007,14.6,9101.2392578125,4.74792528,17.6400957311458,140.0,4.948759890378168
Rwanda,2007,8.907,426.234183487629,7.86262226,2.80630226378016,213.1445,5.366651020799043
Saudi Arabia,2007,2.721,18596.1502627898,3.56229162,1.1847116316888,140.0,4.948759890378168
Sudan,2007,8.569,1444.37219238281,5.66269159,4.6692555541,2.5,1.252762968495368
Senegal,2007,8.389,1188.93877808175,3.41496587,0.0,191.6667,5.260961753014634
Singapore,2007,4.5,39432.8860198877,2.83749056,0.391601028170255,140.0,4.948759890378168
Solomon Islands,2007,6.028,1390.14870956707,7.18583059,5.19838330279283,140.0,4.948759890378168
Sierra Leone,2007,15.709,631.889926264998,5.31662989,2.33069723938478,140.0,4.948759890378168
El Salvador,2007,7.791,2830.65693770733,8.47836304,58.1880552418794,32.0,3.4965075614664802
San Marino,2007,7.2,70124.4634385624,5.09587288,0.0,140.0,4.948759890378168
Serbia,2007,13.92,6081.08765700202,9.01782608,2.28518309996179,140.0,4.948759890378168
Small states,2007,8.26091318789614,10056.3574835992,5.26184813737037,0.0,140.0,4.948759890378168
Sao Tome and Principe,2007,8.119,878.885791918745,7.00608587,2.35710771098324,140.0,4.948759890378168
Suriname,2007,7.506,5530.17615638309,5.22148609,8.47432092441659,140.0,4.948759890378168
Slovak Republic,2007,10.0,16110.4817265237,7.17538357,1.52501423191635,140.0,4.948759890378168
Slovenia,2007,9.2,23725.1596001515,7.54076052,1.19156520778539,140.0,4.948759890378168
Sweden,2007,10.0,53568.3057787832,7.9882226,1.2133435654997,140.0,4.948759890378168
Eswatini,2007,16.948,3109.11097608864,7.93004131,11.0937421209218,140.0,4.948759890378168
Seychelles,2007,7.4,12669.3026687222,3.79315019,8.74622818909345,140.0,4.948759890378168
Syrian Arab Republic,2007,3.736,1937.61138578027,3.73920178,2.55217772944335,140.0,4.948759890378168
Chad,2007,16.111,980.483531485103,3.47199655,0.0,144.5,4.980176086611547
East Asia & Pacific (IDA & IBRD countries),2007,6.88809837500833,2510.42261993326,3.51573481432685,0.0,140.0,4.948759890378168
Europe & Central Asia (IDA & IBRD countries),2007,11.3851389772423,7247.02729943285,5.17244374312599,0.0,140.0,4.948759890378168
Togo,2007,10.834,607.587886721352,3.67734432,0.0,160.0,5.081404364984463
Thailand,2007,6.587,3918.52817434581,3.19277525,6.60930214643831,9.789,2.378527096569203
Tajikistan,2007,5.853,516.997210618914,5.54050112,1.83474060485977,2.4,1.2237754316221157
Turkmenistan,2007,6.487,2414.96071986964,3.09328628,0.0,140.0,4.948759890378168
Latin America & the Caribbean (IDA & IBRD countries),2007,5.91041928550643,6927.88249936995,6.833279408346,0.0,140.0,4.948759890378168
Timor-Leste,2007,8.099,540.154630518785,5.64793253,6.16983567339278,140.0,4.948759890378168
"Middle East, North Africa, Afghanistan & Pakistan (IDA & IBRD)",2007,6.44487452034253,2240.98836783175,4.22807173593136,0.0,140.0,4.948759890378168
Tonga,2007,6.334,2797.06560109144,4.73330021,0.936978805539419,140.0,4.948759890378168
South Asia (IDA & IBRD),2007,7.40258372947514,967.697911561283,3.51084763549702,0.0,140.0,4.948759890378168
Sub-Saharan Africa (IDA & IBRD countries),2007,11.9479256392577,1390.58865074962,5.04082896708838,0.0,140.0,4.948759890378168
Trinidad and Tobago,2007,6.745,16606.675360681,4.1536026,28.6367899257091,140.0,4.948759890378168
Tunisia,2007,5.38,3726.91672935667,5.17542839,2.61451616726295,140.0,4.948759890378168
Turkiye,2007,5.905,9766.91734545294,5.23760796,5.08688366199539,140.0,4.948759890378168
Tuvalu,2007,9.533,2794.16310084119,10.45884991,0.0,140.0,4.948759890378168
Tanzania,2007,9.318,543.198303222656,6.88427973,0.0,140.0,4.948759890378168
Uganda,2007,9.793,401.389130865581,6.11309004,8.91970998094133,330.77,5.804441957755378
Ukraine,2007,16.208,3160.32763671875,6.01776791,5.62227515669595,140.0,4.948759890378168
Uruguay,2007,9.326,7222.05403645877,7.46167231,5.88743616570098,140.0,4.948759890378168
United States,2007,8.0,48050.2237771135,14.91832542,5.67445011466685,140.0,4.948759890378168
Uzbekistan,2007,6.467,824.028192334768,4.54267979,3.01004490765404,140.0,4.948759890378168
St. Vincent and the Grenadines,2007,8.821,6398.19123532172,3.82213306,35.8643073929787,140.0,4.948759890378168
Viet Nam,2007,5.799,925.640338348717,4.62917614,1.39657163544714,140.0,4.948759890378168
Vanuatu,2007,5.449,2333.70506748914,3.10786796,0.0,140.0,4.948759890378168
Samoa,2007,5.593,3038.61904093377,4.7446332,0.0,140.0,4.948759890378168
"Yemen, Rep.",2007,6.08,890.305768114988,5.82077599,0.0,140.0,4.948759890378168
South Africa,2007,13.122,6591.85535960564,6.90510845,36.4150322955323,1.8521,1.0480555650509573
Zambia,2007,11.047,1118.73162626953,4.55994081,0.0,0.7778,0.5753766448254375
Afghanistan,2008,8.884,381.73323802844,10.25649548,0.0,34.5,3.56953269648137
Angola,2008,12.302,4578.15526451517,2.97807598,0.0,152.78,5.035523009604034
Albania,2008,5.584,4498.50486763601,5.44421673,3.10732240524797,140.0,4.948759890378168
Andorra,2008,5.875,49132.4925840057,5.6787138,1.19768367976334,140.0,4.948759890378168
United Arab Emirates,2008,1.205,50054.1700681803,2.92857623,0.0,140.0,4.948759890378168
Argentina,2008,7.517,8944.1102657357,8.24087811,5.86530605419315,0.6068,0.47424462350299007
Armenia,2008,8.9,3777.66859313767,6.63976622,3.27703809810168,393.5,5.977619140285929
Antigua and Barbuda,2008,6.008,18786.6743142216,3.69396091,19.2975685063682,140.0,4.948759890378168
Australia,2008,6.7,49811.2067218988,8.24737453,1.2213046917262,140.0,4.948759890378168
Austria,2008,9.0,51581.3982361071,9.83415222,0.696842970941948,140.0,4.948759890378168
Azerbaijan,2008,6.0,5574.46810432575,2.04814458,2.14701734840338,0.5,0.4054651081081644
Burundi,2008,11.297,189.502074570768,7.74147511,0.0,477.5,6.170656210893009
Belgium,2008,9.8,48303.397956286,9.60036659,0.0,140.0,4.948759890378168
Benin,2008,10.654,1060.60254502099,2.65178108,0.0,262.5,5.574053367981417
Burkina Faso,2008,12.122,619.437533256264,4.96721601,1.02792938601642,180.0,5.198497031265826
Bangladesh,2008,6.319,613.06204104124,2.11878848,2.74227810461832,43.375,3.7926762477955798
Bulgaria,2008,14.8,7271.30338858025,6.28281593,2.28250164569032,140.0,4.948759890378168
Bahrain,2008,2.103,23299.4992780392,3.07321215,0.535373224289705,140.0,4.948759890378168
"Bahamas, The",2008,7.081,29392.3824416397,4.86261654,20.3842002901258,140.0,4.948759890378168
Bosnia and Herzegovina,2008,9.492,4841.69311934649,9.48630238,1.67192542098005,140.0,4.948759890378168
Belarus,2008,13.8,6376.17569162063,5.29448891,5.79262527444136,140.0,4.948759890378168
Belize,2008,5.142,5711.81458859709,4.51286459,33.841336699944,140.0,4.948759890378168
Bolivia,2008,8.313,1692.67248455876,4.60677242,0.0,244.995,5.505311210522551
Brazil,2008,5.778,8908.33338467948,8.01128483,26.3359303856077,140.0,4.948759890378168
Barbados,2008,9.128,17565.6929970592,5.73821974,8.43372831294266,140.0,4.948759890378168
Brunei Darussalam,2008,3.775,42156.5685838672,1.87612021,0.264695216692739,140.0,4.948759890378168
Bhutan,2008,6.89,1919.59774896395,3.14842224,2.62256292876172,18.655,2.9783317588738236
Botswana,2008,10.225,5503.07395314313,5.89747286,14.4104744148694,140.0,4.948759890378168
Central African Republic,2008,14.243,437.24827472489,4.02635765,0.0,550.7781,6.313145972702725
Canada,2008,7.2,46710.2526864484,9.59427929,1.83562569798247,140.0,4.948759890378168
Switzerland,2008,8.0,74175.1927898555,9.53167725,0.0,140.0,4.948759890378168
Chile,2008,5.617,10683.2188772511,6.73954487,3.4918963063576,140.0,4.948759890378168
China,2008,7.06,3523.44302065213,3.83627748,1.11041885098023,140.0,4.948759890378168
Cote d'Ivoire,2008,11.163,1583.97066701372,4.1387105,0.0,192.0,5.262690188904886
Cameroon,2008,11.435,1492.14269801453,3.65843678,4.17787035373775,202.62,5.316255511679049
"Congo, Dem. Rep.",2008,12.264,352.900363371995,4.31254816,0.0,140.0,4.948759890378168
"Congo, Rep.",2008,8.655,2832.09177777643,2.2392714,0.0,140.0,4.948759890378168
Colombia,2008,5.013,5541.83629665898,6.84192181,36.8840024517578,1903.0,7.55171221535131
Comoros,2008,8.985,1455.02768595586,5.06897497,0.0,140.0,4.948759890378168
Cabo Verde,2008,5.27,3908.64885822576,3.26951575,0.0,140.0,4.948759890378168
Costa Rica,2008,4.083,6937.24261596055,7.4685483,11.5313873891892,807.8875,6.695659846820071
Cuba,2008,8.002,4986.12436479175,11.31422806,4.56084730447061,140.0,4.948759890378168
Cyprus,2008,6.095,35397.296875,6.01430845,0.824911218930063,140.0,4.948759890378168
Czechia,2008,10.1,22774.7045076205,6.33855247,1.09844658935947,140.0,4.948759890378168
Germany,2008,10.3,46379.1647953479,10.03185749,1.02452477446076,140.0,4.948759890378168
Djibouti,2008,9.233,1119.15233346969,3.6125772,0.0,180.0,5.198497031265826
Dominica,2008,10.717,6971.32633839289,5.04968786,10.1664391320766,140.0,4.948759890378168
Denmark,2008,9.9,64616.6657583663,9.46797943,0.0,140.0,4.948759890378168
Dominican Republic,2008,5.755,5023.58513403515,4.56442022,25.0074949363479,34.965,3.5825462433193196
Algeria,2008,4.72,5180.91881514686,3.98331022,0.94206958499336,140.0,4.948759890378168
Ecuador,2008,4.807,4194.75750661981,5.52174902,17.886543943386,0.68,0.5187937934151675
"Egypt, Arab Rep.",2008,6.095,1896.21594269779,4.46634817,1.12618921636092,140.0,4.948759890378168
Eritrea,2008,8.077,490.066956003333,6.57807541,0.0,2650.0,7.8826922062890254
Spain,2008,8.4,35603.248328071,8.4290638,0.880284469874308,140.0,4.948759890378168
Estonia,2008,12.5,18205.9064113446,5.95694113,6.43195514982716,140.0,4.948759890378168
Ethiopia,2008,10.067,316.410475118075,4.28063869,0.0,6.635,2.0327429386705957
Finland,2008,9.2,53769.4726240385,8.34362221,2.50311619145414,140.0,4.948759890378168
Fiji,2008,7.796,3899.92231512129,3.18467116,1.88178202543948,140.0,4.948759890378168
France,2008,8.5,45464.8181385158,10.51340675,1.62630919084507,140.0,4.948759890378168
"Micronesia, Fed. Sts.",2008,7.156,2369.50811741318,12.08326721,0.0,140.0,4.948759890378168
Gabon,2008,8.35,9688.64519690633,2.84760666,0.0,542.0,6.297109319933935
United Kingdom,2008,9.4,47652.4030691881,9.03295708,1.22526681051353,140.0,4.948759890378168
Georgia,2008,12.625,3324.7537205015,8.44424057,6.67310210823087,48.0,3.8918202981106265
Ghana,2008,8.884,1182.65761256016,3.72533512,1.77319982485734,44.915000000000006,3.8267918610654856
Guinea,2008,12.367,703.532825784369,3.26561713,0.0,4396.25,8.388734624512434
"Gambia, The",2008,8.878,859.127671411226,4.65938759,0.0,140.0,4.948759890378168
Guinea-Bissau,2008,11.902,640.210331101753,5.35239792,0.0,550.0,6.311734809152915
Equatorial Guinea,2008,11.398,18210.5552970599,1.23333216,0.0,140.0,4.948759890378168
Greece,2008,9.7,31695.8331092209,8.948102,1.30000599447209,140.0,4.948759890378168
Grenada,2008,7.244,7448.2040563865,5.386199,14.427932477276,140.0,4.948759890378168
Guatemala,2008,5.483,2763.05988172926,6.08129978,45.1519299292567,110.0,4.709530201312334
Guyana,2008,7.727,4008.9628671603,4.20242214,20.9380650710006,140.0,4.948759890378168
Honduras,2008,4.735,1732.49062702803,8.60362625,55.6000203180321,795.1433,6.679779194767432
Heavily indebted poor countries (HIPC),2008,10.41681972911,797.380456091108,4.74860064852261,0.0,140.0,4.948759890378168
Croatia,2008,11.8,15888.0606949392,7.63643503,1.64556385535216,140.0,4.948759890378168
Haiti,2008,8.834,1094.66058421644,3.75722051,5.22517870924341,40.0,3.713572066704308
Hungary,2008,13.0,15762.6322515113,7.09275723,1.8069900965961,140.0,4.948759890378168
Indonesia,2008,7.444,2124.55483920618,2.54842305,0.0,11676.5,9.365419192376264
India,2008,7.41,992.519584923828,3.58856082,3.80808186808269,140.0,4.948759890378168
Ireland,2008,6.3,61353.1065629523,9.12564754,1.13687038975372,140.0,4.948759890378168
"Iran, Islamic Rep.",2008,4.634,5377.4115072957,5.03990459,0.0,140.0,4.948759890378168
Iraq,2008,5.953,4542.96609046032,3.06604242,15.86412056276,140.0,4.948759890378168
Iceland,2008,6.3,57489.3399795216,8.34370804,0.0,140.0,4.948759890378168
Israel,2008,5.4,30269.217773489,6.80668306,1.69428815224534,140.0,4.948759890378168
Italy,2008,9.9,40828.5795580937,8.50157547,1.03254300197422,140.0,4.948759890378168
Jamaica,2008,6.625,5029.80095281745,6.65533972,59.3990133306575,140.0,4.948759890378168
Jordan,2008,3.664,3241.6524135556,8.48880577,1.71677110834457,140.0,4.948759890378168
Japan,2008,9.1,39876.3039685725,8.08909321,0.510315592739754,140.0,4.948759890378168
Kazakhstan,2008,9.676,8123.54705891736,3.02569842,11.0005007145455,118.0,4.77912349311153
Kenya,2008,7.886,915.54435473604,5.19050598,3.09944678223884,178.5,5.190175207928333
Kyrgyz Republic,2008,7.1,966.388569370494,6.52511883,7.93534652630682,140.0,4.948759890378168
Cambodia,2008,6.516,866.283999789749,5.61296654,2.3695199469996,2050.0,7.62608275807238
Kiribati,2008,6.91,1410.62246914058,13.51428604,6.71640000959486,140.0,4.948759890378168
St. Kitts and Nevis,2008,8.704,16604.9448615905,5.30566025,49.1085726486602,140.0,4.948759890378168
"Korea, Rep.",2008,5.0,22252.3125108061,5.24642324,0.888451063800414,140.0,4.948759890378168
Kuwait,2008,2.039,55585.1889344442,1.92400301,1.43319401807446,140.0,4.948759890378168
Lao PDR,2008,8.197,885.747376088762,2.76727295,0.0,140.0,4.948759890378168
Lebanon,2008,4.163,5912.04532820842,7.81751728,3.71546935666648,140.0,4.948759890378168
Liberia,2008,10.343,451.713856283285,5.99615717,4.63229096754295,815.0,6.704414354964107
Libya,2008,4.596,13906.1407818125,2.24441886,0.0,140.0,4.948759890378168
St. Lucia,2008,6.444,8516.96075488787,5.09061956,23.103238896376,140.0,4.948759890378168
Sri Lanka,2008,6.947,1973.58476901287,3.85482955,9.70460670215069,71.39,4.28206816830505
Low & middle income,2008,7.6996757899326,2860.66030359115,4.78873444056972,0.0,140.0,4.948759890378168
Lesotho,2008,19.803,898.482517882593,7.66648197,38.2397413122181,140.0,4.948759890378168
Late-demographic dividend,2008,7.41943793903964,5455.12758700264,4.98618856269131,0.0,140.0,4.948759890378168
Lithuania,2008,13.7,14955.5345462921,6.29010201,9.31692408317012,140.0,4.948759890378168
Luxembourg,2008,7.4,120422.137934157,6.23101091,1.63602360373054,140.0,4.948759890378168
Latvia,2008,14.2,15677.6080864506,5.86603212,0.0,140.0,4.948759890378168
Morocco,2008,6.047,3183.20043945313,4.83789158,1.34781265903932,140.0,4.948759890378168
Monaco,2008,10.908,204263.797114294,4.08434391,0.0,140.0,4.948759890378168
Moldova,2008,12.44,2110.55305353857,10.94920063,6.2442055888815,140.0,4.948759890378168
Madagascar,2008,8.117,512.579800058444,4.08111811,0.0,1194.0,7.085901464365611
Maldives,2008,3.485,6757.43280929292,11.47104168,1.48734271350805,140.0,4.948759890378168
Mexico,2008,5.682,10523.7685403244,5.44587374,12.6895495806052,9.665,2.366967351923314
Marshall Islands,2008,6.599,2817.60522775322,18.97963715,0.0,140.0,4.948759890378168
North Macedonia,2008,9.3,5026.4202989873,6.55317593,1.69014030096087,140.0,4.948759890378168
Mali,2008,12.756,767.19483895009,5.02688074,0.0,181.25,5.2053793708887675
Malta,2008,7.9,22315.3104212988,7.82490158,1.43208686084173,140.0,4.948759890378168
Myanmar,2008,12.279,658.442487229705,2.12175322,1.63460845088229,600.0,6.398594934535208
Mongolia,2008,6.555,2127.42678594737,4.55693007,8.04729990312873,1286.0,7.160069207596127
Mozambique,2008,12.261,592.159111184122,4.13496828,4.56023813334375,23.0,3.1780538303479458
Mauritania,2008,6.896,1635.5630623124,3.01338983,0.0,140.0,4.948759890378168
Mauritius,2008,7.2,8140.50808595895,3.93896508,0.0,140.0,4.948759890378168
Malawi,2008,12.386,554.048820396119,6.10668802,5.58082927903377,47.275,3.8769138283145783
Malaysia,2008,4.212,8371.82156086005,3.00692558,2.16539253688213,140.0,4.948759890378168
Namibia,2008,11.63,4204.78555422749,10.67726994,17.2931273008652,140.0,4.948759890378168
Niger,2008,12.434,475.044955398162,5.24640608,0.0,231.0,5.44673737166631
Nigeria,2008,14.801,2154.10543545364,3.69581532,0.0,201.165,5.309084195658929
Nicaragua,2008,5.097,1523.68437086409,7.16700697,13.1980225202019,812.23,6.701013972367379
Netherlands,2008,8.2,58246.7026905874,9.21819305,0.903763742179582,140.0,4.948759890378168
Norway,2008,8.7,97503.5407803783,7.91507673,0.713072143396291,140.0,4.948759890378168
Nepal,2008,6.969,464.817391891529,3.81756353,3.30492322037202,27.0,3.332204510175204
Nauru,2008,8.248,3756.84531228766,23.00409317,0.0,140.0,4.948759890378168
New Zealand,2008,6.85,31324.7397977102,8.65133667,1.19667072126864,140.0,4.948759890378168
Oman,2008,2.621,26576.779241509,1.75567567,1.78943388784209,140.0,4.948759890378168
Pakistan,2008,7.8,1067.04324565284,2.56806731,6.36361817693574,31.0,3.4657359027997265
Panama,2008,4.583,7347.59049046839,6.80452538,14.0831048875658,18.6,2.975529566236472
Peru,2008,6.505,4197.58444634142,4.53098345,0.0,2.955,1.3749806012196173
Philippines,2008,5.463,1959.29233534978,3.86315918,6.27837847973801,39.205,3.6939913660001125
Palau,2008,9.485,10577.501907762,8.41378212,0.0,140.0,4.948759890378168
Papua New Guinea,2008,7.489,1624.79319935188,2.13526058,8.39481935232785,140.0,4.948759890378168
Poland,2008,10.0,14048.5604672654,6.35196781,0.857987263994944,140.0,4.948759890378168
Portugal,2008,9.9,24949.0413566739,9.58307838,0.0,140.0,4.948759890378168
Paraguay,2008,5.207,4384.95469437803,5.03776026,14.8390325698951,140.0,4.948759890378168
West Bank and Gaza,2008,3.71,2035.20234121766,10.52610016,1.22746155335782,140.0,4.948759890378168
Qatar,2008,1.371,80781.4039187792,1.63775349,0.840961260769122,140.0,4.948759890378168
Romania,2008,12.3,10435.1561230787,5.02277184,1.45761745573163,140.0,4.948759890378168
Russian Federation,2008,14.5,11635.2841796875,4.90364122,12.6470810308557,12.375,2.59338729278207
Rwanda,2008,8.336,528.326391755502,7.55971909,1.46874802541362,200.0,5.303304908059076
Saudi Arabia,2008,2.701,22320.4888964331,2.97100711,0.0,140.0,4.948759890378168
Sudan,2008,8.597,1527.58239746094,5.42313576,5.1480839388,4.67,1.7351891177396608
Senegal,2008,8.158,1398.79218010021,3.50687575,0.0,214.0,5.3706380281276624
Singapore,2008,4.4,40008.5720489092,3.19488454,0.561711146908061,140.0,4.948759890378168
Solomon Islands,2008,5.89,1525.84666261203,5.50656271,3.73435012480591,140.0,4.948759890378168
Sierra Leone,2008,15.167,705.359014080005,5.60332584,3.12143616599424,140.0,4.948759890378168
El Salvador,2008,7.588,2983.24829577976,8.49585915,52.7258860134014,50.73335,3.9461026412459055
San Marino,2008,6.0,75902.1320521765,5.41110897,0.0,140.0,4.948759890378168
Serbia,2008,13.97,7376.73517910716,9.12807178,1.87811591167972,140.0,4.948759890378168
Small states,2008,8.17101644917141,10974.8922038731,5.30828915062957,0.0,140.0,4.948759890378168
Sao Tome and Principe,2008,7.99,1081.8684584729,5.97009039,8.05556035053196,140.0,4.948759890378168
Suriname,2008,7.281,6576.08546307249,4.74699593,8.00378970135627,140.0,4.948759890378168
Slovak Republic,2008,9.9,18744.3192278346,6.95978355,1.59877437213017,140.0,4.948759890378168
Slovenia,2008,9.1,27461.9764165315,7.89287567,0.493806310894034,140.0,4.948759890378168
Sweden,2008,9.9,55817.1759726485,8.22603607,0.889380578965065,140.0,4.948759890378168
Eswatini,2008,16.548,2946.8606613746,8.85792923,19.7615590321936,140.0,4.948759890378168
Seychelles,2008,7.6,11265.4376270005,3.51518679,6.48315729760393,140.0,4.948759890378168
Syrian Arab Republic,2008,3.815,2429.12477087189,3.41378117,2.44493534185927,140.0,4.948759890378168
Chad,2008,15.77,1166.36883453841,3.16359782,0.0,191.0,5.2574953720277815
East Asia & Pacific (IDA & IBRD countries),2008,7.05092917630841,3154.16872851062,3.67991801617451,0.0,140.0,4.948759890378168
Europe & Central Asia (IDA & IBRD countries),2008,11.2983424781924,8951.25356376805,5.27914421026948,0.0,140.0,4.948759890378168
Togo,2008,10.683,718.948386717473,3.74071932,0.0,218.0,5.389071729816501
Thailand,2008,6.584,4309.13509292986,3.45933938,5.87697421098978,11.482,2.524287606511851
Tajikistan,2008,5.723,703.327375898643,5.91206694,1.36269430828479,2.7,1.308332819650179
Turkmenistan,2008,6.329,3605.50395120549,3.45380449,0.0,140.0,4.948759890378168
Latin America & the Caribbean (IDA & IBRD countries),2008,5.91420528263739,7989.38067187903,6.89546366608902,0.0,140.0,4.948759890378168
Timor-Leste,2008,8.022,628.153191495026,6.96563959,3.39006198486192,0.6,0.4700036292457356
"Middle East, North Africa, Afghanistan & Pakistan (IDA & IBRD)",2008,6.34782120925688,2656.83046140986,4.24704015614867,0.0,140.0,4.948759890378168
Tonga,2008,6.318,3218.45303993196,6.05759716,3.73761913660998,140.0,4.948759890378168
South Asia (IDA & IBRD),2008,7.27756717349703,958.275511460297,3.51163715690981,0.0,140.0,4.948759890378168
Sub-Saharan Africa (IDA & IBRD countries),2008,11.5774427563567,1536.66763137174,4.82482972438106,0.0,140.0,4.948759890378168
Trinidad and Tobago,2008,6.743,21298.9945258063,3.6575706,39.8663493392717,140.0,4.948759890378168
Tunisia,2008,5.448,4255.05008019523,5.1644063,2.65588251893383,140.0,4.948759890378168
Turkiye,2008,5.973,10913.4079047769,5.21761751,4.55127664672389,140.0,4.948759890378168
Tuvalu,2008,9.503,3088.30877413836,10.33977222,0.0,140.0,4.948759890378168
Tanzania,2008,8.954,675.977233886719,5.55704737,0.0,140.0,4.948759890378168
Uganda,2008,9.208,472.842681495852,5.45474958,9.1455171126034,671.665,6.511247434541681
Ukraine,2008,15.907,4017.806640625,5.49754429,5.26707267623711,140.0,4.948759890378168
Uruguay,2008,9.35,9423.96562595893,8.09081745,6.69255362560008,140.0,4.948759890378168
United States,2008,8.1,48570.0459804586,15.20723629,5.39888580801544,140.0,4.948759890378168
Uzbekistan,2008,6.364,1074.72928796701,4.70447445,3.02239249134413,140.0,4.948759890378168
St. Vincent and the Grenadines,2008,8.986,6598.90531450859,3.8878386,14.4107143661312,140.0,4.948759890378168
Viet Nam,2008,5.828,1163.83195772873,4.36028337,1.28205448056468,6382.5,8.761471815260405
Vanuatu,2008,5.439,2603.60883136724,3.13883376,0.0,140.0,4.948759890378168
Samoa,2008,5.675,3373.60639884263,4.53258085,0.0,140.0,4.948759890378168
"Yemen, Rep.",2008,5.892,1071.63583282105,5.76191616,0.0,140.0,4.948759890378168
South Africa,2008,12.683,6184.75474328399,7.14832258,35.379325145242,1.89105,1.061619757938266
Zambia,2008,10.411,1375.50211006997,4.49370766,5.32971915912698,1.0617,0.7235308851943855
Afghanistan,2009,8.645,452.053705477043,9.81848717,4.05954969836362,26.65625,3.319851742208203
Angola,2009,11.702,3645.14846562976,3.30655909,0.0,182.625,5.212895634494042
Albania,2009,5.721,4213.65007574693,5.75751925,2.87018701294404,140.0,4.948759890378168
Andorra,2009,5.979,43975.0000888133,6.09363031,0.0,140.0,4.948759890378168
United Arab Emirates,2009,1.165,37803.0663738777,4.05000162,0.0,140.0,4.948759890378168
Argentina,2009,7.479,8150.23527028221,9.56852913,6.46679948327286,0.5347999999999999,0.4284000793906602
Armenia,2009,9.0,2820.5926553347,8.44377708,3.29314060878627,310.5,5.741399338227508
Antigua and Barbuda,2009,5.888,16472.2478528568,3.69979143,19.0084706497333,140.0,4.948759890378168
Australia,2009,6.5,42954.8494884573,8.54273987,1.20736293068024,140.0,4.948759890378168
Austria,2009,9.3,47857.4446635266,10.31152916,0.611139601001334,140.0,4.948759890378168
Azerbaijan,2009,5.9,4950.39949009423,2.76541352,0.0,0.55,0.4382549309311553
Burundi,2009,10.772,198.431524048225,9.23238468,0.0,500.0,6.2166061010848646
Belgium,2009,9.6,44923.3400135081,10.54393387,0.0,140.0,4.948759890378168
Benin,2009,10.516,1024.10277858112,2.89953876,0.0,345.0,5.846438775057725
Burkina Faso,2009,11.71,601.569520671859,5.19683933,0.891613012477695,186.6289,5.234466075880169
Bangladesh,2009,6.181,679.211477428056,2.18321705,2.7963784334228,27.0667,3.3345838202279223
Bulgaria,2009,14.5,6988.27316296465,6.59577608,2.00320205170625,140.0,4.948759890378168
Bahrain,2009,2.058,19465.3140745038,4.15054226,1.09833893134157,140.0,4.948759890378168
"Bahamas, The",2009,7.202,27512.9130950084,5.1500144,23.9794933987487,140.0,4.948759890378168
Bosnia and Herzegovina,2009,9.593,4539.91863774968,9.0152092,1.82999406669529,140.0,4.948759890378168
Belarus,2009,14.1,5352.48809190697,5.3906498,5.12235971019014,0.2,0.18232155679395465
Belize,2009,5.136,5399.67100001919,4.50473404,31.028680737267,140.0,4.948759890378168
Bolivia,2009,8.172,1731.18172112209,5.17444515,0.0,7.53,2.143589361503588
Brazil,2009,5.784,8678.6584730653,8.39480495,26.7914479705158,140.0,4.948759890378168
Barbados,2009,9.109,16294.9099491834,6.30137348,6.93120776295269,140.0,4.948759890378168
Brunei Darussalam,2009,3.803,30946.4673773828,2.39306617,0.779316928711984,140.0,4.948759890378168
Bhutan,2009,6.797,1918.39599211093,3.29665017,2.30551536914183,27.56,3.3520071374713836
Botswana,2009,9.975,5082.93388332404,6.62081194,14.5177033093833,140.0,4.948759890378168
Central African Republic,2009,72.483,456.471673898404,4.68325615,0.0,569.855,6.347135236952332
Canada,2009,7.1,40874.8831932903,10.70402527,1.80332678612386,140.0,4.948759890378168
Switzerland,2009,8.1,71568.3123885672,10.1415062,0.659115273445603,140.0,4.948759890378168
Chile,2009,5.687,10098.8017167286,7.25026846,3.70376238471268,140.0,4.948759890378168
China,2009,7.08,3898.24459158811,4.27631998,1.09249548072451,140.0,4.948759890378168
Cote d'Ivoire,2009,10.995,1540.45393569596,4.63971424,0.0,182.5,5.212214667494625
Cameroon,2009,11.174,1461.38999232337,3.49997187,6.68097609322311,271.155,5.606371756932643
"Congo, Dem. Rep.",2009,12.006,280.178991035792,4.51133156,0.0,140.0,4.948759890378168
"Congo, Rep.",2009,8.367,2271.15219175966,2.1422224,0.0,140.0,4.948759890378168
Colombia,2009,5.029,5250.97292433518,7.31134558,35.7272410703666,1888.0,7.543802867501509
Comoros,2009,8.865,1410.30516959473,4.92694378,0.0,140.0,4.948759890378168
Cabo Verde,2009,5.247,3659.72046361628,3.55867004,0.0,140.0,4.948759890378168
Costa Rica,2009,4.134,6832.69829924138,7.86019182,11.6672085436857,1008.41725,6.917128463120156
Cuba,2009,8.212,5089.23519757167,12.29053974,5.00233759678583,140.0,4.948759890378168
Cyprus,2009,5.923,32236.44921875,6.46531534,1.71268223164298,140.0,4.948759890378168
Czechia,2009,10.3,19817.4215836554,7.2650013,0.902026099357503,140.0,4.948759890378168
Germany,2009,10.4,42471.8868625226,10.97003078,0.992150728625981,140.0,4.948759890378168
Djibouti,2009,8.997,1150.9375857489,3.63905573,0.0,160.0,5.081404364984463
Dominica,2009,11.064,7487.49010395154,4.98329306,18.8777881040892,140.0,4.948759890378168
Denmark,2009,9.9,58412.7472358513,10.62873173,0.0,140.0,4.948759890378168
Dominican Republic,2009,5.749,4973.95186999952,4.76706171,24.4964939070773,38.865,3.685498745954459
Algeria,2009,4.705,4235.42990456612,4.89210796,0.780491763346444,140.0,4.948759890378168
Ecuador,2009,4.83,4053.36331139298,6.03388453,17.705436773059,0.675,0.5158131652770298
"Egypt, Arab Rep.",2009,6.088,2161.63964573927,4.37870932,1.04226623284087,140.0,4.948759890378168
Eritrea,2009,7.825,642.92572288007,5.42343187,0.0,3350.0,8.11701408773731
Spain,2009,8.3,32279.8208476151,9.1530304,0.883453221366359,140.0,4.948759890378168
Estonia,2009,12.1,14712.4494217916,6.84443808,5.24529824578493,140.0,4.948759890378168
Ethiopia,2009,9.505,368.574712267445,4.6496563,0.0,5.5,1.8718021769015913
Finland,2009,9.3,47478.3495310999,9.16182804,2.24767232458861,140.0,4.948759890378168
Fiji,2009,7.915,3164.13275408169,3.53587627,3.19651161380849,140.0,4.948759890378168
France,2009,8.5,41728.0884164132,11.29095459,1.29780685062321,140.0,4.948759890378168
"Micronesia, Fed. Sts.",2009,7.188,2544.11114550961,12.68854141,0.0,140.0,4.948759890378168
Gabon,2009,8.171,7290.57526093114,3.78076673,0.0,544.0,6.300785794663244
United Kingdom,2009,9.0,39009.3715547821,9.83944035,1.12468797208048,140.0,4.948759890378168
Georgia,2009,12.738,2822.68939668797,9.56681633,5.35859118044788,17.375,2.9109910450989003
Ghana,2009,8.741,1047.70430093586,4.17717743,1.71743458952278,53.0,3.9889840465642745
Guinea,2009,12.135,662.185914665575,3.58146644,0.0,4160.5,8.33363086518615
"Gambia, The",2009,8.71,774.888030908091,4.46430635,0.0,140.0,4.948759890378168
Guinea-Bissau,2009,11.265,583.190020139094,4.61063194,0.0,500.0,6.2166061010848646
Equatorial Guinea,2009,11.089,13232.5019378102,1.87389886,0.0,140.0,4.948759890378168
Greece,2009,9.8,29425.4573200263,9.53581333,1.36837464729468,140.0,4.948759890378168
Grenada,2009,7.307,6932.56472176781,5.43471003,6.29190860553329,140.0,4.948759890378168
Guatemala,2009,5.455,2611.64632773352,6.33938646,45.7103110094951,11.215,2.5026647047097037
Guyana,2009,7.751,4209.13230624565,4.35117149,15.5565660675394,140.0,4.948759890378168
Honduras,2009,4.707,1781.15703614674,8.99592495,64.4696634518731,719.845,6.580424134978048
Heavily indebted poor countries (HIPC),2009,10.4839301832703,764.823758486232,5.1242034886385,0.0,140.0,4.948759890378168
Croatia,2009,11.8,14474.6519774194,8.03311729,1.13675103331249,140.0,4.948759890378168
Haiti,2009,8.679,1196.8528706018,3.50277376,6.17157780979269,33.03,3.5272424885128144
Hungary,2009,13.0,13051.1831777184,7.2366724,1.38980848439085,140.0,4.948759890378168
Indonesia,2009,7.461,2218.48541852977,2.62324095,0.0,11495.23965,9.349775273922928
India,2009,7.29,1094.94974598436,3.54637694,3.7391329622536,140.0,4.948759890378168
Ireland,2009,6.3,52133.0906162544,10.52275753,1.1690096855761,140.0,4.948759890378168
"Iran, Islamic Rep.",2009,4.623,5415.52280553446,6.11493444,2.89702198565026,140.0,4.948759890378168
Iraq,2009,5.48,3714.71205987194,3.77203989,8.49684774933008,140.0,4.948759890378168
Iceland,2009,6.3,41483.7843682814,8.77518463,0.31386137370846,140.0,4.948759890378168
Israel,2009,5.2,28508.4938886475,6.86992359,1.99830809914273,140.0,4.948759890378168
Italy,2009,9.9,37099.6133958219,8.91290951,0.984909015398894,140.0,4.948759890378168
Jamaica,2009,6.548,4428.38153333557,6.37021589,61.4907955622864,140.0,4.948759890378168
Jordan,2009,3.693,3435.8337590698,9.22396946,1.4282206743764,140.0,4.948759890378168
Japan,2009,9.1,41308.9968370512,8.9587822,0.394718973722555,140.0,4.948759890378168
Kazakhstan,2009,9.294,6938.01175663001,3.47355628,10.6559350790615,123.5,4.824305715904762
Kenya,2009,7.631,1047.9678324485,5.29172945,4.72044629980071,126.0,4.844187086458591
Kyrgyz Republic,2009,6.7,870.198894546917,6.89873457,7.85422557335847,140.0,4.948759890378168
Cambodia,2009,6.384,875.748936193569,6.3089695,2.31844508682262,1568.3333499999999,7.358406190332278
Kiribati,2009,6.915,1316.62753853678,12.73888874,0.939258173894258,140.0,4.948759890378168
St. Kitts and Nevis,2009,8.868,16503.4119292794,5.28673744,57.5490499078149,140.0,4.948759890378168
"Korea, Rep.",2009,5.0,19937.3029137734,5.68525076,1.09643755353408,140.0,4.948759890378168
Kuwait,2009,1.999,37907.1001320042,2.70638776,1.75282705964334,140.0,4.948759890378168
Lao PDR,2009,7.995,935.03237283283,3.46300411,0.0,140.0,4.948759890378168
Lebanon,2009,4.168,7090.85493856621,7.0073576,2.90448074244136,140.0,4.948759890378168
Liberia,2009,10.043,448.386367025545,8.98514843,3.67737734519985,462.5,6.13880638500591
Libya,2009,4.605,9551.05403869755,3.5828805,0.0,140.0,4.948759890378168
St. Lucia,2009,6.655,8250.52180732734,5.24410772,22.9589358827564,140.0,4.948759890378168
Sri Lanka,2009,7.984,2026.65939950702,4.05676842,5.2947435337523,70.235,4.265984270669195
Low & middle income,2009,7.63551324443148,2829.0413443136,5.10535521150195,0.0,140.0,4.948759890378168
Lesotho,2009,19.088,878.847950537772,8.9529829,0.0,140.0,4.948759890378168
Late-demographic dividend,2009,7.41041554201493,5245.33524774178,5.41990820819664,0.0,140.0,4.948759890378168
Lithuania,2009,13.3,11854.3711053096,7.34499836,7.96648008664495,140.0,4.948759890378168
Luxembourg,2009,7.3,109419.746953106,6.94993162,1.00364020301634,140.0,4.948759890378168
Latvia,2009,14.0,11996.0322729773,6.2683239,0.0,140.0,4.948759890378168
Morocco,2009,6.01,3119.58862304688,5.27312183,1.34870280078742,140.0,4.948759890378168
Monaco,2009,11.104,169150.267344616,4.84222221,0.0,140.0,4.948759890378168
Moldova,2009,12.336,1898.43975710988,13.6766243,6.63750839806703,140.0,4.948759890378168
Madagascar,2009,7.972,446.315238370592,4.38469839,0.0,1218.7,7.106360205849192
Maldives,2009,3.388,6734.03165601895,10.0928812,1.72277654152609,140.0,4.948759890378168
Mexico,2009,5.735,8423.56933214711,5.84786463,17.6812940453664,13.0,2.6390573296152584
Marshall Islands,2009,6.539,2906.63026970914,18.7292881,0.0,140.0,4.948759890378168
North Macedonia,2009,9.3,4799.78722768888,6.52846384,1.69853564389181,140.0,4.948759890378168
Mali,2009,12.437,787.482564287398,5.21225691,0.0,198.0,5.293304824724492
Malta,2009,7.8,21176.3218262672,7.88854265,0.950582766647378,140.0,4.948759890378168
Myanmar,2009,9.3,758.442935789255,2.17283702,1.80639479787891,500.0,6.2166061010848646
Mongolia,2009,6.654,1703.32756790019,4.45980072,8.2166309111906,1399.65,7.244691693570372
Mozambique,2009,11.929,547.697144193651,5.05562353,3.67546173099644,23.0533,3.1802722012759856
Mauritania,2009,6.953,1435.43010811893,3.11034036,0.0,191.125,5.25814620185876
Mauritius,2009,7.4,7426.88645617593,4.17035627,2.97113619375561,140.0,4.948759890378168
Malawi,2009,11.541,625.869729869625,5.87333822,2.22287241240285,43.84,3.8031005982039594
Malaysia,2009,4.271,7191.43287234626,3.2610569,1.99468244682113,140.0,4.948759890378168
Namibia,2009,11.389,4302.91374148376,9.90435314,18.6772510841109,140.0,4.948759890378168
Niger,2009,12.0,461.131533961487,5.33850145,0.0,244.79585,5.504501313344164
Nigeria,2009,14.554,1820.48633854782,3.5801971,0.0,181.8077,5.2084347806712135
Nicaragua,2009,5.127,1467.08288052845,7.68584394,14.1781256977468,743.4549999999999,6.612652407046793
Netherlands,2009,8.1,53172.0261581418,9.90839005,0.923031739705049,140.0,4.948759890378168
Norway,2009,8.6,80347.5700665184,9.03254128,0.600585363631139,140.0,4.948759890378168
Nepal,2009,6.996,473.078751198621,3.90179515,2.96617589765324,27.0,3.332204510175204
Nauru,2009,8.232,4410.56764668962,12.31576252,0.0,140.0,4.948759890378168
New Zealand,2009,6.73,28276.7255416225,9.13566399,1.55658150539553,140.0,4.948759890378168
Oman,2009,2.549,20655.9180249218,2.4694581,1.3782011048703,140.0,4.948759890378168
Pakistan,2009,7.741,963.788066395225,2.49995875,6.42618722690055,31.0,3.4657359027997265
Panama,2009,4.577,7796.92618363433,6.9857955,15.7671135605313,18.375,2.9639835752394106
Peru,2009,6.722,4181.18755462253,4.95976877,0.0,2.74,1.3190856114264407
Philippines,2009,5.526,1864.45043406471,4.16451931,9.62872513157651,51.54,3.961574784257394
Palau,2009,9.349,10147.7741092815,9.63057423,0.0,140.0,4.948759890378168
Papua New Guinea,2009,7.389,1568.83193368607,2.32937527,9.41073158244219,140.0,4.948759890378168
Poland,2009,10.1,11556.3026866026,6.57037735,1.01836330071281,140.0,4.948759890378168
Portugal,2009,9.9,23151.2154130712,10.13070393,0.0,140.0,4.948759890378168
Paraguay,2009,5.222,3941.84815479431,5.52496862,14.4765607993953,140.0,4.948759890378168
West Bank and Gaza,2009,3.734,2191.78178736868,10.76468372,1.12209231453472,140.0,4.948759890378168
Qatar,2009,1.287,60785.7351551657,2.38356304,0.504397876611039,140.0,4.948759890378168
Romania,2009,12.6,8548.4543409242,5.27816248,1.25383156711961,140.0,4.948759890378168
Russian Federation,2009,14.1,8562.82421875,5.64392471,12.2743494414076,9.385000000000002,2.3403624573280757
Rwanda,2009,7.784,564.039095842449,7.79951382,0.0,260.75,5.567389849750646
Saudi Arabia,2009,2.693,17718.3911648365,4.29042768,0.0,140.0,4.948759890378168
Sudan,2009,7.947,1178.22180175781,6.39496326,0.0,4.7525,1.7496345429273839
Senegal,2009,7.929,1308.69404336205,3.841573,0.0,203.16665,5.318936572118116
Singapore,2009,4.3,38926.8054365453,3.39370513,0.402530508038786,140.0,4.948759890378168
Solomon Islands,2009,5.922,1554.70671006386,6.6096673,0.0,140.0,4.948759890378168
Sierra Leone,2009,14.642,652.845806767943,6.27075481,2.60913512702566,140.0,4.948759890378168
El Salvador,2009,7.45,2910.18651752011,8.83749676,72.4503614995274,39.0,3.6888794541139363
San Marino,2009,6.3,62428.9943269418,6.18409586,0.0,140.0,4.948759890378168
Serbia,2009,14.2,6414.0448463847,8.98933506,2.07397700915681,140.0,4.948759890378168
Small states,2009,8.09558187415289,9296.64440865481,5.93038922395744,0.0,140.0,4.948759890378168
Sao Tome and Principe,2009,7.816,1128.28046213305,5.75177002,2.8113025608155,140.0,4.948759890378168
Suriname,2009,7.146,7129.5768626291,4.97810316,0.0,140.0,4.948759890378168
Slovak Republic,2009,9.8,16586.7527805228,7.95280409,1.44844846564276,140.0,4.948759890378168
Slovenia,2009,9.2,24501.7897290425,8.6420126,0.638629834427847,140.0,4.948759890378168
Sweden,2009,9.7,46707.6425044751,8.77742958,1.00013550222933,140.0,4.948759890378168
Eswatini,2009,15.913,3189.79679956637,8.63292217,16.9207263968308,140.0,4.948759890378168
Seychelles,2009,7.8,9747.09180546291,3.43580508,14.952791899859,140.0,4.948759890378168
Syrian Arab Republic,2009,3.799,2462.20193643202,3.57431221,2.16590372025588,140.0,4.948759890378168
Chad,2009,15.463,1035.63719694254,3.36260128,0.0,227.75,5.432629704155631
East Asia & Pacific (IDA & IBRD countries),2009,6.99386904842348,3398.52989667846,4.07100872233493,0.0,140.0,4.948759890378168
Europe & Central Asia (IDA & IBRD countries),2009,10.9518496030839,7074.02354262313,5.78197750514431,0.0,140.0,4.948759890378168
Togo,2009,10.553,720.693768151415,3.92726755,0.0,212.0,5.3612921657094255
Thailand,2009,6.571,4135.43986952819,3.61939645,5.43590911946787,8.631499999999999,2.2650389769200756
Tajikistan,2009,5.664,664.795655734657,5.85579777,1.2950203131279,2.5,1.252762968495368
Turkmenistan,2009,6.174,3707.97850699617,2.81471276,0.0,140.0,4.948759890378168
Latin America & the Caribbean (IDA & IBRD countries),2009,5.93057860997488,7386.60018995035,7.44635215885923,0.0,140.0,4.948759890378168
Timor-Leste,2009,7.98,686.579329690731,7.30931807,3.02234076514334,0.715,0.5394130806179033
"Middle East, North Africa, Afghanistan & Pakistan (IDA & IBRD)",2009,6.28582562391935,2512.84382036535,4.90237438557039,0.0,140.0,4.948759890378168
Tonga,2009,6.4,2914.23774004564,3.97380877,7.46251253468902,140.0,4.948759890378168
South Asia (IDA & IBRD),2009,7.17592159401116,1054.43555885745,3.48075323131367,0.0,140.0,4.948759890378168
Sub-Saharan Africa (IDA & IBRD countries),2009,11.5039189930886,1426.96916919949,5.2217779015358,0.0,140.0,4.948759890378168
Trinidad and Tobago,2009,6.765,14634.0565003912,5.48676443,36.764279333109,140.0,4.948759890378168
Tunisia,2009,5.523,4080.09032448781,5.40595293,2.39421321482698,140.0,4.948759890378168
Turkiye,2009,5.1,9076.92472236977,5.49438715,0.0,140.0,4.948759890378168
Tuvalu,2009,9.445,2683.96749549583,13.0113821,0.0,140.0,4.948759890378168
Tanzania,2009,8.635,693.823547363281,5.06306362,0.0,140.0,4.948759890378168
Uganda,2009,8.705,798.947089938247,5.78845549,10.2794330166168,836.8525500000001,6.730842130346309
Ukraine,2009,15.446,2607.08764648438,6.60991716,4.80442030690337,140.0,4.948759890378168
Uruguay,2009,9.208,9881.39573127081,7.91611385,6.82760685431307,140.0,4.948759890378168
United States,2009,7.9,47194.9433547336,16.20067596,4.9992946235203,140.0,4.948759890378168
Uzbekistan,2009,6.256,1205.7993547038,4.79649639,0.0,140.0,4.948759890378168
St. Vincent and the Grenadines,2009,9.212,6463.78777336717,4.09299564,20.8129728164477,140.0,4.948759890378168
Viet Nam,2009,5.872,1226.16976051536,4.48502922,1.42609270232914,5874.58495,8.678560900013446
Vanuatu,2009,5.44,2546.38324565986,3.25181413,0.0,140.0,4.948759890378168
Samoa,2009,6.511,3279.18269477295,5.12732029,8.35450242411109,140.0,4.948759890378168
"Yemen, Rep.",2009,5.748,969.243509864478,5.98619986,3.81830668627734,140.0,4.948759890378168
South Africa,2009,12.067,6374.70560042992,7.64941454,32.4134564386112,1.61395,0.9608624872455649
Zambia,2009,9.829,1136.24168316848,5.22568512,6.01909974504443,1.3622,0.8595933881956098
Afghanistan,2010,8.402,560.621505463146,8.56967163,3.47545228477135,24.5,3.2386784521643803
Angola,2010,11.078,4101.63715566712,2.36373854,0.0,216.905,5.384059187992957
Albania,2010,6.055,4149.14469936847,6.16333199,4.06320641959299,140.0,4.948759890378168
Andorra,2010,6.266,42746.830391567,7.68835258,0.0,140.0,4.948759890378168
United Arab Emirates,2010,1.073,44795.2949302268,3.74433136,0.96564564292759,140.0,4.948759890378168
Argentina,2010,7.625,10260.1313108254,9.4852438,5.7739778082346,0.6640999999999999,0.5092844367471614
Armenia,2010,9.2,3041.34450723339,9.23538303,1.91055986909936,374.0,5.926926025970411
Antigua and Barbuda,2010,5.767,15217.3950790922,4.75770044,7.03230759313412,140.0,4.948759890378168
Australia,2010,6.5,52313.8939041213,8.4193306,1.04328595693519,140.0,4.948759890378168
Austria,2010,9.2,46611.1393420232,10.31620026,0.729220953530514,140.0,4.948759890378168
Azerbaijan,2010,5.9,5843.5337683582,2.64634848,2.25214132449197,0.58,0.4574248470388754
Burundi,2010,10.509,216.727705301976,11.28196716,0.0,632.0,6.450470422144176
Belgium,2010,9.7,44197.393671162,10.41325188,0.0,140.0,4.948759890378168
Benin,2010,10.405,973.244254931526,3.01848245,0.0,285.0,5.655991810819852
Burkina Faso,2010,11.334,624.957252224766,5.28967237,0.788198249930744,180.0,5.198497031265826
Bangladesh,2010,6.049,757.385280361508,2.28807664,2.62020241832397,35.53,3.5981338408071912
Bulgaria,2010,14.9,6853.94805511171,7.09477949,1.9898896128905,140.0,4.948759890378168
Bahrain,2010,2.077,21819.3291098099,3.92259479,0.164847301944209,140.0,4.948759890378168
"Bahamas, The",2010,7.322,27473.100430502,5.25594234,25.5797974025621,140.0,4.948759890378168
Bosnia and Herzegovina,2010,9.961,4506.47828548389,9.01212692,1.46924881899287,140.0,4.948759890378168
Belarus,2010,14.5,6034.67885177216,5.65694332,4.22516594181188,0.2,0.18232155679395465
Belize,2010,5.173,5461.40735999001,4.47716761,40.2816593545567,140.0,4.948759890378168
Bolivia,2010,8.036,1929.78373077158,5.20230532,0.0,8.295,2.2294766211734074
Brazil,2010,5.801,11403.2840038694,7.94516611,26.9945684769237,140.0,4.948759890378168
Barbados,2010,9.203,20610.5150721363,5.97029495,11.2627546154587,140.0,4.948759890378168
Brunei Darussalam,2010,3.825,34937.5555357155,2.27826095,0.254886167837444,140.0,4.948759890378168
Bhutan,2010,6.647,2435.5798056672,3.25758624,2.28039770135912,42.269999999999996,3.7674595542367935
Botswana,2010,9.625,6215.73216077919,6.26718187,14.9032725963493,140.0,4.948759890378168
Central African Republic,2010,15.907,476.873786950728,3.56699872,0.0,595.9689000000001,6.391865018233328
Canada,2010,7.1,47560.6666009406,10.70066547,1.62880268220815,140.0,4.948759890378168
Switzerland,2010,8.0,76531.3729407691,9.9907856,0.664472756521145,140.0,4.948759890378168
Chile,2010,5.76,12632.8704724192,6.81958389,3.14874215608169,140.0,4.948759890378168
China,2010,7.11,4629.24551710077,4.15821123,0.992185694923539,140.0,4.948759890378168
Cote d'Ivoire,2010,10.851,1553.54887048143,4.57494831,0.0,202.25,5.31443674842792
Cameroon,2010,10.86,1398.58702025047,3.57742167,5.07929961186829,245.225,5.506245752055766
"Congo, Dem. Rep.",2010,11.654,352.400398754692,3.72224283,0.0,140.0,4.948759890378168
"Congo, Rep.",2010,8.23,2946.55798067708,1.85172856,0.0,140.0,4.948759890378168
Colombia,2010,5.012,6398.2958447102,7.07130194,34.5241750628259,1982.0,7.592366128519796
Comoros,2010,8.706,1386.5742428453,4.99181557,0.0,140.0,4.948759890378168
Cabo Verde,2010,5.224,3579.46006137809,4.08085394,0.0,140.0,4.948759890378168
Costa Rica,2010,4.256,8265.78820275582,8.02937698,11.5672606575735,1181.2024999999999,7.075134503089437
Cuba,2010,8.151,5272.26755824835,10.6880827,4.47005149587839,140.0,4.948759890378168
Cyprus,2010,5.883,31105.02734375,6.50055742,0.709335250902962,140.0,4.948759890378168
Czechia,2010,10.2,20160.4355077059,7.47836781,0.984323877723848,140.0,4.948759890378168
Germany,2010,10.5,42396.9665976293,10.8311739,0.981060169496516,140.0,4.948759890378168
Djibouti,2010,8.85,1213.23352553429,3.35699701,0.0,140.0,4.948759890378168
Dominica,2010,11.51,7549.61964680375,5.15711927,21.7838030163306,140.0,4.948759890378168
Denmark,2010,9.8,58104.5445594981,10.59621811,0.75704832266481,140.0,4.948759890378168
Dominican Republic,2010,5.663,5478.62470398954,4.92896748,25.1930337290323,39.709999999999994,3.706473762514887
Algeria,2010,4.678,4912.78585503672,4.64001417,0.701885561676529,140.0,4.948759890378168
Ecuador,2010,4.814,4520.30959039763,6.34925699,17.4043449177688,0.67,0.5128236264286639
"Egypt, Arab Rep.",2010,6.076,2455.08194645282,4.15319157,2.06174997223112,140.0,4.948759890378168
Eritrea,2010,7.615,539.699512069686,4.81866503,0.0,140.0,4.948759890378168
Spain,2010,8.2,30658.7422282912,9.16992569,0.856097274768039,140.0,4.948759890378168
Estonia,2010,11.9,14663.7041018705,6.59404182,5.25743203736382,140.0,4.948759890378168
Ethiopia,2010,8.98,330.619412798644,5.46637249,0.0,6.0,1.9459101490553132
Finland,2010,9.5,46506.2919016566,9.14183331,2.20011725879187,140.0,4.948759890378168
Fiji,2010,7.799,3449.14452883369,3.41664124,2.19679070845402,140.0,4.948759890378168
France,2010,8.5,40694.8211697025,11.22430801,1.25517676645729,140.0,4.948759890378168
"Micronesia, Fed. Sts.",2010,7.161,2702.61165204772,13.3306675,0.0,140.0,4.948759890378168
Gabon,2010,7.994,8356.74662013345,2.47556901,0.0,553.0,6.317164686747284
United Kingdom,2010,8.9,39778.3220528565,9.78799534,1.19987652699167,140.0,4.948759890378168
Georgia,2010,12.865,3281.72930937343,9.02123737,4.79988767749478,17.4,2.91235066461494
Ghana,2010,8.604,1263.89251760539,4.52302933,1.65652636352875,51.05,3.952204795060978
Guinea,2010,11.883,659.235326211315,3.42781734,0.0,5500.0,8.612685172875459
"Gambia, The",2010,8.48,801.033372714536,4.11944056,0.0,140.0,4.948759890378168
Guinea-Bissau,2010,10.813,600.194298540768,4.87133694,0.0,500.0,6.2166061010848646
Equatorial Guinea,2010,10.797,13720.1658723222,1.73363662,0.0,140.0,4.948759890378168
Greece,2010,9.8,26653.0488008626,9.61952496,1.58206940071031,140.0,4.948759890378168
Grenada,2010,7.399,6909.60169568597,5.4188118,8.96169770401305,140.0,4.948759890378168
Guatemala,2010,5.421,2805.25960237322,6.1247797,41.1031293722721,11.245000000000001,2.505117690404131
Guyana,2010,7.842,4581.76179693492,4.21897697,18.6851899182723,140.0,4.948759890378168
Honduras,2010,4.762,1893.32722662035,8.72536373,74.5408954410341,677.61,6.5200465884631855
Heavily indebted poor countries (HIPC),2010,9.94372680861297,812.08054988398,4.99440115801845,0.0,140.0,4.948759890378168
Croatia,2010,11.8,13729.7654965022,7.94908857,1.44147646249121,140.0,4.948759890378168
Haiti,2010,17.931,1209.72733503094,4.54871035,6.90584205676174,37.71,3.6560979645895566
Hungary,2010,13.0,13189.8433874768,7.46420383,1.38288629112252,140.0,4.948759890378168
Indonesia,2010,7.528,3065.68348377765,2.7908783,0.0,11333.0,9.335562336729565
India,2010,7.164,1347.51939071367,3.33625913,3.73628378136533,140.0,4.948759890378168
Ireland,2010,6.1,48623.9666422487,10.52062798,1.1844494941962,140.0,4.948759890378168
"Iran, Islamic Rep.",2010,4.613,6291.19443655454,6.29153061,0.0,140.0,4.948759890378168
Iraq,2010,5.409,4461.75196161555,3.23955345,8.66796030041971,140.0,4.948759890378168
Iceland,2010,6.4,43776.4677400475,8.36173058,0.628618485155174,140.0,4.948759890378168
Israel,2010,5.2,31439.0887027614,6.85038328,2.04450617338639,140.0,4.948759890378168
Italy,2010,9.8,35856.8625485539,8.87928963,0.879260233986606,140.0,4.948759890378168
Jamaica,2010,6.448,4809.977380312,6.44219255,52.6456053926273,140.0,4.948759890378168
Jordan,2010,3.711,3718.46571622945,8.17025661,1.75413508224255,140.0,4.948759890378168
Japan,2010,9.5,44968.1562349739,9.0630064,0.362756174607419,140.0,4.948759890378168
Kazakhstan,2010,8.926,8793.07589980782,2.73641396,8.23790230340836,107.0,4.68213122712422
Kenya,2010,7.424,1091.51873101194,5.38849831,4.62996723697198,135.0,4.912654885736052
Kyrgyz Republic,2010,6.6,876.954476440354,6.95027161,16.7641099769876,140.0,4.948759890378168
Cambodia,2010,6.26,952.274616324008,5.62713194,2.28264433104936,1800.0,7.496097345175956
Kiribati,2010,6.926,1522.10068744154,8.76666641,3.67971739770386,140.0,4.948759890378168
St. Kitts and Nevis,2010,9.109,16622.9457908577,5.21727514,44.8272549710224,140.0,4.948759890378168
"Korea, Rep.",2010,5.1,24071.2620526362,5.79390717,0.993727389936438,140.0,4.948759890378168
Kuwait,2010,1.944,39212.252220155,2.67879915,2.03847866298902,140.0,4.948759890378168
Lao PDR,2010,7.853,1125.91610151261,2.91154933,0.0,140.0,4.948759890378168
Lebanon,2010,4.203,7625.81051551165,7.43864489,3.2333006961713,140.0,4.948759890378168
Liberia,2010,9.819,492.252808033724,8.43860245,3.17820882063815,403.75,6.003269592557745
Libya,2010,4.627,11600.9068649472,3.28064442,0.0,140.0,4.948759890378168
St. Lucia,2010,6.907,8673.68720340529,5.05056047,25.7450711353869,140.0,4.948759890378168
Sri Lanka,2010,6.403,2808.36244503709,3.7414515,3.65437400070472,62.67,4.153713494028934
Low & middle income,2010,7.5283853504233,3394.26296887076,4.94241140743301,0.0,140.0,4.948759890378168
Lesotho,2010,18.204,1119.47557793042,7.4048481,0.0,11.765,2.5467070506934473
Late-demographic dividend,2010,7.41345925902632,6276.4619904196,5.19255897807302,0.0,140.0,4.948759890378168
Lithuania,2010,13.6,11829.122609457,6.9058671,7.06971693208504,140.0,4.948759890378168
Luxembourg,2010,7.4,110885.991378721,6.66263008,1.97079284996354,140.0,4.948759890378168
Latvia,2010,14.3,11188.4191700977,6.22420359,0.0,140.0,4.948759890378168
Morocco,2010,5.984,3067.9853515625,5.41861057,1.38910211811739,140.0,4.948759890378168
Monaco,2010,11.875,161853.920622244,4.9583292,0.0,140.0,4.948759890378168
Moldova,2010,12.18,2436.79935102421,10.13112831,7.29627258213572,140.0,4.948759890378168
Madagascar,2010,7.826,450.009391645726,4.69762659,0.0,1227.5,7.1135491919612335
Maldives,2010,3.288,7173.59601844692,8.48758984,1.66300804895896,140.0,4.948759890378168
Mexico,2010,5.733,9728.80078377082,5.4897337,22.6686472946558,10.66,2.4561641809223462
Marshall Islands,2010,6.465,3095.45768964722,17.73354912,0.0,140.0,4.948759890378168
North Macedonia,2010,9.3,4833.36586759968,6.71369696,2.09602218858838,140.0,4.948759890378168
Mali,2010,12.12,797.151541135109,4.67867136,0.0,185.0,5.225746673713202
Malta,2010,7.3,21946.6069636029,7.89857197,0.946408439124052,140.0,4.948759890378168
Myanmar,2010,9.212,1010.53417343401,1.96793783,1.63388087176703,606.0606,6.408628621331645
Mongolia,2010,6.7,2625.21881402433,3.73945642,8.84617719300064,1474.345,7.296647139729061
Mozambique,2010,11.543,496.185839392659,5.29249668,3.80447436621262,27.0,3.332204510175204
Mauritania,2010,7.054,1659.96369705455,2.63618922,0.0,200.0,5.303304908059076
Mauritius,2010,7.3,8113.17670740212,4.51898289,2.57267916079206,140.0,4.948759890378168
Malawi,2010,10.708,683.124694716799,5.14304781,3.50724242187769,32.3575,3.507282634634439
Malaysia,2010,4.334,8899.34505544675,3.16474271,1.88443680805509,140.0,4.948759890378168
Namibia,2010,11.077,5418.21633365814,10.62278938,14.8828532230738,7.2,2.1041341542702074
Niger,2010,11.605,474.425692340831,4.96100473,0.0,236.65915,5.470837504317573
Nigeria,2010,14.36,2202.25672957344,3.29653287,0.0,181.2017,5.205114315188477
Nicaragua,2010,5.09,1526.56706951408,7.71019173,13.682036444762,584.0350000000001,6.371671674501999
Netherlands,2010,8.2,51305.7338533973,10.09452248,0.858612976325238,140.0,4.948759890378168
Norway,2010,8.5,88163.2085931423,8.8581152,0.593148682739496,140.0,4.948759890378168
Nepal,2010,7.028,585.278491984574,4.36131525,2.97345260913609,32.0,3.4965075614664802
Nauru,2010,8.156,4735.92000502092,12.69640064,0.0,140.0,4.948759890378168
New Zealand,2010,6.53,33761.9009639947,9.09511089,0.98901264452666,140.0,4.948759890378168
Oman,2010,2.456,23570.1798147325,2.47588587,1.74074125114327,140.0,4.948759890378168
Pakistan,2010,7.691,987.304571124485,2.42967653,6.62018826058729,32.25,3.5040547671018634
Panama,2010,4.609,8331.46422259967,7.22332573,12.677292626363,17.2,2.9014215940827497
Peru,2010,6.733,5072.11494019615,4.70582962,0.0,2.635,1.2906091109854827
Philippines,2010,5.482,2162.91375885614,4.13107872,8.97369523950398,38.8,3.6838669122903918
Palau,2010,9.261,10221.9163762354,10.93099976,0.0,140.0,4.948759890378168
Papua New Guinea,2010,7.285,1866.86889851208,2.10756016,9.34037927179888,140.0,4.948759890378168
Poland,2010,9.9,12567.7317676382,6.43533468,1.00799699931893,140.0,4.948759890378168
Portugal,2010,10.0,22551.935098809,10.01858425,1.1721711445495,140.0,4.948759890378168
Paraguay,2010,5.211,4750.96273669458,5.46593952,12.9139714270104,3468.0,8.15162164696975
West Bank and Gaza,2010,3.463,2557.07562356699,9.10499382,0.970894209748749,140.0,4.948759890378168
Qatar,2010,1.188,76462.6119486736,1.87017763,0.234023576120117,140.0,4.948759890378168
Romania,2010,12.8,8399.5374234284,5.63882685,1.3018428319408,140.0,4.948759890378168
Russian Federation,2010,14.2,10674.990234375,4.97111797,11.5955549228756,8.5425,2.255755505637248
Rwanda,2010,7.347,593.624927744346,8.08185482,2.82043606558473,263.0,5.575949103146316
Saudi Arabia,2010,2.668,22028.3901426586,3.64786148,0.0,140.0,4.948759890378168
Sudan,2010,7.819,1305.63598632813,5.05810165,0.0,6.1875,1.9723434061234688
Senegal,2010,7.739,1275.88357492357,4.02764368,0.0,200.0,5.303304908059076
Singapore,2010,4.4,47236.683084953,3.1982615,0.374235722020857,140.0,4.948759890378168
Solomon Islands,2010,5.802,1685.14535823757,4.66862011,0.0,140.0,4.948759890378168
Sierra Leone,2010,14.152,685.039673490948,5.64204741,2.61943582816115,140.0,4.948759890378168
El Salvador,2010,7.216,3040.07300952878,8.90416241,65.7026379683301,39.0,3.6888794541139363
San Marino,2010,6.5,56543.1898204098,6.20853519,0.0,140.0,4.948759890378168
Serbia,2010,14.2,5970.92660940072,9.15153027,1.78478121117552,140.0,4.948759890378168
Small states,2010,7.94413462156903,9813.58319583758,5.75818973051181,0.0,140.0,4.948759890378168
Sao Tome and Principe,2010,7.67,1045.20958234528,5.80827904,3.30029372614163,140.0,4.948759890378168
Suriname,2010,7.1,7943.60482816915,4.6978569,0.0,140.0,4.948759890378168
Slovak Republic,2010,9.9,16899.448680529,7.67065239,1.65063908479667,140.0,4.948759890378168
Slovenia,2010,9.1,23329.8417691156,8.63941956,0.733635525957981,140.0,4.948759890378168
Sweden,2010,9.6,52542.5759090299,8.32384682,0.970332147893121,140.0,4.948759890378168
Eswatini,2010,14.988,3922.74039390733,8.5912571,18.7109252012774,140.0,4.948759890378168
Seychelles,2010,7.4,10934.79494629,4.40148449,9.47657706036579,140.0,4.948759890378168
Syrian Arab Republic,2010,3.824,2730.61477118949,3.35286307,2.05938679956635,140.0,4.948759890378168
Chad,2010,15.178,1141.80069268412,3.08810997,0.0,187.5,5.2390980068880655
East Asia & Pacific (IDA & IBRD countries),2010,7.0191719576702,4104.80262362259,3.96567600066826,0.0,140.0,4.948759890378168
Europe & Central Asia (IDA & IBRD countries),2010,10.8663678624647,8280.72343768265,5.34821085983061,0.0,140.0,4.948759890378168
Togo,2010,10.388,704.986772286079,4.33284378,0.0,210.0,5.351858133476067
Thailand,2010,6.607,4973.86288823778,3.39009809,5.32812691440829,13.6675,2.685634161817878
Tajikistan,2010,5.666,737.338883219356,5.73543453,2.36535123734333,2.5,1.252762968495368
Turkmenistan,2010,6.067,4058.53937000739,3.20879436,1.88701082389409,140.0,4.948759890378168
Latin America & the Caribbean (IDA & IBRD countries),2010,6.09902616270027,9115.80144590362,7.18180809548772,0.0,140.0,4.948759890378168
Timor-Leste,2010,7.965,813.060220670369,6.47058821,3.59553213645137,140.0,4.948759890378168
"Middle East, North Africa, Afghanistan & Pakistan (IDA & IBRD)",2010,6.24624024450855,2817.90380218571,4.82013810969733,0.0,140.0,4.948759890378168
Tonga,2010,6.302,3416.08356601207,4.81632328,0.931103031205918,140.0,4.948759890378168
South Asia (IDA & IBRD),2010,7.03176592598332,1294.02734404973,3.30017600569856,0.0,140.0,4.948759890378168
Sub-Saharan Africa (IDA & IBRD countries),2010,10.8892327557615,1642.64134193596,5.16452045702776,0.0,140.0,4.948759890378168
Trinidad and Tobago,2010,6.727,16815.424737361,5.08042908,34.1108885129239,140.0,4.948759890378168
Tunisia,2010,5.604,4291.86120891575,5.60950756,2.65651617409655,140.0,4.948759890378168
Turkiye,2010,5.0,10698.9699409757,5.02053452,4.17741645852185,140.0,4.948759890378168
Tuvalu,2010,9.406,3024.8170790571,16.21352577,9.42151874882231,140.0,4.948759890378168
Tanzania,2010,8.293,736.530151367188,5.22392178,8.68662061022504,140.0,4.948759890378168
Uganda,2010,8.263,823.488144282,6.80890226,9.75585614946885,875.0,6.775366090936392
Ukraine,2010,14.798,3039.63232421875,6.81387615,4.27931783411627,140.0,4.948759890378168
Uruguay,2010,9.355,12641.0576849008,7.87757301,6.17734091087152,140.0,4.948759890378168
United States,2010,7.995,48642.6100179312,16.19722366,4.73280651793807,140.0,4.948759890378168
Uzbekistan,2010,6.198,1753.20730243278,5.29938841,0.0,140.0,4.948759890378168
St. Vincent and the Grenadines,2010,9.54,6551.96835992405,4.30325222,22.7358503435387,140.0,4.948759890378168
Viet Nam,2010,5.911,1683.16182443979,5.07146072,1.52764014135863,6858.33495,8.833365769956218
Vanuatu,2010,5.468,2815.18828985779,3.52637076,0.0,140.0,4.948759890378168
Samoa,2010,5.781,3524.2479246203,5.15268326,8.28918908417413,140.0,4.948759890378168
"Yemen, Rep.",2010,5.586,1155.20305261418,5.15932894,4.10773754599573,140.0,4.948759890378168
South Africa,2010,11.349,7973.47195771517,7.79358244,30.3625716702744,1.34885,0.8539258466774245
Zambia,2010,9.29,1451.10616017155,4.13426876,5.82860993954142,1.1446999999999998,0.7629996824587787
Zimbabwe,2010,12.745,902.010759067388,10.47575283,5.32323192052437,0.2857,0.2513033171080661
Afghanistan,2011,8.032,606.694676337726,8.56190777,4.19453539608613,26.0,3.295836866004329
Angola,2011,10.546,5184.15269149912,2.35561895,4.35620071002768,252.29,5.534535077349518
Albania,2011,6.36,4465.70914328865,6.11026192,4.87720435898422,140.0,4.948759890378168
Andorra,2011,5.952,46657.1495384811,7.62052774,1.28562796497949,140.0,4.948759890378168
United Arab Emirates,2011,1.027,51921.904511613,3.56666398,0.708390053731386,140.0,4.948759890378168
Argentina,2011,7.419,12704.2831819684,9.51042366,6.01715853502966,0.728,0.5469646703818639
Armenia,2011,9.2,3349.55309771906,9.37588882,2.42878652522919,438.125,6.084784110585991
Antigua and Barbuda,2011,5.664,14911.7275084471,4.81000614,0.0,140.0,4.948759890378168
Australia,2011,6.6,62799.3895017032,8.53425312,1.10321388892905,140.0,4.948759890378168
Austria,2011,9.1,51116.8953522042,10.1370182,0.917401680155648,140.0,4.948759890378168
Azerbaijan,2011,5.9,7189.81869211976,2.59547186,2.27956547808754,140.0,4.948759890378168
Burundi,2011,10.072,230.069761381132,10.06996346,0.0,600.0,6.398594934535208
Belgium,2011,9.4,47760.8298776546,10.41302204,0.0,140.0,4.948759890378168
Benin,2011,10.331,1059.41358852588,2.99865556,0.0,285.0,5.655991810819852
Burkina Faso,2011,10.905,725.024767725475,4.64868164,0.55963484448214,190.0,5.25227342804663
Bangladesh,2011,5.93,837.336944695647,2.36418128,2.58218128044816,40.64,3.7290612437467683
Bulgaria,2011,14.7,7849.58061302818,7.10250568,1.73441146879584,140.0,4.948759890378168
Bahrain,2011,2.061,25032.7867743333,3.7181015,0.994424592783129,140.0,4.948759890378168
"Bahamas, The",2011,7.39,27090.8376801379,5.32398558,34.1646737273659,140.0,4.948759890378168
Bosnia and Herzegovina,2011,10.296,4982.69375768263,9.1712122,1.36298129441799,140.0,4.948759890378168
Belarus,2011,14.3,6527.6593428786,4.87452745,3.93761674954488,0.295,0.25851069515150105
Belize,2011,5.181,5596.05222152289,4.52904415,37.8859632506156,140.0,4.948759890378168
Bolivia,2011,7.94,2315.52121930607,5.17306805,0.0,12.52,2.604170070614818
Brazil,2011,5.843,13396.6263158041,7.78819132,26.7470983503833,140.0,4.948759890378168
Barbados,2011,9.21,20508.1498810382,6.05910301,9.7776844270458,140.0,4.948759890378168
Brunei Darussalam,2011,3.843,46382.8274255349,1.86409724,0.25038277266371,140.0,4.948759890378168
Bhutan,2011,6.549,2787.97967608562,3.02062726,4.51100049761974,45.0,3.828641396489095
Botswana,2011,9.416,7287.38295334919,5.86915016,0.0,140.0,4.948759890378168
Central African Republic,2011,14.008,534.057281471636,3.67561865,0.0,1729.085,7.455925819232818
Canada,2011,7.1,52223.8588398531,10.40518665,1.76238467720832,140.0,4.948759890378168
Switzerland,2011,7.8,90476.7589651577,10.10393143,0.581221136763671,140.0,4.948759890378168
Chile,2011,5.888,14487.3927832032,6.79947519,3.66532251337043,140.0,4.948759890378168
China,2011,7.14,5703.76027973346,4.26719379,0.883293080721741,140.0,4.948759890378168
Cote d'Ivoire,2011,10.647,1596.62826565998,4.39700699,0.0,394.0,5.978885764901122
Cameroon,2011,10.52,1513.96056994878,3.85282946,4.12706343595528,10800.0,9.287394001418473
"Congo, Dem. Rep.",2011,11.367,372.514273875789,3.19435549,0.0,140.0,4.948759890378168
"Congo, Rep.",2011,7.952,3396.16505817952,1.75237322,0.0,140.0,4.948759890378168
Colombia,2011,5.019,7400.9940695669,6.78076792,35.6322084408409,2166.0,7.681099001536359
Comoros,2011,8.596,1531.43789372951,5.3021183,0.0,140.0,4.948759890378168
Cabo Verde,2011,5.182,4002.01386888785,3.92527819,0.0,140.0,4.948759890378168
Costa Rica,2011,4.287,9276.39107511347,8.12197781,10.282368146525,1394.051,7.240686252726982
Cuba,2011,8.165,6104.46105236166,11.31298637,4.72500681542416,140.0,4.948759890378168
Cyprus,2011,5.874,32485.798828125,6.43139076,0.785002954663899,140.0,4.948759890378168
Czechia,2011,10.2,22049.1080788682,7.47281456,0.81939793117267,140.0,4.948759890378168
Germany,2011,10.6,47630.9761883572,10.52106953,0.91271260058552,140.0,4.948759890378168
Djibouti,2011,8.612,1306.34552844977,3.37387872,0.0,140.0,4.948759890378168
Dominica,2011,11.963,7705.40717248319,5.33450365,8.68891511654007,140.0,4.948759890378168
Denmark,2011,9.4,61809.737898222,10.39758492,0.825726922413442,140.0,4.948759890378168
Dominican Republic,2011,5.573,5826.51014109195,5.04506636,25.2674003329003,40.625,3.7287009483006077
Algeria,2011,4.658,5916.31364364343,4.82567501,0.758738181010027,140.0,4.948759890378168
Ecuador,2011,4.935,5153.6916424375,6.60509682,15.2875203821371,0.76,0.5653138090500605
"Egypt, Arab Rep.",2011,6.049,2590.64384891965,4.35707569,2.96729523596304,140.0,4.948759890378168
Eritrea,2011,7.417,688.68165957684,5.1622901,0.0,140.0,4.948759890378168
Spain,2011,8.3,31824.6219134777,9.21749687,0.819183054272952,140.0,4.948759890378168
Estonia,2011,11.5,17555.5455239426,6.05471659,4.89694750660617,140.0,4.948759890378168
Ethiopia,2011,8.534,343.024942351887,4.46897745,0.0,9.0,2.302585092994046
Finland,2011,9.4,51060.3242589767,9.23903561,2.04148255432524,140.0,4.948759890378168
Fiji,2011,7.897,4139.60288609702,3.14293504,2.19060809637799,140.0,4.948759890378168
France,2011,8.4,43929.7840873812,11.17601013,1.34308688468283,140.0,4.948759890378168
"Micronesia, Fed. Sts.",2011,7.206,2848.70077003105,13.222826,0.0,140.0,4.948759890378168
Gabon,2011,7.802,10219.1139339454,2.55771565,0.0,533.0,6.280395838960195
United Kingdom,2011,8.7,42295.9273835322,9.79682636,1.00772665754522,140.0,4.948759890378168
Georgia,2011,12.594,4119.66818307193,7.88224316,0.0,26.25,3.305053521109253
Ghana,2011,8.485,1507.43573198753,4.46374655,1.62099472513754,60.0,4.110873864173311
Guinea,2011,11.641,636.694958747648,3.78955102,0.0,9000.0,9.105090961257085
"Gambia, The",2011,8.275,710.608411468152,4.36967373,0.0,140.0,4.948759890378168
Guinea-Bissau,2011,10.405,719.539573498937,6.21634817,0.0,600.0,6.398594934535208
Equatorial Guinea,2011,10.517,17198.2136668275,1.54309607,0.0,140.0,4.948759890378168
Greece,2011,10.0,25504.7866510124,9.18577003,1.65633803374762,140.0,4.948759890378168
Grenada,2011,7.502,6947.38136096464,5.80423355,3.56891121441126,140.0,4.948759890378168
Guatemala,2011,5.305,3168.98370607705,5.96306896,38.4055692334411,11.465,2.5229247169755213
Guyana,2011,7.894,4947.22170589917,4.17213488,17.4227001700724,140.0,4.948759890378168
Honduras,2011,4.681,2073.66121088074,8.79187012,83.1793333078082,706.0,6.561030665896573
Heavily indebted poor countries (HIPC),2011,9.78082269363558,873.222093086024,4.9212176310296,0.0,140.0,4.948759890378168
Croatia,2011,11.9,14691.558296292,7.62508154,1.14463944324737,140.0,4.948759890378168
Haiti,2011,8.728,1312.03953552013,5.91197777,9.21844574684968,48.33,3.8985324152456466
Hungary,2011,12.9,14211.460557822,7.49342251,1.45777335776427,140.0,4.948759890378168
Indonesia,2011,7.517,3579.46442466152,2.98942471,0.0,12891.0,9.464362242935328
India,2011,7.048,1445.46127486037,3.24634218,3.77728016164146,140.0,4.948759890378168
Ireland,2011,6.2,52613.8540355689,10.4888649,0.917110164037163,140.0,4.948759890378168
"Iran, Islamic Rep.",2011,4.61,8025.68743364356,6.09787989,0.0,140.0,4.948759890378168
Iraq,2011,5.299,5775.54229080293,2.80316377,8.18993599583675,140.0,4.948759890378168
Iceland,2011,6.2,48254.953927254,8.25498867,0.940035157314884,140.0,4.948759890378168
Israel,2011,5.3,34522.5215979073,6.80594969,1.9676021588745,140.0,4.948759890378168
Italy,2011,9.9,38432.3742820019,8.728508,0.914393555930683,140.0,4.948759890378168
Jamaica,2011,6.371,5232.63644918132,6.5231781,41.0433859018324,140.0,4.948759890378168
Jordan,2011,3.726,3946.85503855525,8.14807701,1.89828811842751,1.04,0.712949807856125
Japan,2011,9.9,48760.0789494211,10.48780155,0.345052544691282,1332.0,7.195187320178709
Kazakhstan,2011,8.55,11287.1464926039,2.60236669,8.3206363060125,131.5,4.886582645426277
Kenya,2011,7.275,1096.14499807675,5.20212841,5.31122951314829,212.5,5.363636832668679
Kyrgyz Republic,2011,6.5,1117.40174350185,7.1072917,8.46332327339597,140.0,4.948759890378168
Cambodia,2011,6.145,1088.98152823081,6.00443649,1.82033262639221,1950.0,7.576097340623111
Kiribati,2011,6.943,1771.12926848792,7.98947382,9.94148082875799,140.0,4.948759890378168
St. Kitts and Nevis,2011,9.362,17832.4572919975,5.17247772,72.5170895052842,140.0,4.948759890378168
"Korea, Rep.",2011,5.1,26175.2398553363,5.90292883,0.820312091704541,140.0,4.948759890378168
Kuwait,2011,1.864,49169.6063813095,2.33303547,1.88329056827335,140.0,4.948759890378168
Lao PDR,2011,7.659,1361.54704394913,1.94457507,0.0,140.0,4.948759890378168
Lebanon,2011,4.213,7834.96257108993,8.17744446,3.29669003490076,140.0,4.948759890378168
Liberia,2011,9.569,568.087865520004,8.58399582,3.81410073040029,506.25,6.229003978705924
Libya,2011,5.827,7593.8391525702,4.01902008,0.0,140.0,4.948759890378168
St. Lucia,2011,6.96,9128.99442011613,5.06134319,26.7751642889157,140.0,4.948759890378168
Sri Lanka,2011,6.407,3224.95745150496,3.5819521,3.48421308761825,68.275,4.238084090749042
Low & middle income,2011,7.47465032772765,3942.65348704731,4.93181876711441,0.0,140.0,4.948759890378168
Lesotho,2011,17.475,1280.73390931581,8.99487114,0.0,13.27815,2.658730396698148
Late-demographic dividend,2011,7.37946117231855,7598.75722812692,5.1133079357655,0.0,140.0,4.948759890378168
Lithuania,2011,13.6,14261.8433787325,6.54017687,6.96681994220841,140.0,4.948759890378168
Luxembourg,2011,7.4,119025.057203467,5.95225334,0.771331163321661,140.0,4.948759890378168
Latvia,2011,13.9,12902.574053337,5.91758251,0.0,140.0,4.948759890378168
Morocco,2011,5.91,3301.98876953125,5.37019396,1.33991288287498,140.0,4.948759890378168
Monaco,2011,12.874,179363.984221513,4.63545036,0.0,140.0,4.948759890378168
Moldova,2011,12.185,2941.36224066021,9.09670353,6.07207895051986,140.0,4.948759890378168
Madagascar,2011,7.683,506.163691559309,4.521595,0.0,1967.5,7.585027110383792
Maldives,2011,3.196,7424.520410971,7.92251587,0.802838838131633,140.0,4.948759890378168
Mexico,2011,5.698,10664.4944032313,5.30093002,23.6134785680132,11.0,2.4849066497880004
Marshall Islands,2011,6.381,3319.39815439151,11.35905361,0.0,140.0,4.948759890378168
North Macedonia,2011,9.5,5416.86672931659,6.51887369,1.47026715489338,140.0,4.948759890378168
Mali,2011,11.812,938.292902583696,4.01485014,0.0,188.0,5.241747015059643
Malta,2011,7.8,23516.9691234302,8.31816673,0.70649991698626,140.0,4.948759890378168
Myanmar,2011,9.125,1213.62898703376,1.95077813,2.13477102911342,520.0,6.255750041753367
Montenegro,2011,9.4,7265.51668681954,7.96692181,3.31917415785834,140.0,4.948759890378168
Mongolia,2011,6.9,3736.04201455077,3.58612084,9.68970892806502,1300.0,7.170888478512505
Mozambique,2011,11.108,618.17649286789,4.9217639,3.58999788532633,30.74,3.457577715098263
Mauritania,2011,7.205,1931.19975525465,2.47383666,0.0,200.0,5.303304908059076
Mauritius,2011,7.3,9324.24232310496,4.25059652,2.48781940296999,140.0,4.948759890378168
Malawi,2011,9.939,763.061000394572,5.32226658,2.24696688131315,30.0,3.4339872044851463
Malaysia,2011,4.401,10217.1068585031,3.31451917,1.81743121597224,140.0,4.948759890378168
Namibia,2011,10.848,5834.7917675794,10.86068344,14.350110071867,7.76,2.1701959049483
Niger,2011,11.261,510.75956176268,4.87323856,4.83806653628145,218.1818,5.389901522429666
Nigeria,2011,14.203,2418.41316975875,3.32077932,0.0,174.1935,5.165891077357431
Nicaragua,2011,5.051,1679.71192084633,7.44982004,12.682480356333,700.0,6.55250788703459
Netherlands,2011,8.1,54701.7728030611,10.14537811,0.848611455055905,140.0,4.948759890378168
Norway,2011,8.4,101221.813476644,8.73474026,2.24108049961155,140.0,4.948759890378168
Nepal,2011,6.998,785.518656222132,4.45220184,2.47228294102196,34.7,3.5751506887855933
Nauru,2011,8.021,6444.03642094634,9.97123718,0.0,140.0,4.948759890378168
New Zealand,2011,6.86,38431.7766788499,9.10748196,0.889862312060794,140.0,4.948759890378168
Oman,2011,2.182,25188.0074151885,2.23611403,1.10505749061595,140.0,4.948759890378168
Pakistan,2011,7.575,1131.73513834324,2.23121333,6.80258538196207,38.0,3.6635616461296463
Panama,2011,4.624,9662.29590911979,6.83196259,14.8639320731842,24.2,3.2268439945173775
Peru,2011,6.671,5861.35793645245,4.52216864,5.5180019181967,2.835,1.3441694348192195
Philippines,2011,5.463,2383.91892522087,4.02518559,8.64032540631909,59.365,4.100409466784351
Palau,2011,9.195,10993.6038613491,9.9432106,0.0,140.0,4.948759890378168
Papua New Guinea,2011,7.167,2288.37591141234,2.29397798,0.0,140.0,4.948759890378168
Poland,2011,9.9,13867.6669408192,6.24533606,1.10446216454824,140.0,4.948759890378168
Portugal,2011,9.7,23246.5425416481,9.71847439,1.07984686066494,140.0,4.948759890378168
Paraguay,2011,5.209,5805.40154542925,5.82225847,11.2990930113132,3500.0,8.160803920954665
West Bank and Gaza,2011,3.431,2880.79843707909,11.34622478,0.728879354067116,140.0,4.948759890378168
Qatar,2011,1.148,103261.510293068,1.599962,0.220878544410392,140.0,4.948759890378168
Romania,2011,12.5,9560.6755277458,4.47503996,1.01074789871675,140.0,4.948759890378168
Russian Federation,2011,13.5,14305.33203125,4.79491472,11.2292273482455,10.024999999999999,2.4001654213329098
Rwanda,2011,7.043,651.133677964662,7.93233776,0.0,325.0,5.786897381366708
Saudi Arabia,2011,2.642,27126.7498747702,3.68218255,0.0,140.0,4.948759890378168
Sudan,2011,7.686,1332.6572265625,5.61579561,0.0,6.9125,2.0684437874702946
Senegal,2011,7.505,1374.67591873844,4.21416712,0.0,206.25,5.333925794015404
Singapore,2011,4.5,53891.4570264372,3.1539185,0.30874685632986,140.0,4.948759890378168
Solomon Islands,2011,5.663,1924.05795643133,5.03008652,0.0,140.0,4.948759890378168
Sierra Leone,2011,13.647,761.146365577281,6.60636759,2.92770708400218,140.0,4.948759890378168
El Salvador,2011,7.109,3330.60049486653,8.87645435,71.7719022936632,38.625,3.6794602321974446
San Marino,2011,6.8,55601.3929703047,8.0707283,0.0,140.0,4.948759890378168
Serbia,2011,14.2,7082.2861666075,8.75940418,1.75156114676202,140.0,4.948759890378168
Small states,2011,7.88417866011352,10893.6298369854,5.57325398074681,0.0,140.0,4.948759890378168
Sao Tome and Principe,2011,7.516,1219.80189089671,5.65160036,3.23189666549062,140.0,4.948759890378168
Suriname,2011,7.118,7949.88867218383,4.40932178,0.0,140.0,4.948759890378168
Slovak Republic,2011,9.6,18469.4354316836,7.31452227,1.77840071202719,140.0,4.948759890378168
Slovenia,2011,9.1,24940.6284841605,8.60054302,0.780943418696957,140.0,4.948759890378168
Sweden,2011,9.5,60379.4814599322,10.50179005,0.857210073297811,140.0,4.948759890378168
Eswatini,2011,14.617,4225.06049411911,8.46997261,15.3869069051876,140.0,4.948759890378168
Seychelles,2011,7.9,12110.0937461973,4.35539675,16.490765171504,140.0,4.948759890378168
Syrian Arab Republic,2011,4.334,2952.14349372257,2.6616261,0.0,40.0,3.713572066704308
Chad,2011,14.857,1308.1421872538,2.85585785,0.0,208.5,5.344723739362192
East Asia & Pacific (IDA & IBRD countries),2011,7.03614007796096,4970.50535493565,4.08422356577556,0.0,140.0,4.948759890378168
Europe & Central Asia (IDA & IBRD countries),2011,10.5589489842815,10028.6545563598,5.05155861270948,0.0,140.0,4.948759890378168
Togo,2011,10.154,783.988944671672,4.38927078,0.0,212.0,5.3612921657094255
Thailand,2011,6.644,5373.6232832898,3.56825495,4.79225300638159,13.8316,2.696760039743548
Tajikistan,2011,5.568,833.601978202852,5.85971785,1.61026778305936,3.3,1.4586150226995167
Turkmenistan,2011,6.029,5143.61929334647,3.22296,1.75950488940016,140.0,4.948759890378168
Latin America & the Caribbean (IDA & IBRD countries),2011,5.93406638544175,10277.6079254264,7.09226413390174,0.0,140.0,4.948759890378168
Timor-Leste,2011,7.948,939.045238884406,6.86541462,0.0,0.8539,0.6172915282564096
"Middle East, North Africa, Afghanistan & Pakistan (IDA & IBRD)",2011,6.20587510237181,3234.88259884042,4.79821725628612,0.0,140.0,4.948759890378168
Tonga,2011,6.292,3849.99375750134,4.73990822,1.85926308107782,140.0,4.948759890378168
South Asia (IDA & IBRD),2011,6.91937958204849,1397.00682550999,3.22083950063689,0.0,140.0,4.948759890378168
Sub-Saharan Africa (IDA & IBRD countries),2011,10.7793352937406,1795.43814856316,5.08873463890682,0.0,140.0,4.948759890378168
Trinidad and Tobago,2011,6.698,19151.0870229722,4.72197914,25.2332824127606,140.0,4.948759890378168
Tunisia,2011,5.719,4420.64772206537,6.12299299,0.0,140.0,4.948759890378168
Turkiye,2011,5.1,11373.6355760885,4.6530509,4.1244918510834,140.0,4.948759890378168
Tuvalu,2011,9.368,3636.08139989792,14.74390411,9.27686812931954,140.0,4.948759890378168
Tanzania,2011,8.021,775.392761230469,5.0559845,9.01381068307978,140.0,4.948759890378168
Uganda,2011,7.824,835.620060555838,6.6959095,11.2518403976957,1126.0,7.027314514039777
Ukraine,2011,14.474,3656.69799804688,6.81669855,0.0,140.0,4.948759890378168
Uruguay,2011,9.563,15132.2675725587,7.91521358,5.98168012770136,140.0,4.948759890378168
United States,2011,8.073,50024.868799398,16.14000511,4.66754631709583,140.0,4.948759890378168
Uzbekistan,2011,6.148,2087.86386135694,5.26245499,0.0,140.0,4.948759890378168
St. Vincent and the Grenadines,2011,9.906,6527.68996854448,4.23327732,0.0,140.0,4.948759890378168
Viet Nam,2011,5.947,1950.92504174913,4.97468519,1.53501286347562,8666.375,9.067321255764963
Vanuatu,2011,5.513,3163.1861645138,3.59770703,0.0,140.0,4.948759890378168
Samoa,2011,5.829,3821.50678264479,5.38357162,0.0,140.0,4.948759890378168
"Yemen, Rep.",2011,5.474,1186.47500581215,4.7695322,4.9849730254046,140.0,4.948759890378168
South Africa,2011,10.721,8646.05571071635,7.94434404,29.3498251398405,2.2036,1.16427517746739
Zambia,2011,8.818,1624.86817763443,3.95913363,5.9773668355394,1.1111,0.7472091386584758
Zimbabwe,2011,11.694,1037.77565157218,8.081707,0.0,0.34,0.29266961396282
Afghanistan,2012,7.822,651.417134470046,7.89716864,6.37433845786952,27.25,3.34109345759245
Angola,2012,10.043,5702.45306277434,2.13677311,4.83370121625773,277.96500000000003,5.631086325923429
Albania,2012,6.728,4280.93316338873,6.08504725,5.39518158737926,140.0,4.948759890378168
Andorra,2012,5.996,41500.5499988288,6.71966314,0.0,140.0,4.948759890378168
United Arab Emirates,2012,1.033,53141.6124340099,3.33596373,0.920353599853064,140.0,4.948759890378168
Argentina,2012,7.719,12949.717486654,9.8851881,6.28057846262278,0.9312,0.65814157136113
Armenia,2012,9.1,3511.56399687426,9.13455009,2.22410225395655,575.0,6.3561076606958915
Antigua and Barbuda,2012,5.692,15639.8078114787,4.81754541,11.4600045840018,140.0,4.948759890378168
Australia,2012,6.6,68301.4402512587,8.67020702,1.06333429077178,140.0,4.948759890378168
Austria,2012,9.4,48250.4059142637,10.30198097,0.960671644685274,140.0,4.948759890378168
Azerbaijan,2012,5.9,7495.86527658099,3.15682149,2.15439538519976,140.0,4.948759890378168
Burundi,2012,9.601,231.098787811507,8.63756466,4.96473671628838,673.89815,6.514561790598767
Belgium,2012,9.8,44874.1709182123,10.5865345,0.0,140.0,4.948759890378168
Benin,2012,10.259,1071.5258366283,3.07562971,0.0,355.0,5.87493073085203
Burkina Faso,2012,10.584,731.470138867833,4.60267258,0.693972911642403,256.1885,5.549809279077682
Bangladesh,2012,5.847,859.680536375497,2.3537879,2.65299368492385,53.625,4.000491653415755
Bulgaria,2012,15.0,7431.95789508871,7.53903675,1.92701571481315,140.0,4.948759890378168
Bahrain,2012,2.022,26438.6733230428,3.95061135,0.739947200656415,140.0,4.948759890378168
"Bahamas, The",2012,7.457,28552.0242683151,5.3190918,29.2966539226222,140.0,4.948759890378168
Bosnia and Herzegovina,2012,10.712,4693.78899115381,9.4791584,1.71656816607988,140.0,4.948759890378168
Belarus,2012,13.4,6953.21591683101,5.24538946,3.59291188230382,0.41,0.3435897043900769
Belize,2012,5.173,5732.66519942347,4.34283972,43.3594287320507,140.0,4.948759890378168
Bolivia,2012,7.835,2575.59857098084,5.2539444,0.0,12.5,2.6026896854443837
Brazil,2012,5.881,12521.7238454434,7.73637724,28.6413621085766,140.0,4.948759890378168
Barbados,2012,9.208,20804.1150004694,6.85218811,7.94403069284586,140.0,4.948759890378168
Brunei Darussalam,2012,3.908,46968.5971164922,1.85097206,0.986299073002159,140.0,4.948759890378168
Bhutan,2012,6.482,2751.2128864294,3.25988412,4.60071701477597,55.0,4.02535169073515
Botswana,2012,9.151,6595.53845015424,6.35010576,0.0,140.0,4.948759890378168
Central African Republic,2012,13.311,544.395849142785,3.91814446,0.0,1905.9450000000002,7.5532577640728125
Canada,2012,7.1,52670.3447335415,10.5407114,1.57205168149969,140.0,4.948759890378168
Switzerland,2012,8.0,85836.2076767359,10.33511066,0.562575490598645,140.0,4.948759890378168
Chile,2012,6.092,15241.9069981119,7.01951265,2.47729352143792,140.0,4.948759890378168
China,2012,7.13,6405.0574241349,4.49046612,0.824083830524219,140.0,4.948759890378168
Cote d'Ivoire,2012,10.482,1546.9460184731,4.4273715,0.0,398.5,5.990213765206329
Cameroon,2012,10.105,1449.09874362279,3.9310236,4.22883189715635,6500.0,8.77971129020447
"Congo, Dem. Rep.",2012,11.113,409.931424783784,3.2215035,0.0,140.0,4.948759890378168
"Congo, Rep.",2012,7.767,3732.32737320389,1.90971065,0.0,140.0,4.948759890378168
Colombia,2012,4.977,8108.59838244229,6.74601603,35.9613009153726,1690.1538500000001,7.433166326427652
Comoros,2012,8.471,1490.31511351281,5.17354631,0.0,140.0,4.948759890378168
Cabo Verde,2012,5.129,3736.81517011087,4.6740551,0.0,140.0,4.948759890378168
Costa Rica,2012,4.304,10126.9991024177,7.78642273,8.72653951862736,1425.2471,7.262801867870099
Cuba,2012,8.245,6470.83673392653,9.29940987,5.49403130120381,140.0,4.948759890378168
Cyprus,2012,5.838,28991.935546875,6.53638792,1.88776871744135,140.0,4.948759890378168
Czechia,2012,10.3,20014.0354015165,7.53974962,0.999301916232803,140.0,4.948759890378168
Germany,2012,10.8,44718.0159214069,10.59356213,0.814420905242925,140.0,4.948759890378168
Djibouti,2012,8.484,1400.19357858954,3.29730988,0.0,169.0,5.135798437050262
Dominica,2012,11.447,7528.51001990155,5.79509926,0.0,140.0,4.948759890378168
Denmark,2012,9.4,58443.7747103968,10.53344631,0.840498959524879,140.0,4.948759890378168
Dominican Republic,2012,5.543,6013.81965002603,5.05897284,22.5214243986665,44.43,3.816172679771312
Algeria,2012,4.654,6033.64884689543,5.63658524,1.38925169697228,140.0,4.948759890378168
Ecuador,2012,4.901,5634.08393191094,6.87859821,12.3425125579607,0.785,0.5794184152316023
"Egypt, Arab Rep.",2012,5.999,2996.0677072015,4.45891809,2.36901703981789,140.0,4.948759890378168
Spain,2012,8.6,28456.4438151477,9.2189045,0.774166283792877,140.0,4.948759890378168
Estonia,2012,11.7,17568.2137969714,6.03782082,4.76328730334428,140.0,4.948759890378168
Ethiopia,2012,8.118,452.101031885754,4.5395956,8.51054794891045,8.05,2.2027647577118348
Finland,2012,9.6,47551.6740841369,9.61732101,1.64389487458514,140.0,4.948759890378168
Fiji,2012,8.777,4341.40338748749,3.2655499,2.18598705786362,140.0,4.948759890378168
France,2012,8.7,40863.5814412333,11.33749485,1.22388195514924,140.0,4.948759890378168
"Micronesia, Fed. Sts.",2012,7.249,2992.28916099077,12.39077377,0.0,140.0,4.948759890378168
Gabon,2012,7.615,9296.96587941088,2.42097569,0.0,618.0,6.428105272684596
United Kingdom,2012,8.9,42688.3263728372,9.89332199,0.980292769516879,140.0,4.948759890378168
Georgia,2012,12.554,4530.69533409431,7.95168972,0.0,140.0,4.948759890378168
Ghana,2012,8.333,1543.77524235764,3.93023658,2.09468981730321,75.425,4.336309867776898
Guinea,2012,11.406,699.353377212197,3.50398517,0.0,5500.0,8.612685172875459
"Gambia, The",2012,8.103,692.579361628102,4.26872253,0.0,140.0,4.948759890378168
Guinea-Bissau,2012,10.037,635.461653303881,5.94134808,0.0,600.0,6.398594934535208
Equatorial Guinea,2012,10.219,17308.5723924575,1.62290311,0.0,140.0,4.948759890378168
Greece,2012,10.6,21624.346052551,9.04327774,1.50249393628294,140.0,4.948759890378168
Grenada,2012,7.577,7092.71985352677,5.82235765,12.4141539089067,140.0,4.948759890378168
Guatemala,2012,5.205,3286.61959336267,6.07316971,34.1624967821479,11.64,2.5368663887187113
Guyana,2012,8.07,5444.39751913913,3.7081871,18.6255047478288,140.0,4.948759890378168
Honduras,2012,4.608,2126.03474686503,8.65655136,82.2941714854712,694.375,6.544451268395457
Heavily indebted poor countries (HIPC),2012,9.19539925440388,881.192621901094,4.78744301414954,12.6,140.0,4.948759890378168
Croatia,2012,12.1,13507.7805260991,7.63413,1.19739770261642,140.0,4.948759890378168
Haiti,2012,8.442,1361.39396587374,5.56462336,10.2584264457666,52.09,3.97198858659558
Hungary,2012,13.0,12950.1594488143,7.43047714,1.2504256741433,140.0,4.948759890378168
Indonesia,2012,7.51,3632.27254030331,2.91427088,0.0,13154.0,9.484557193474393
India,2012,6.945,1429.32199520032,3.32935286,3.71306379435684,140.0,4.948759890378168
Ireland,2012,6.3,49335.8408099555,10.47466946,1.10866383834203,140.0,4.948759890378168
"Iran, Islamic Rep.",2012,4.609,8114.08099831877,6.12235355,0.0,140.0,4.948759890378168
Iraq,2012,5.12,6477.59618450955,2.69365859,8.01370560566433,500.0,6.2166061010848646
Iceland,2012,6.1,46594.9869146614,8.23091221,0.311681349455571,140.0,4.948759890378168
Israel,2012,5.3,33321.4300881602,6.94185257,1.68248807914477,140.0,4.948759890378168
Italy,2012,10.2,34854.3949441965,8.7983427,0.87557696185202,140.0,4.948759890378168
Jamaica,2012,6.358,5340.83333232158,6.18602896,39.7485238581317,140.0,4.948759890378168
Jordan,2012,3.772,4169.50470054618,7.81799555,2.21427674702976,1.476,0.9066443548223496
Japan,2012,10.0,49145.2804308193,10.67169094,0.335344134410932,1430.0,7.266128779556451
Kazakhstan,2012,8.198,12018.7966527993,3.03725982,7.31533714170016,125.0,4.836281906951478
Kenya,2012,7.208,1285.00536171512,5.0180583,5.40918613326198,236.5,5.470167623474696
Kyrgyz Republic,2012,6.5,1168.62244675446,8.50966358,6.75966182479206,140.0,4.948759890378168
Cambodia,2012,6.067,1192.80263041673,5.77632856,0.0,1910.0,7.555381944240273
Kiribati,2012,6.947,1843.55336349889,7.94999981,7.12479070927292,140.0,4.948759890378168
St. Kitts and Nevis,2012,9.208,17532.0559008608,5.01866484,38.271001211915,140.0,4.948759890378168
"Korea, Rep.",2012,5.3,26600.5477433903,5.9576025,0.877023564282435,140.0,4.948759890378168
Kuwait,2012,1.818,52155.2225833921,2.33311439,1.8279755171148,140.0,4.948759890378168
Lao PDR,2012,7.563,1563.5650771337,2.07637572,0.0,140.0,4.948759890378168
Lebanon,2012,4.208,8406.98405608118,7.00420094,3.70530098694703,1892.8572,7.546370874916275
Liberia,2012,9.534,638.368751462083,7.62987185,3.08709483452429,471.33335,6.157684986308385
Libya,2012,4.971,14975.8902795144,3.95612097,0.0,140.0,4.948759890378168
St. Lucia,2012,7.143,9260.30006551714,4.92510271,22.5973642202606,140.0,4.948759890378168
Sri Lanka,2012,6.324,3327.77613691283,3.30659294,3.19327967678719,69.08500000000001,4.2497087911150215
Low & middle income,2012,7.37219880717964,4133.76162366082,4.97401440025015,6.8,140.0,4.948759890378168
Lesotho,2012,16.464,1217.93071228944,9.98601341,0.0,14.0976,2.7145357907911642
Late-demographic dividend,2012,7.36409876919796,8073.2094428812,5.14649122197209,5.0,140.0,4.948759890378168
Lithuania,2012,13.7,14288.1853493139,6.30798101,6.75962941837572,140.0,4.948759890378168
Luxembourg,2012,7.3,112584.676270958,5.29404306,0.0,140.0,4.948759890378168
Latvia,2012,14.3,13329.3499931271,5.62075043,3.44042305407829,140.0,4.948759890378168
Morocco,2012,5.847,3164.17724609375,5.39619017,1.14824532150367,140.0,4.948759890378168
Monaco,2012,14.423,165444.651378771,4.75676775,0.0,140.0,4.948759890378168
Moldova,2012,12.3,3044.8084324815,9.13962078,6.57549697046181,140.0,4.948759890378168
Madagascar,2012,7.602,493.511162904211,3.91105914,0.0,2429.0,7.795646536334594
Maldives,2012,3.112,7461.29703686309,8.67304802,2.58519510467455,140.0,4.948759890378168
Mexico,2012,5.674,10744.1335242686,5.42140484,22.2285552341782,15.0,2.772588722239781
Marshall Islands,2012,6.376,3514.26515490383,11.66154385,0.0,140.0,4.948759890378168
North Macedonia,2012,9.8,5049.8265386157,6.61468363,1.43048214400664,140.0,4.948759890378168
Mali,2012,11.559,872.506092465564,3.7521801,0.0,300.0,5.707110264748875
Malta,2012,8.1,22878.3130866521,8.24921417,2.81287028800276,140.0,4.948759890378168
Myanmar,2012,9.043,1202.6658960055,2.43605232,2.88136755643538,500.0,6.2166061010848646
Montenegro,2012,9.5,6552.48071710904,8.29550457,2.68333491176563,140.0,4.948759890378168
Mongolia,2012,6.3,4328.89001905655,3.85800076,7.11868784339173,1273.5,7.15030922381617
Mozambique,2012,10.665,685.685748199513,5.14035702,0.0,32.0,3.4965075614664802
Mauritania,2012,7.381,1859.11733247641,2.64919329,0.0,230.0,5.442417710521793
Mauritius,2012,7.4,9421.52514098225,4.21993399,2.17194008548136,140.0,4.948759890378168
Malawi,2012,9.239,558.46208832772,6.02199793,1.77598671180007,196.665,5.286573678590865
Malaysia,2012,4.478,10600.5744240026,3.45786357,2.02947587841498,140.0,4.948759890378168
Namibia,2012,10.299,5942.64680978673,10.20360184,17.6793243946426,8.94,2.2965670206684825
Niger,2012,10.99,528.510104469655,4.30732679,4.41784034939735,294.1176,5.687373920970181
Nigeria,2012,14.019,2633.19734671361,3.35984254,0.0,261.19045000000006,5.569071148088097
Nicaragua,2012,4.964,1784.69836017555,7.48836899,11.4042929452756,747.78,6.618445215404971
Netherlands,2012,8.4,50473.9442002689,10.45467281,0.857217506852641,140.0,4.948759890378168
Norway,2012,8.4,102175.919298374,8.72188568,0.538013921608383,140.0,4.948759890378168
Nepal,2012,7.029,788.202937148377,4.49078751,2.33158518920432,34.0,3.5553480614894135
Nauru,2012,7.783,9842.77032731856,8.84148979,0.0,140.0,4.948759890378168
New Zealand,2012,6.82,40053.6991536369,9.20243168,0.929351914175937,140.0,4.948759890378168
Oman,2012,2.2,24642.2978768596,2.27702832,1.09948801917507,140.0,4.948759890378168
Pakistan,2012,7.482,1204.36475491585,2.22185278,6.66740103101875,40.0,3.713572066704308
Panama,2012,4.646,11064.8063662003,6.50450659,16.9448445310514,24.9,3.254242968705492
Peru,2012,6.469,6519.37852981527,4.72939587,6.65981599009637,2.8,1.33500106673234
Philippines,2012,5.459,2614.61644401308,4.17709208,8.46913560836537,59.5,4.102643365036796
Palau,2012,9.143,12137.1732239921,10.24609089,0.0,140.0,4.948759890378168
Papua New Guinea,2012,7.076,2635.0873631547,2.66693544,0.0,140.0,4.948759890378168
Poland,2012,10.1,13087.420943321,6.22854042,1.0693406632409,140.0,4.948759890378168
Portugal,2012,10.2,20593.4274224109,9.64000225,1.16045143463187,140.0,4.948759890378168
Paraguay,2012,5.176,5642.16991672846,6.53144598,11.0055811353826,4000.0,8.294299608857235
West Bank and Gaza,2012,3.425,3067.43872735614,10.30110455,0.569352738456195,140.0,4.948759890378168
Qatar,2012,1.132,108470.387023229,1.74822152,0.367046174933158,140.0,4.948759890378168
Romania,2012,12.7,8929.95366231474,4.50939083,1.05166802858503,140.0,4.948759890378168
Russian Federation,2012,13.3,15401.8515625,4.93637276,11.2598822758413,11.16,2.498151876538021
Rwanda,2012,6.759,706.817269168561,8.1021471,2.36382585584116,412.5,6.024657514463746
Saudi Arabia,2012,2.593,28733.4375513452,3.98779845,0.0,140.0,4.948759890378168
Sudan,2012,7.528,1019.22210693359,5.68827009,0.0,12.25,2.583997552432231
Senegal,2012,7.316,1326.83798848379,4.26688004,0.0,250.0,5.5254529391317835
Singapore,2012,4.5,55547.5553077786,3.32392788,0.20780832213766,140.0,4.948759890378168
Solomon Islands,2012,5.564,2066.25738638356,4.88045692,0.0,140.0,4.948759890378168
Sierra Leone,2012,13.212,937.504428180231,5.92764187,1.72490642764247,5774.50975,8.661381799892837
El Salvador,2012,7.042,3497.91256915509,8.60625362,42.4273897096406,40.0,3.713572066704308
San Marino,2012,7.1,47945.8991734281,8.98883724,0.0,140.0,4.948759890378168
Serbia,2012,14.2,6263.04086072815,8.95716667,1.50178377781355,140.0,4.948759890378168
Small states,2012,7.87427085037635,10844.5207585756,5.55342637252816,14.4,140.0,4.948759890378168
Sao Tome and Principe,2012,7.324,1192.0202911189,7.07299662,0.0,140.0,4.948759890378168
Suriname,2012,7.17,8851.24050668908,4.28435707,0.0,140.0,4.948759890378168
Slovak Republic,2012,9.7,17516.9691054078,7.52780581,1.38763718875067,140.0,4.948759890378168
Slovenia,2012,9.4,22442.1417859955,8.79263687,0.681822277179262,140.0,4.948759890378168
Sweden,2012,9.7,57749.5615420853,10.834198,0.714324244275151,140.0,4.948759890378168
Eswatini,2012,13.661,4224.54789174487,7.82047606,9.25379283160277,140.0,4.948759890378168
Seychelles,2012,7.4,12337.1554669388,5.2896843,4.0183639231287,140.0,4.948759890378168
Syrian Arab Republic,2012,6.829,1897.66115018696,3.22060776,0.0,70.0,4.2626798770413155
Chad,2012,14.55,1354.34344701937,2.67306423,0.0,240.0,5.484796933490655
East Asia & Pacific (IDA & IBRD countries),2012,7.02886967103304,5497.15517271917,4.27904594570492,2.1,140.0,4.948759890378168
Europe & Central Asia (IDA & IBRD countries),2012,10.4347804509011,10418.3484935481,5.10422397356465,5.2,140.0,4.948759890378168
Togo,2012,9.941,762.39162379069,4.64366484,0.0,222.5,5.409411414053624
Thailand,2012,6.696,5725.52802835463,3.5229404,0.0,14.091650000000001,2.714141610738527
Tajikistan,2012,5.424,952.452819695469,5.98185873,0.0,3.5,1.5040773967762742
Turkmenistan,2012,6.052,6053.8748468749,3.34203553,1.36006509719172,140.0,4.948759890378168
Latin America & the Caribbean (IDA & IBRD countries),2012,5.94750430569756,10263.4820243547,7.11522465320773,23.6,140.0,4.948759890378168
Timor-Leste,2012,7.862,1022.61906675901,6.99215221,0.0,0.8195,0.5985617380700774
"Middle East, North Africa, Afghanistan & Pakistan (IDA & IBRD)",2012,6.23013863444885,3414.87165876956,4.84729406232222,4.2,140.0,4.948759890378168
Tonga,2012,6.294,4384.17058724217,8.13786125,0.930583149930904,140.0,4.948759890378168
South Asia (IDA & IBRD),2012,6.82170475134596,1387.18205956625,3.28505446675371,3.9,140.0,4.948759890378168
Sub-Saharan Africa (IDA & IBRD countries),2012,10.2688089169257,1817.30125816633,4.91981159126515,14.4,140.0,4.948759890378168
Trinidad and Tobago,2012,6.727,20332.1389531925,4.62851572,27.0692095577105,140.0,4.948759890378168
Tunisia,2012,5.791,4297.26782454273,6.28984737,3.01553732901415,140.0,4.948759890378168
Turkiye,2012,5.0,11776.7593362033,4.44444656,4.27675507086876,140.0,4.948759890378168
Tuvalu,2012,9.344,3598.46163091053,13.87374306,18.2907311719786,140.0,4.948759890378168
Tanzania,2012,7.72,861.969909667969,5.01779366,8.63760184710429,140.0,4.948759890378168
Uganda,2012,7.419,795.222867553127,6.10853958,11.8413029510429,1314.702,7.182125642474004
Ukraine,2012,14.242,3951.34228515625,7.11789227,5.05517673469169,140.0,4.948759890378168
Uruguay,2012,9.555,16259.5940814256,8.03330803,8.00503447711385,140.0,4.948759890378168
United States,2012,8.102,51708.4011556577,16.11975479,4.68473058437162,140.0,4.948759890378168
Uzbekistan,2012,6.125,2307.34649117185,5.54822111,0.0,140.0,4.948759890378168
St. Vincent and the Grenadines,2012,10.338,6713.80768643865,4.46855974,0.0,140.0,4.948759890378168
Viet Nam,2012,6.008,2185.11767654291,5.00178242,0.0,7622.5,8.938990860811963
Vanuatu,2012,5.539,3004.78416664293,3.93631458,0.0,140.0,4.948759890378168
Samoa,2012,5.94,3934.60320799981,4.9883461,0.0,140.0,4.948759890378168
"Yemen, Rep.",2012,5.425,1245.05068272078,5.19593525,5.68340730819006,140.0,4.948759890378168
South Africa,2012,10.149,8076.97678479741,8.00428867,30.1454561488805,2.5096,1.2555020708698672
Zambia,2012,8.389,1710.05061343728,4.04541731,5.93416934268648,2.13315,1.1420388882577366
Zimbabwe,2012,10.946,1239.22709745709,6.91838741,7.09949357669519,0.34,0.29266961396282
Afghanistan,2013,7.597,637.087099117099,8.80596447,0.0,29.0125,3.4016139615473717
Angola,2013,9.578,5688.57916215215,2.4297719,0.0,317.345,5.763135700355714
Albania,2013,7.019,4542.92903556739,6.20897436,4.26472598705621,140.0,4.948759890378168
Andorra,2013,5.926,42470.3230369366,6.79758358,0.0,140.0,4.948759890378168
United Arab Emirates,2013,1.033,53247.2409495441,3.50222182,0.727797670204742,140.0,4.948759890378168
Argentina,2013,7.78,12963.675773326,9.92091465,7.2142387373598,1.7,0.9932517730102833
Armenia,2013,9.0,3680.16692158886,10.32345009,2.15567534571216,510.0,6.236369590203704
Antigua and Barbuda,2013,5.786,15051.5113587425,4.9103117,0.0,140.0,4.948759890378168
Australia,2013,6.4,68476.6788496118,8.7465601,1.05438607284246,140.0,4.948759890378168
Austria,2013,9.4,50305.3545774973,10.40574837,0.719220332146561,140.0,4.948759890378168
Azerbaijan,2013,5.8,7875.34536661549,3.22551084,2.32523663491333,140.0,4.948759890378168
Burundi,2013,9.201,234.844770150871,8.62834644,4.98115757408239,711.0,6.568077911411976
Belgium,2013,9.8,46964.5946777056,10.63787556,0.0,140.0,4.948759890378168
Benin,2013,10.092,1168.92699279226,2.86880755,0.0,355.0,5.87493073085203
Burkina Faso,2013,10.277,759.762065168498,5.56331587,0.708730048883044,200.0,5.303304908059076
Bangladesh,2013,5.778,958.262989798283,2.29574466,2.80645239116244,56.06335,4.04416205419167
Bulgaria,2013,14.6,7795.98092108928,7.14167452,1.50042683013702,140.0,4.948759890378168
Bahrain,2013,1.984,26989.7601148469,4.14491081,0.874958141207108,140.0,4.948759890378168
"Bahamas, The",2013,7.486,27642.7419759179,5.68411207,31.4023111045433,140.0,4.948759890378168
Bosnia and Herzegovina,2013,11.052,5034.56634817068,9.43616295,1.27393509411472,140.0,4.948759890378168
Belarus,2013,13.2,7998.0802045456,5.69563103,3.51842837615655,0.6699999999999999,0.5128236264286637
Belize,2013,5.173,5957.34953619006,4.42128754,28.9789741443153,140.0,4.948759890378168
Bolivia,2013,7.781,2870.02377000756,5.57465124,0.0,10.0,2.3978952727983707
Brazil,2013,5.924,12458.8903396625,7.9766016,28.6404106359245,140.0,4.948759890378168
Barbados,2013,9.252,20410.2065438568,6.48274279,8.64350926476149,140.0,4.948759890378168
Brunei Darussalam,2013,4.018,44003.0644273461,1.898314,0.486378957300791,140.0,4.948759890378168
Bhutan,2013,6.463,2679.95217201538,3.34862685,3.30909878073498,65.0,4.189654742026425
Botswana,2013,8.776,6666.91219583487,6.49913645,0.0,140.0,4.948759890378168
Central African Republic,2013,14.395,364.36696260838,4.76660204,0.0,1120.0,7.02197642307216
Canada,2013,7.2,52638.1187235237,10.43559265,1.44219466327057,140.0,4.948759890378168
Switzerland,2013,8.0,87304.3305813557,10.59444523,0.704468878665988,140.0,4.948759890378168
Chile,2013,6.058,15683.5486369155,7.47552681,3.14355060592079,140.0,4.948759890378168
China,2013,7.13,7147.03518622344,4.63882637,0.771569105292682,140.0,4.948759890378168
Cote d'Ivoire,2013,10.366,1786.15862031324,3.71773791,0.0,387.5,5.962293169807702
Cameroon,2013,9.758,1575.92882118897,3.63136435,0.0,15000.0,9.61587214452889
"Congo, Dem. Rep.",2013,10.844,460.370334930107,3.34057522,0.0,140.0,4.948759890378168
"Congo, Rep.",2013,7.572,3697.41705884249,1.94347155,0.0,140.0,4.948759890378168
Colombia,2013,5.033,8279.10255642981,7.01724052,33.4159707994424,1598.665,7.377549511305867
Comoros,2013,8.323,1603.32797107303,5.10299301,0.0,140.0,4.948759890378168
Cabo Verde,2013,5.165,3960.97596791345,4.82468271,10.54224217873,140.0,4.948759890378168
Costa Rica,2013,4.332,10803.2401962173,7.68229342,8.71474107995362,1444.358,7.276112320726407
Cuba,2013,8.516,6828.36428245396,10.43099499,5.96556919518143,140.0,4.948759890378168
Cyprus,2013,5.861,27764.73046875,6.92774534,1.01360340232875,140.0,4.948759890378168
Czechia,2013,10.4,20260.4954999375,7.44831276,0.856232600342731,140.0,4.948759890378168
Germany,2013,11.1,47206.8353514242,10.7432127,0.841543300830081,140.0,4.948759890378168
Djibouti,2013,8.359,2075.94498424748,2.91782117,0.0,159.0,5.075173815233827
Dominica,2013,11.718,7822.21797211398,5.34749842,0.0,140.0,4.948759890378168
Denmark,2013,9.3,61377.5940590412,10.29778957,0.854802453817294,140.0,4.948759890378168
Dominican Republic,2013,5.549,6136.59429329301,4.92594242,19.4038895577301,47.07,3.8726582819058692
Algeria,2013,4.641,5979.60138960585,5.64541769,1.24953885833513,140.0,4.948759890378168
Ecuador,2013,4.846,6109.29031510341,6.77866411,10.9127986726241,0.8,0.5877866649021191
"Egypt, Arab Rep.",2013,5.966,3025.52563552448,4.6710043,0.0,140.0,4.948759890378168
Spain,2013,8.3,29228.846559842,9.13714981,0.644467548060687,140.0,4.948759890378168
Estonia,2013,11.6,19310.3874900757,6.19788504,3.94561276314676,140.0,4.948759890378168
Ethiopia,2013,7.78,484.039833104062,4.07506514,0.0,9.0,2.302585092994046
Finland,2013,9.5,49691.0145200739,9.84504986,1.63631426279538,140.0,4.948759890378168
Fiji,2013,8.43,4572.44377544245,3.20040679,2.07343789644269,140.0,4.948759890378168
France,2013,8.7,42669.1795111893,11.37891197,1.20675158408277,140.0,4.948759890378168
"Micronesia, Fed. Sts.",2013,7.31,2893.13437410825,12.21770954,0.0,140.0,4.948759890378168
Gabon,2013,7.44,9197.70106323947,2.84087205,0.0,598.5,6.396095974467569
United Kingdom,2013,9.0,43606.9837896348,9.99087143,0.9349366699991,140.0,4.948759890378168
Georgia,2013,12.336,4712.00229382665,8.00574589,0.0,140.0,4.948759890378168
Ghana,2013,8.169,2294.79584693743,4.59225416,2.01196278014916,81.25,4.409763389645481
Guinea,2013,11.178,748.455020824734,3.46108651,0.0,6500.0,8.77971129020447
"Gambia, The",2013,7.909,653.862713272743,3.91374874,0.0,140.0,4.948759890378168
Guinea-Bissau,2013,9.681,654.304534409417,7.03943443,0.0,600.0,6.398594934535208
Equatorial Guinea,2013,9.918,16304.0713196418,1.75622749,0.0,140.0,4.948759890378168
Greece,2013,10.2,21573.3449762805,8.52183914,1.39502562128674,140.0,4.948759890378168
Grenada,2013,7.666,7424.80212287327,5.62652922,5.28694916598377,140.0,4.948759890378168
Guatemala,2013,5.184,3444.15802275864,5.77188921,33.5015723155484,13.309999999999999,2.6609585935683593
Guyana,2013,8.046,5556.91231156932,3.80231309,20.6660742392051,140.0,4.948759890378168
Honduras,2013,4.554,2081.12843527945,8.47723007,72.3455871413622,611.66,6.417810132795502
Heavily indebted poor countries (HIPC),2013,8.89628526509463,960.685520477941,4.88490847312856,0.0,140.0,4.948759890378168
Croatia,2013,11.8,14134.9474982889,6.37271595,1.08429254920125,140.0,4.948759890378168
Haiti,2013,8.314,1457.83221179626,4.10524035,10.1639909561024,90.0,4.51085950651685
Hungary,2013,12.8,13739.4620151401,7.23645353,1.55723130947025,140.0,4.948759890378168
Indonesia,2013,7.51,3566.60284506078,2.86934805,0.0,12607.0,9.44208681209766
India,2013,6.859,1432.84397512195,3.74944186,3.54043488192346,140.0,4.948759890378168
Ireland,2013,6.4,52537.6108648692,10.0333004,1.01628510386596,140.0,4.948759890378168
"Iran, Islamic Rep.",2013,4.609,6222.74194840326,5.73697805,2.53311940143072,140.0,4.948759890378168
Iraq,2013,5.059,6650.35282247395,2.80868459,9.46375217111484,1375.0,7.226936018493289
Iceland,2013,6.7,50173.3360061057,8.22651291,0.308751086417885,140.0,4.948759890378168
Israel,2013,5.2,37034.3161080785,6.94074392,1.69045803541161,140.0,4.948759890378168
Italy,2013,10.0,35701.6746002376,8.7897644,0.827647126909968,140.0,4.948759890378168
Jamaica,2013,6.422,5124.21301411137,6.28453302,43.1801420202774,140.0,4.948759890378168
Jordan,2013,3.595,4311.21916713038,7.16592407,2.05210109500865,1.5,0.9162907318741551
Japan,2013,10.1,40898.6478964744,10.67438698,0.289687941924583,1440.0,7.273092595999522
Kazakhstan,2013,7.88,13478.459627612,2.66286755,6.37940291294929,125.0,4.836281906951478
Kenya,2013,7.175,1370.87885214659,4.93100405,0.0,219.0,5.393627546352362
Kyrgyz Republic,2013,6.1,1269.66303464348,8.18745041,5.25185158302322,140.0,4.948759890378168
Cambodia,2013,6.036,1305.6600972686,5.00863695,0.0,2000.0,7.601402334583733
Kiribati,2013,6.95,1772.08718317132,8.7081337,0.0,140.0,4.948759890378168
St. Kitts and Nevis,2013,9.316,18580.1301949935,5.05167818,0.0,140.0,4.948759890378168
"Korea, Rep.",2013,5.3,28449.3591104972,6.06858635,0.702999427944201,140.0,4.948759890378168
Kuwait,2013,1.804,49651.0439275077,2.48789287,0.0,140.0,4.948759890378168
Lao PDR,2013,7.496,1812.51774424651,2.39984965,0.0,140.0,4.948759890378168
Lebanon,2013,4.049,8162.37929361396,7.06742191,4.10903820386976,2000.0,7.601402334583733
Liberia,2013,9.359,710.744570927863,7.15610409,0.0,517.0,6.249975242259483
Libya,2013,4.97,11951.7134126011,4.97548628,0.0,140.0,4.948759890378168
St. Lucia,2013,7.343,9577.21733754358,5.07107592,19.0345997110202,140.0,4.948759890378168
Liechtenstein,2013,6.7,172823.607794648,5.7494297,0.0,140.0,4.948759890378168
Sri Lanka,2013,6.291,3739.43181100202,3.69365358,2.89809922614196,97.795,4.593046996185781
Low & middle income,2013,7.30770523189596,4330.27496489931,5.06513253945251,0.0,140.0,4.948759890378168
Lesotho,2013,15.503,1151.03735837227,10.97986031,0.0,15.1019,2.7789372774498595
Late-demographic dividend,2013,7.3381527505666,8644.25761540222,5.25533079112696,0.0,140.0,4.948759890378168
Lithuania,2013,14.0,15636.5252586048,6.15501022,6.69289628495243,140.0,4.948759890378168
Luxembourg,2013,7.0,120000.140729859,5.23557377,0.18404224873862,140.0,4.948759890378168
Latvia,2013,14.3,14484.4715282132,5.60404825,2.48384260386188,140.0,4.948759890378168
Morocco,2013,5.771,3379.7431640625,5.25540543,1.26969766486025,140.0,4.948759890378168
Monaco,2013,16.242,184940.663804718,4.57396126,0.0,140.0,4.948759890378168
Moldova,2013,12.558,3321.04397795719,8.68300343,6.71802976908606,140.0,4.948759890378168
Madagascar,2013,7.536,515.301589361832,3.75156307,0.0,2532.5,7.837357024915964
Maldives,2013,3.037,8236.08177944126,8.15509319,0.749867835793941,140.0,4.948759890378168
Mexico,2013,5.677,11216.8008505428,5.5773263,19.4881727966757,14.0,2.70805020110221
Marshall Islands,2013,6.385,3677.90690791421,12.13685322,0.0,140.0,4.948759890378168
North Macedonia,2013,9.3,5626.26115664893,6.71928358,1.09274417865374,140.0,4.948759890378168
Mali,2013,11.217,901.920957644831,3.96408582,0.0,200.0,5.303304908059076
Malta,2013,7.6,25415.5566867731,8.30319595,1.63378670914512,140.0,4.948759890378168
Myanmar,2013,8.982,1199.09561597055,3.11112022,2.46306117021369,631.0,6.448889394146858
Montenegro,2013,9.5,7102.77882895852,8.47144604,1.57927361310165,140.0,4.948759890378168
Mongolia,2013,5.9,4340.14310544449,4.08932018,7.29343322765452,1300.0,7.170888478512505
Mozambique,2013,10.233,686.505672517351,6.04556036,0.0,31.9744,3.495731502835107
Mauritania,2013,7.564,1934.24103064714,2.86799884,0.0,226.6667,5.427882717315554
Mauritius,2013,7.5,9877.13865958834,4.620821,2.71111133488538,140.0,4.948759890378168
Malawi,2013,8.623,496.947368267313,8.22379494,0.0,291.77,5.6793873178214795
Malaysia,2013,4.607,10713.6407638899,3.51276922,2.07792968739967,140.0,4.948759890378168
Namibia,2013,9.956,5346.62131149967,10.08887577,0.0,8.47,2.248128907197987
Niger,2013,10.751,552.103334363117,4.46636009,0.0,285.1742,5.656600716308364
Nigeria,2013,13.864,2872.79083379398,3.4206934,0.0,456.3328,6.125411353436283
Nicaragua,2013,4.982,1835.43996363715,7.63869238,9.92672854383165,1.70015,0.9933073270226863
Netherlands,2013,8.4,52602.2860520766,10.50247383,0.736721493873159,140.0,4.948759890378168
Norway,2013,8.1,103553.840134417,8.87431335,0.905489619398107,140.0,4.948759890378168
Nepal,2013,7.061,803.269595420477,4.63012981,2.19644830684281,37.0,3.6375861597263857
Nauru,2013,7.692,8974.51886874433,9.56899357,0.0,140.0,4.948759890378168
New Zealand,2013,6.65,43000.4646849189,8.9393549,1.03281407483097,140.0,4.948759890378168
Oman,2013,2.192,23458.0233840053,2.5054009,2.53005219471595,140.0,4.948759890378168
Pakistan,2013,7.377,1225.4340119198,2.4164784,6.60289823456376,60.43,4.117898315175836
Panama,2013,4.658,12273.3224983788,6.52210426,17.3318403029072,23.744999999999997,3.2086234484038494
Peru,2013,6.321,6746.80025696601,4.71272659,6.75097413739705,2.46,1.2412685890696329
Philippines,2013,5.508,2781.27957677397,4.27408695,0.0,44.345,3.814299916899531
Palau,2013,9.053,12698.9240118945,10.92691708,0.0,140.0,4.948759890378168
Papua New Guinea,2013,6.977,2560.77458976327,2.99727893,0.0,140.0,4.948759890378168
Poland,2013,10.2,13621.9023794031,6.44993687,0.797192575262003,140.0,4.948759890378168
Portugal,2013,10.2,21676.4859642714,9.39476109,1.37689714793445,140.0,4.948759890378168
Paraguay,2013,5.193,6435.68342733004,6.0642848,10.0962064841382,4211.0,8.345692873253865
West Bank and Gaza,2013,3.341,3315.29753909282,10.44874382,0.55616572858116,140.0,4.948759890378168
Qatar,2013,1.104,103697.062789144,2.07620168,0.442773711639193,140.0,4.948759890378168
Romania,2013,12.4,9497.67411615237,5.2240696,1.0865815600829,140.0,4.948759890378168
Russian Federation,2013,13.0,15941.4482421875,5.08104849,11.0875143078155,14.7125,2.754456573916366
Rwanda,2013,6.598,704.92421851123,6.77388763,3.23617593979811,439.0,6.0867747269123065
Saudi Arabia,2013,2.506,27865.465604962,4.42293596,0.0,140.0,4.948759890378168
Sudan,2013,7.474,1138.62780761719,6.96487474,0.0,13.0,2.6390573296152584
Senegal,2013,7.094,1379.83196553924,4.38573599,0.0,250.0,5.5254529391317835
Singapore,2013,4.6,56967.4257940383,3.68225336,0.315657239686991,140.0,4.948759890378168
Solomon Islands,2013,5.529,2161.38627543917,4.58030891,0.0,140.0,4.948759890378168
Sierra Leone,2013,12.581,1117.47183075115,8.45845032,0.0,4400.0,8.38958706681109
El Salvador,2013,7.152,3582.26694005169,9.05235958,40.9360792814407,33.13,3.530176762918616
San Marino,2013,7.5,50807.8289138024,8.23800278,0.0,140.0,4.948759890378168
"Somalia, Fed. Rep.",2013,12.893,393.398703952979,3.36953735,0.0,140.0,4.948759890378168
Serbia,2013,14.0,7040.41812068781,8.93188286,1.91034319590384,140.0,4.948759890378168
Small states,2013,7.79654038393121,11132.3602165915,5.70963390498864,0.0,140.0,4.948759890378168
Sao Tome and Principe,2013,7.148,1382.5757842916,8.94060898,0.0,140.0,4.948759890378168
Suriname,2013,7.206,9043.19281529222,4.48738098,5.09648167024006,140.0,4.948759890378168
Slovak Republic,2013,9.6,18312.7805149823,7.48013163,1.44166216994369,140.0,4.948759890378168
Slovenia,2013,9.4,23236.9655321695,8.84043884,0.583532281370513,140.0,4.948759890378168
Sweden,2013,9.4,60843.9888799369,10.9872179,0.906191475133898,140.0,4.948759890378168
Eswatini,2013,12.917,3949.94310039907,7.45703411,9.02662855423499,140.0,4.948759890378168
Seychelles,2013,8.0,14821.2921476077,4.19129515,17.6310698631143,140.0,4.948759890378168
Syrian Arab Republic,2013,7.514,985.892669227054,3.77518535,0.0,125.0,4.836281906951478
Chad,2013,14.231,1304.88742971475,2.95766044,0.0,220.0,5.3981627015177525
East Asia & Pacific (IDA & IBRD countries),2013,7.03172871374546,6020.72398510662,4.40816800496826,0.0,140.0,4.948759890378168
Europe & Central Asia (IDA & IBRD countries),2013,10.2287925808796,10965.2487116486,5.17041675720298,0.0,140.0,4.948759890378168
Togo,2013,9.704,826.542799987227,4.78670263,0.0,255.5,5.547128664610824
Thailand,2013,6.713,6018.08244729255,3.45313334,0.0,13.659500000000001,2.685088589464863
Tajikistan,2013,5.286,1028.19704279396,6.53226423,0.0,3.409,1.4836479063758006
Turkmenistan,2013,6.1,6599.64529055481,3.96929264,1.41429832030187,140.0,4.948759890378168
Latin America & the Caribbean (IDA & IBRD countries),2013,5.96321983867678,10231.0823830522,7.26223581715401,0.0,140.0,4.948759890378168
Timor-Leste,2013,7.785,1204.56843320518,8.5323782,0.0,1.01,0.6981347220709844
"Middle East, North Africa, Afghanistan & Pakistan (IDA & IBRD)",2013,6.17893508985375,3147.24679176234,4.7690928064106,0.0,140.0,4.948759890378168
Tonga,2013,6.328,4219.24670113014,4.16768837,0.0,140.0,4.948759890378168
South Asia (IDA & IBRD),2013,6.74103295952171,1405.8407235793,3.65987146283308,0.0,140.0,4.948759890378168
Sub-Saharan Africa (IDA & IBRD countries),2013,9.99366624818414,1879.55873126921,4.90179423157196,0.0,140.0,4.948759890378168
Trinidad and Tobago,2013,6.781,21304.9777496628,4.80224705,28.8110385211372,140.0,4.948759890378168
Tunisia,2013,5.871,4369.79345826358,6.51394987,0.0,140.0,4.948759890378168
Turkiye,2013,4.9,12635.5570016068,4.37099934,0.0,140.0,4.948759890378168
Tuvalu,2013,9.386,3510.21640142483,13.80392075,0.0,140.0,4.948759890378168
Tanzania,2013,7.501,963.05712890625,4.64643383,7.57207576168001,140.0,4.948759890378168
Uganda,2013,7.038,818.285427416713,5.78252411,10.914892084063,1400.0,7.244941546337007
Ukraine,2013,13.983,4129.89697265625,6.94358015,0.0,140.0,4.948759890378168
Uruguay,2013,9.458,18335.2594772322,8.0844841,7.77201220684194,140.0,4.948759890378168
United States,2013,8.215,53179.0127634561,15.95227051,4.47313924865612,140.0,4.948759890378168
Uzbekistan,2013,6.109,2461.97947403595,5.71896601,0.0,140.0,4.948759890378168
St. Vincent and the Grenadines,2013,10.658,7072.46737188939,4.23780632,0.0,140.0,4.948759890378168
Viet Nam,2013,6.057,2359.51736472828,4.41233158,0.0,7159.25,8.876300175546252
Vanuatu,2013,5.586,2979.79608084399,4.39240074,0.0,140.0,4.948759890378168
Samoa,2013,5.946,4023.5254013825,6.21823883,3.02619932061825,140.0,4.948759890378168
"Yemen, Rep.",2013,5.294,1378.75002954928,4.96083164,5.80971851623815,140.0,4.948759890378168
South Africa,2013,9.962,7331.65467384919,8.10322285,31.132729039924,2.3129,1.1978239387390577
Zambia,2013,8.017,1820.71854827391,4.57390451,5.63023682646344,3.0652,1.4024629422814743
Zimbabwe,2013,10.233,1362.99498323368,7.11022186,0.0,0.4,0.33647223662121295
Afghanistan,2014,7.511,625.054941813938,9.52887821,0.0,50.0,3.9318256327243257
Angola,2014,9.179,5649.68762469139,2.15680027,0.0,328.33500000000004,5.797075469795698
Albania,2014,7.236,4793.59751131525,6.35884142,4.6147231364138,140.0,4.948759890378168
Andorra,2014,5.812,44369.6712976777,6.77313089,0.0,140.0,4.948759890378168
United Arab Emirates,2014,1.014,52725.2358407934,3.53405499,0.740572167270486,140.0,4.948759890378168
Argentina,2014,7.549,12233.1444119186,9.79773045,7.50277667235654,1.7086999999999999,0.9964688149994061
Armenia,2014,9.2,3852.11800610384,10.17827892,2.46370989542236,480.0,6.175867270105761
Antigua and Barbuda,2014,5.954,15532.1062063584,5.32218313,0.0,140.0,4.948759890378168
Australia,2014,6.6,62817.2061751737,9.82833862,1.02985300162206,140.0,4.948759890378168
Austria,2014,9.2,51314.9722616322,10.51159096,0.491353494620118,140.0,4.948759890378168
Azerbaijan,2014,5.8,7890.84028062087,3.58703041,2.45038540616903,140.0,4.948759890378168
Burundi,2014,8.845,250.544492155185,7.21081543,5.22232594341804,725.0,6.587550014824796
Belgium,2014,9.3,47995.7786961339,10.62032604,0.0,140.0,4.948759890378168
Benin,2014,9.99,1204.39918670094,2.69111967,0.0,290.0,5.673323267171493
Burkina Faso,2014,9.966,764.861675106225,5.00027227,0.739223164024124,205.0,5.327876168789581
Bangladesh,2014,5.703,1094.46199702838,2.27915168,2.85759633031455,53.5,3.9982007016691985
Bulgaria,2014,15.4,8069.60005667684,7.68306208,1.55050575213407,140.0,4.948759890378168
Bahrain,2014,2.065,26451.7965647453,4.2369051,0.685532521662828,140.0,4.948759890378168
"Bahamas, The",2014,7.596,29137.2175632622,5.64133978,31.9122778565412,140.0,4.948759890378168
Bosnia and Herzegovina,2014,11.487,5206.06573475132,9.4710331,1.40259182137488,140.0,4.948759890378168
Belarus,2014,12.8,8341.31809294883,5.38792181,3.58925893151456,0.925,0.6549259677397475
Belize,2014,5.167,6128.12053089077,4.87071466,35.2513810373364,140.0,4.948759890378168
Bolivia,2014,7.729,3041.43503162408,5.89613628,0.0,13.274999999999999,2.658509755542074
Brazil,2014,5.998,12274.9941630213,8.39644146,29.8537931807395,140.0,4.948759890378168
Barbados,2014,9.283,20192.7084081797,6.09732294,8.98156264819578,140.0,4.948759890378168
Brunei Darussalam,2014,4.135,41026.5084247957,1.91436803,0.0,140.0,4.948759890378168
Bhutan,2014,6.478,2849.49998647303,3.23226452,0.0,61.67,4.137882864236584
Botswana,2014,8.358,7122.36423421503,5.8804059,0.0,140.0,4.948759890378168
Central African Republic,2014,21.406,409.8504859647,4.56557369,0.0,900.0,6.803505257608338
Canada,2014,7.3,50960.8431174661,10.28115654,1.47330111088167,140.0,4.948759890378168
Switzerland,2014,7.8,88724.9909402638,10.6751194,0.500596106180341,140.0,4.948759890378168
Chile,2014,6.119,14529.6767206336,7.84150171,2.4518317226161,140.0,4.948759890378168
China,2014,7.12,7781.06597484974,4.69880247,0.726466059590713,3.365,1.4736181892915656
Cote d'Ivoire,2014,10.12,1991.36539423404,3.7310183,0.0,412.5,6.024657514463746
Cameroon,2014,9.477,1649.4433905949,4.34148788,0.0,17000.0,9.741027444837728
"Congo, Dem. Rep.",2014,10.595,489.175952097319,3.72520614,0.0,140.0,4.948759890378168
"Congo, Rep.",2014,7.347,3601.2365808718,1.97311735,0.0,140.0,4.948759890378168
Colombia,2014,5.145,8187.20824890084,7.18553209,28.654305199833,1849.0,7.52294091807237
Comoros,2014,8.198,1615.71723662012,5.23849726,0.0,140.0,4.948759890378168
Cabo Verde,2014,5.154,3985.60706548134,4.85231543,12.687246682041,140.0,4.948759890378168
Costa Rica,2014,4.452,10911.497878334,7.66376209,10.0060434824472,1109.14625,7.012247042383978
Cuba,2014,8.884,7146.70459051328,12.14121914,5.31642685963406,140.0,4.948759890378168
Cyprus,2014,5.988,26993.103515625,6.93137264,0.915293345276525,140.0,4.948759890378168
Czechia,2014,10.0,20038.4163180257,7.53919601,0.77016509724927,140.0,4.948759890378168
Germany,2014,10.7,48959.5991203133,10.76819706,0.87986543465844,140.0,4.948759890378168
Djibouti,2014,8.28,2214.62084142432,2.95930099,0.0,160.0,5.081404364984463
Dominica,2014,10.027,8131.74876096735,5.26141691,12.7889957796314,140.0,4.948759890378168
Denmark,2014,9.1,62520.4509747011,10.31388664,1.31117471686599,140.0,4.948759890378168
Dominican Republic,2014,5.599,6496.45166971142,4.80942917,17.5463639644216,45.459999999999994,3.838591727342263
Algeria,2014,4.646,6094.69392314956,6.01484108,1.47174990719622,140.0,4.948759890378168
Ecuador,2014,4.815,6405.79979300441,6.76601839,8.16956550602398,0.75,0.5596157879354227
"Egypt, Arab Rep.",2014,5.879,3133.39102265541,4.77415323,2.96323170829365,140.0,4.948759890378168
Spain,2014,8.5,29707.765509467,9.1512289,0.691349965151574,140.0,4.948759890378168
Estonia,2014,11.8,20581.7898991695,6.26286125,3.11917057450557,140.0,4.948759890378168
Ethiopia,2014,7.461,549.986577082588,4.03365517,0.0,10.8,2.468099531471619
Finland,2014,9.6,50073.7760815871,9.83066177,1.61122466990035,140.0,4.948759890378168
Fiji,2014,8.562,5293.35676680464,3.36860466,2.17963577196433,140.0,4.948759890378168
France,2014,8.4,43148.0459288416,11.57935429,1.2242533397519,140.0,4.948759890378168
"Micronesia, Fed. Sts.",2014,7.372,2896.73082002714,11.83491802,0.0,140.0,4.948759890378168
Gabon,2014,7.272,9201.36276648105,2.53282261,0.0,655.0,6.486160788944089
United Kingdom,2014,8.8,47746.2421759562,9.97686195,0.900318736728248,140.0,4.948759890378168
Georgia,2014,12.571,4830.33486170249,8.2940836,0.0,140.0,4.948759890378168
Ghana,2014,7.981,1949.90832923846,4.01644135,1.93640928203346,100.0,4.61512051684126
Guinea,2014,11.066,765.146999389279,4.787992,0.0,6375.0,8.760296220470051
"Gambia, The",2014,7.716,568.00453558864,3.05234575,0.0,140.0,4.948759890378168
Guinea-Bissau,2014,9.323,652.022501029449,9.96897411,0.0,600.0,6.398594934535208
Equatorial Guinea,2014,9.644,15548.6624656619,1.868559,0.0,140.0,4.948759890378168
Greece,2014,10.4,21474.7257123892,7.94358587,0.982267185579143,140.0,4.948759890378168
Grenada,2014,7.767,7986.33421210788,4.77353573,7.00945838791219,140.0,4.948759890378168
Guatemala,2014,5.197,3689.14510410202,5.8885684,33.4975903480006,13.975000000000001,2.706382144001513
Guyana,2014,7.832,5472.68820452237,3.94755435,19.7552732658118,140.0,4.948759890378168
Honduras,2014,4.519,2179.88171977271,7.91455746,64.9996731259012,824.665,6.716189122248361
Heavily indebted poor countries (HIPC),2014,8.70050461019919,986.983783219797,4.8636449703372,8.3,140.0,4.948759890378168
Croatia,2014,12.0,14186.7295493276,6.56612396,0.853185902809328,140.0,4.948759890378168
Haiti,2014,8.205,1460.18898613914,4.52035809,9.44739032712553,80.0,4.394449154672439
Hungary,2014,12.8,14352.501883174,7.04192352,1.48030354739537,140.0,4.948759890378168
Indonesia,2014,7.499,3441.06808464008,2.96433568,0.0,15039.5,9.61850184163209
India,2014,6.77,1553.88396075118,3.61956549,3.60868879736221,140.0,4.948759890378168
Ireland,2014,6.3,57214.5379785709,9.23077869,1.00896508411924,140.0,4.948759890378168
"Iran, Islamic Rep.",2014,4.613,5672.06372896319,6.81539536,2.37540050451863,140.0,4.948759890378168
Iraq,2014,4.855,6249.39226978969,2.78786659,0.0,1313.0,7.1808311990445555
Iceland,2014,6.3,55140.364935793,8.29044247,0.305331857562688,140.0,4.948759890378168
Israel,2014,5.2,38343.3046626235,7.02990532,1.63349469475113,140.0,4.948759890378168
Italy,2014,9.9,36028.3494022349,8.85913563,0.782999237037301,140.0,4.948759890378168
Jamaica,2014,6.55,4975.11325459872,6.28673887,35.9731672387176,140.0,4.948759890378168
Jordan,2014,3.376,4191.18050084986,7.20892906,2.08150620974155,1.5535,0.9374649671055616
Japan,2014,10.1,38475.3952461838,10.7290144,0.309836473839101,233.5,5.457455587886334
Kazakhstan,2014,7.615,12427.7094576939,2.97468448,5.07400953678053,145.5,4.987025428457122
Kenya,2014,7.149,1482.81566253497,4.91267347,5.00527231064574,116.62,4.76745908903181
Kyrgyz Republic,2014,6.1,1264.52668823891,7.35766459,5.47521345205193,140.0,4.948759890378168
Cambodia,2014,6.01,1431.56396469993,4.40784645,0.0,1933.3333,7.5675179982900325
Kiribati,2014,6.963,1736.70535682101,8.9549551,0.0,140.0,4.948759890378168
St. Kitts and Nevis,2014,9.437,20219.3954237956,4.75296593,0.0,140.0,4.948759890378168
"Korea, Rep.",2014,5.3,30667.0912467447,6.24487352,0.745957747469183,140.0,4.948759890378168
Kuwait,2014,1.798,44368.7813457751,2.9159987,0.0,140.0,4.948759890378168
Lao PDR,2014,7.43,1981.03910900473,2.29845548,0.0,140.0,4.948759890378168
Lebanon,2014,4.272,7577.6413302369,7.52191401,3.78131966638362,1962.5556,7.582512190398409
Liberia,2014,9.66,706.714490064507,8.09817886,0.0,450.0,6.111467339502679
Libya,2014,5.443,8926.42074591474,5.17777824,0.0,140.0,4.948759890378168
St. Lucia,2014,7.501,10044.8218377677,4.6836338,19.5246886817102,140.0,4.948759890378168
Liechtenstein,2014,7.2,178735.153020908,5.63615656,2.69088462832156,140.0,4.948759890378168
Sri Lanka,2014,6.341,3972.04375736464,3.46786141,2.56642825955881,97.745,4.592540769587949
Low & middle income,2014,7.26939755478208,4472.91557836283,5.09959389804015,5.6,140.0,4.948759890378168
Lesotho,2014,14.634,1173.5377928819,9.98823929,0.0,15.14,2.7813006628418027
Late-demographic dividend,2014,7.34463031144587,8923.25728818124,5.34475369802927,4.6,140.0,4.948759890378168
Lithuania,2014,13.7,16446.1647181663,6.22244453,5.42076007920446,140.0,4.948759890378168
Luxembourg,2014,6.9,123678.702143275,5.23040915,0.719063635334068,140.0,4.948759890378168
Latvia,2014,14.3,15185.814581236,5.66363621,3.20938906771761,140.0,4.948759890378168
Morocco,2014,5.716,3435.40698242188,5.41626596,1.03786663735302,140.0,4.948759890378168
Monaco,2014,18.028,195693.570738894,4.4414835,0.0,140.0,4.948759890378168
Moldova,2014,12.759,3289.95758568777,8.73206043,4.81645276331263,140.0,4.948759890378168
Madagascar,2014,7.495,505.684922503435,4.46240282,0.0,2733.8,7.913813586039639
Maldives,2014,2.958,8939.07416571472,7.91345072,0.0,140.0,4.948759890378168
Mexico,2014,5.705,11391.3773497683,5.35336781,16.7050327254596,12.5,2.6026896854443837
Marshall Islands,2014,6.436,3735.23977829545,12.04489326,0.0,140.0,4.948759890378168
North Macedonia,2014,9.5,5925.38592218015,6.28993368,1.75189774323035,140.0,4.948759890378168
Mali,2014,10.887,947.915033288325,4.48158312,0.0,206.0,5.332718793265369
Malta,2014,7.5,27424.5765646694,8.88463974,1.3809468462051,140.0,4.948759890378168
Myanmar,2014,8.92,1293.00042319714,4.14940882,2.42691467314289,1128.0,7.029087564149662
Montenegro,2014,9.6,7342.17339453427,8.00086784,3.16768705786018,140.0,4.948759890378168
Mongolia,2014,5.7,4126.23975800524,4.20989752,7.31195279430739,1500.0,7.313886831633462
Mozambique,2014,9.779,697.142680444123,6.24013042,0.0,30.0,3.4339872044851463
Mauritania,2014,7.26,1713.00865264234,3.46724391,0.0,225.54165,5.422928813227989
Mauritius,2014,7.7,10490.3315563853,5.38024664,1.47058311329411,140.0,4.948759890378168
Malawi,2014,8.081,529.5133440206,6.89776182,0.0,253.099,5.537723954859893
Malaysia,2014,4.749,11013.3107334403,3.71036959,1.66144687296396,140.0,4.948759890378168
Namibia,2014,9.567,5378.32326241205,8.4089098,0.0,9.48,2.349468678892896
Niger,2014,10.532,565.30989731175,4.45377159,0.0,246.9136,5.513080298367325
Nigeria,2014,13.736,3088.72131316169,3.34840417,0.0,5926.5,8.68735781793956
Nicaragua,2014,4.964,1958.37047579547,7.97716141,8.6540960289815,1.2711000000000001,0.8202642956194106
Netherlands,2014,8.3,53457.2234864322,10.45699596,0.722251091061564,140.0,4.948759890378168
Norway,2014,7.9,97666.6951838749,9.28297901,0.564488422634429,140.0,4.948759890378168
Nepal,2014,7.098,821.455224911731,5.07549381,2.01645182571012,45.0,3.828641396489095
Nauru,2014,7.642,9230.05440328927,8.1214447,0.0,140.0,4.948759890378168
New Zealand,2014,6.87,44618.266973847,8.97204113,0.950700013685658,140.0,4.948759890378168
Oman,2014,2.113,23160.6502252547,3.13740134,0.29981718647055,140.0,4.948759890378168
Pakistan,2014,7.272,1266.61340849959,2.48899078,6.19607584212452,108.7,4.697749367281185
Panama,2014,4.673,13213.1989591137,6.91532087,15.5186126360303,22.985,3.177428634954027
Peru,2014,6.123,6667.13410360861,4.90967321,6.89338555748064,2.5149999999999997,1.257039525262628
Philippines,2014,5.558,2866.83803761407,3.70313668,0.0,48.95,3.9110225050945626
Palau,2014,9.241,13863.4544155068,10.71111488,0.0,140.0,4.948759890378168
Papua New Guinea,2014,6.89,2723.17529825196,3.27119064,0.0,140.0,4.948759890378168
Poland,2014,9.9,14262.2841914116,6.39059496,0.750030452020356,140.0,4.948759890378168
Portugal,2014,10.1,22120.6850127107,9.33570766,0.884088459392736,140.0,4.948759890378168
Paraguay,2014,5.24,6652.25478942461,6.62719059,9.52253702792393,4171.0,8.336150816120663
West Bank and Gaza,2014,3.855,3352.11259506043,9.92015553,0.543492845086536,140.0,4.948759890378168
Qatar,2014,1.047,95840.6898934238,2.42293572,0.405702920880718,140.0,4.948759890378168
Romania,2014,12.8,10031.7710755404,5.0276823,1.62758998394145,140.0,4.948759890378168
Russian Federation,2014,13.1,14055.47265625,5.1820941,11.3961892650078,13.7625,2.6920901815234806
Rwanda,2014,6.478,724.957526520906,6.98448992,3.76602860932266,442.0,6.093569770045136
Saudi Arabia,2014,2.392,27805.4850319422,5.15800905,0.0,140.0,4.948759890378168
Sudan,2014,7.21,1275.43835449219,5.67619705,0.0,22.0,3.1354942159291497
Senegal,2014,6.861,1398.89137601382,4.38962269,0.0,248.59375,5.519834596117662
Singapore,2014,4.7,57564.8023114977,3.87132597,0.256508913684751,140.0,4.948759890378168
Solomon Islands,2014,5.56,2164.95289873002,4.88962364,0.0,140.0,4.948759890378168
Sierra Leone,2014,12.332,1117.7586465721,15.11886978,0.0,4511.1111,8.414520416101698
El Salvador,2014,7.237,3666.01248913873,8.5989418,63.6220773963139,41.354150000000004,3.746066409213246
San Marino,2014,7.7,51260.4938347125,8.30091763,0.0,140.0,4.948759890378168
"Somalia, Fed. Rep.",2014,12.637,429.431656725102,3.02053761,0.0,140.0,4.948759890378168
Serbia,2014,14.2,6886.67809068704,8.85966778,1.63272026762776,140.0,4.948759890378168
Small states,2014,7.76799898103464,11413.5892863022,5.82370736418587,13.0,140.0,4.948759890378168
Sao Tome and Principe,2014,6.925,1489.67633417608,7.91452122,0.0,140.0,4.948759890378168
Suriname,2014,7.199,9108.18905406764,4.52127838,5.56160959933817,140.0,4.948759890378168
Slovak Republic,2014,9.5,18770.9289896545,6.86543369,1.32958329289954,140.0,4.948759890378168
Slovenia,2014,9.2,24013.0682060959,8.58487225,0.777302570612473,140.0,4.948759890378168
Sweden,2014,9.2,59583.4584491714,11.07212639,0.89723711300655,140.0,4.948759890378168
Eswatini,2014,12.205,3771.07228381938,7.25596571,10.3845906755176,140.0,4.948759890378168
Seychelles,2014,7.9,15188.1902175113,4.43609142,15.2884013587567,140.0,4.948759890378168
Syrian Arab Republic,2014,7.353,1060.59105886854,4.23171377,0.0,154.0,5.043425116919247
Chad,2014,14.071,1278.78981422494,3.29708338,0.0,240.0,5.484796933490655
East Asia & Pacific (IDA & IBRD countries),2014,7.02857700467762,6446.13612359241,4.4910442223152,1.5,140.0,4.948759890378168
Europe & Central Asia (IDA & IBRD countries),2014,10.2406183976487,10307.2242685414,5.20269555336982,5.1,140.0,4.948759890378168
Togo,2014,9.48,855.584809246574,4.90473413,0.0,231.5,5.448890225027411
Thailand,2014,6.754,5801.1978916205,3.68448091,0.0,12.27765,2.586082170558078
Tajikistan,2014,5.255,1081.54402932039,6.6654973,0.0,3.54,1.5129270120532565
Turkmenistan,2014,6.121,7164.14536184006,4.25741673,1.46495233226172,140.0,4.948759890378168
Latin America & the Caribbean (IDA & IBRD countries),2014,5.98616906486209,10058.6664815872,7.38666588773132,22.9,140.0,4.948759890378168
Timor-Leste,2014,7.715,1224.74956308733,7.59958553,0.0,1.75,1.0116009116784799
"Middle East, North Africa, Afghanistan & Pakistan (IDA & IBRD)",2014,6.10068344232853,3071.92771988993,5.14131412189237,3.9,140.0,4.948759890378168
Tonga,2014,6.368,4136.59013792529,5.19583178,0.0,140.0,4.948759890378168
South Asia (IDA & IBRD),2014,6.65802987623666,1528.49208733408,3.53515216737115,3.7,140.0,4.948759890378168
Sub-Saharan Africa (IDA & IBRD countries),2014,9.87878512284844,1906.79596971017,4.70009330149694,9.5,140.0,4.948759890378168
Trinidad and Tobago,2014,6.918,21908.3014555644,4.87381697,28.4984183377823,140.0,4.948759890378168
Tunisia,2014,5.931,4458.97895464547,6.45006084,0.0,140.0,4.948759890378168
Turkiye,2014,5.1,12209.3862327674,4.32517862,0.0,140.0,4.948759890378168
Tuvalu,2014,9.395,3528.85858102782,14.52762222,0.0,140.0,4.948759890378168
Tanzania,2014,7.261,1022.74841308594,4.01492071,0.0,140.0,4.948759890378168
Uganda,2014,6.699,896.054795546394,5.33653069,12.2899679036209,1381.25,7.231467885218042
Ukraine,2014,13.682,3054.908203125,7.19506168,6.18849833107946,10.1833,2.4144215941192075
Uruguay,2014,9.397,18322.4276767157,8.038908,7.98490138572303,140.0,4.948759890378168
United States,2014,8.237,54973.4207515712,16.1415844,4.38357348743573,140.0,4.948759890378168
Uzbekistan,2014,6.082,2674.9628382103,4.43092394,0.0,140.0,4.948759890378168
St. Vincent and the Grenadines,2014,10.726,7168.82875342911,4.17431307,0.0,140.0,4.948759890378168
Viet Nam,2014,6.114,2546.38464459903,4.69078779,0.0,7623.66505,8.939143672641903
Vanuatu,2014,5.638,2973.09026493408,3.64018846,0.0,140.0,4.948759890378168
Samoa,2014,6.007,3982.68080202084,6.36147165,0.0,140.0,4.948759890378168
"Yemen, Rep.",2014,5.29,1430.16420964026,5.8377471,0.0,140.0,4.948759890378168
South Africa,2014,9.647,6856.73137092522,7.87136555,32.026354388996,2.9004,1.3610791119788268
Zambia,2014,7.686,1707.48573136694,3.82924223,5.19020856145348,4.0,1.6094379124341003
Zimbabwe,2014,9.621,1372.91526173161,8.1335125,0.0,0.5,0.4054651081081644
Afghanistan,2015,7.528,565.569730408751,10.10534763,9.95218590955213,50.0,3.9318256327243257
Angola,2015,8.809,3641.72893919944,2.29966879,4.45347324389499,349.395,5.859061089554035
Albania,2015,7.245,4199.53912925398,6.38810158,2.20793808941597,140.0,4.948759890378168
Andorra,2015,5.673,38654.95287916,6.91368532,0.0,140.0,4.948759890378168
United Arab Emirates,2015,1.021,44910.334995523,3.46609354,0.691671912805994,140.0,4.948759890378168
Argentina,2015,7.449,13679.6264980954,10.27364159,6.52528743235621,1.19275,0.7851564638493539
Armenia,2015,9.3,3512.39350276709,10.11762714,2.56745781452856,490.0,6.19644412779452
Antigua and Barbuda,2015,6.069,16077.6340769406,4.90963078,0.0,140.0,4.948759890378168
Australia,2015,6.6,56970.3613028094,10.13642025,0.985468432815397,140.0,4.948759890378168
Austria,2015,9.6,43915.228020857,10.51688385,0.509021333026224,140.0,4.948759890378168
Azerbaijan,2015,5.7,5500.50364628486,4.34131384,2.16347016513122,140.0,4.948759890378168
Burundi,2015,8.688,254.402585226788,6.29044485,4.17285957648643,700.0,6.55250788703459
Belgium,2015,9.8,40893.804537772,10.88387299,0.0,140.0,4.948759890378168
Benin,2015,9.898,1002.41886879614,2.72813416,0.0,285.0,5.655991810819852
Burkina Faso,2015,9.658,630.124750752312,5.13192415,0.646029930732339,193.0,5.267858159063328
Bangladesh,2015,5.638,1224.38647668165,2.27217698,2.53163478437081,48.975,3.911522880386464
Bulgaria,2015,15.8,7268.65445473873,7.39363575,1.75548173553612,140.0,4.948759890378168
Bahrain,2015,2.084,23734.0551143019,4.75126362,0.219034059796298,140.0,4.948759890378168
"Bahamas, The",2015,7.832,30719.405417469,5.244627,37.8879787412108,140.0,4.948759890378168
Bosnia and Herzegovina,2015,11.909,4662.25869219448,9.24086571,1.61998987932639,140.0,4.948759890378168
Belarus,2015,12.6,5967.05595058777,6.06528044,3.43617510284546,0.93,0.6575200029167941
Belize,2015,5.143,6154.62264230369,4.65988731,33.3957281531601,140.0,4.948759890378168
Bolivia,2015,7.659,2996.01289811344,6.55064964,4.92977342561603,9.79,2.378619779270043
Brazil,2015,6.045,8936.1955889444,8.90929985,28.8503019791216,140.0,4.948759890378168
Barbados,2015,9.324,20424.2087530019,6.09170628,11.1115093730958,140.0,4.948759890378168
Brunei Darussalam,2015,4.256,30625.1287744656,2.38708901,0.0,140.0,4.948759890378168
Bhutan,2015,6.526,2954.04081911097,3.43653083,1.62026847848689,68.16499999999999,4.236494954326778
Botswana,2015,7.913,6141.20394726616,6.10287762,0.0,140.0,4.948759890378168
Central African Republic,2015,12.683,366.322853938121,5.03434181,0.0,668.9200000000001,6.507158302270834
Canada,2015,7.4,43594.1941045394,10.76397896,1.69900457240782,140.0,4.948759890378168
Switzerland,2015,8.2,83806.4476003837,10.97983074,0.688078876533782,140.0,4.948759890378168
Chile,2015,6.106,13433.9202987032,8.3513937,2.32163505387454,140.0,4.948759890378168
China,2015,7.07,8175.33285077393,4.85367584,0.658962453224414,3.44,1.4906543764441333
Cote d'Ivoire,2015,9.798,1814.71855088017,3.2198832,0.0,489.0,6.194405391104672
Cameroon,2015,9.2,1415.00009710569,4.12600517,3.78238510747147,13000.0,9.472781556562168
"Congo, Dem. Rep.",2015,10.349,495.826633014883,3.74785447,0.0,140.0,4.948759890378168
"Congo, Rep.",2015,7.166,2439.35189403696,2.45668483,0.0,140.0,4.948759890378168
Colombia,2015,5.252,6248.51490534512,7.52338505,27.2152782480106,1975.75,7.5892093609510365
Comoros,2015,8.063,1329.37048235986,4.60089922,0.0,140.0,4.948759890378168
Cabo Verde,2015,5.136,3415.06266730931,4.40073681,8.97747531926147,140.0,4.948759890378168
Costa Rica,2015,4.518,11714.7105980732,7.59196186,11.5607212354156,1084.1505000000002,6.989473966032682
Cuba,2015,9.123,7727.91997207998,12.81404305,5.4899907667934,140.0,4.948759890378168
Cyprus,2015,6.043,23088.44140625,6.79382181,1.2300107871946,140.0,4.948759890378168
Czechia,2015,10.5,17931.5987670768,7.29346752,0.836150868791633,140.0,4.948759890378168
Germany,2015,11.3,41929.7549110722,10.92317677,0.83092148321361,140.0,4.948759890378168
Djibouti,2015,8.162,2376.12554719873,3.3475771,0.0,160.0,5.081404364984463
Dominica,2015,10.873,8282.59874702141,5.15941811,12.7822752449936,140.0,4.948759890378168
Denmark,2015,9.2,53094.0133607574,10.3754549,1.09083852229384,140.0,4.948759890378168
Dominican Republic,2015,5.755,6800.95309395474,4.73534584,0.0,53.475,3.9977418808306835
Algeria,2015,4.645,4685.05902729002,6.33435678,1.36433389808261,120.0,4.795790545596741
Ecuador,2015,4.869,5976.1596805651,7.76786041,6.45509329915208,0.97,0.6780335427498971
"Egypt, Arab Rep.",2015,5.818,3306.98159414141,5.06153202,1.71791733156895,140.0,4.948759890378168
Spain,2015,9.1,25982.4416197775,9.17553329,0.646906930185419,140.0,4.948759890378168
Estonia,2015,11.6,17722.1557669523,6.52138662,3.42315697228612,140.0,4.948759890378168
Ethiopia,2015,7.206,597.912113218663,3.82316828,0.0,16.0,2.833213344056216
Finland,2015,9.6,42560.3456767103,9.69998264,1.49642750743994,140.0,4.948759890378168
Fiji,2015,8.791,5097.53106864695,3.32468939,0.0,140.0,4.948759890378168
France,2015,8.9,36702.4323733379,11.50032997,1.55892963521539,140.0,4.948759890378168
"Micronesia, Fed. Sts.",2015,7.482,2853.07643587028,12.62341213,0.0,140.0,4.948759890378168
Gabon,2015,7.138,7047.12654634355,2.65743947,0.0,646.0,6.472346294500901
United Kingdom,2015,9.2,45255.3449216209,9.94044876,0.948271629655268,140.0,4.948759890378168
Georgia,2015,12.503,4086.6223465965,8.6599493,0.0,140.0,4.948759890378168
Ghana,2015,7.845,1722.77282833606,4.54299259,1.82951897503029,137.5,4.930870325627393
Guinea,2015,10.861,747.356966759448,5.80919266,0.0,6000.0,8.699681400989514
"Gambia, The",2015,7.501,619.536364296461,3.1761291,0.0,140.0,4.948759890378168
Guinea-Bissau,2015,8.976,645.066837207039,8.13228226,0.0,600.0,6.398594934535208
Equatorial Guinea,2015,9.397,9068.91003238645,2.45693421,0.0,140.0,4.948759890378168
Greece,2015,11.2,17980.7298238137,8.26719952,0.859447721666469,140.0,4.948759890378168
Grenada,2015,7.888,8694.12438005692,4.64675617,5.23213226830374,140.0,4.948759890378168
Guatemala,2015,5.243,3893.50533299068,6.00602007,0.0,18.11,2.950211758252182
Guyana,2015,7.757,5640.41560569466,4.02264786,19.6367594865976,140.0,4.948759890378168
Honduras,2015,4.479,2271.20265980349,7.4837904,55.7305404552518,790.725,6.67421410929661
Heavily indebted poor countries (HIPC),2015,8.42400748648054,917.296109229182,4.94931601732948,8.1,140.0,4.948759890378168
Croatia,2015,12.9,12283.7840620053,6.65548038,0.884378611088172,140.0,4.948759890378168
Haiti,2015,8.143,1411.12684746796,5.07518148,10.1774724071475,90.0,4.51085950651685
Hungary,2015,13.4,12782.9412577973,6.8501935,2.24611505942905,140.0,4.948759890378168
Indonesia,2015,7.495,3288.22269725538,2.92428517,0.0,15941.5,9.676743778189426
India,2015,6.729,1583.99815907985,3.59565973,3.341278725169,140.0,4.948759890378168
Ireland,2015,6.4,64250.1385181257,7.07827806,0.574164266695474,140.0,4.948759890378168
"Iran, Islamic Rep.",2015,4.617,4952.73355532178,8.38232708,0.0,140.0,4.948759890378168
Iraq,2015,4.737,4440.14189252367,3.15587044,0.0,1062.0,6.968850378341948
Iceland,2015,6.6,53505.6964079339,8.13121986,0.906477233068894,140.0,4.948759890378168
Israel,2015,5.3,36213.1041481958,7.02090645,1.49014483400625,140.0,4.948759890378168
Italy,2015,10.8,30639.8829751432,8.84596729,0.774242762514025,140.0,4.948759890378168
Jamaica,2015,6.721,5339.30718256806,6.61477137,43.1395301537823,140.0,4.948759890378168
Jordan,2015,3.171,4042.75678097555,7.4609561,1.77061077375796,1.555,0.9380522236556678
Japan,2015,10.3,34960.6393843385,10.74969959,0.285207237530428,236.5,5.470167623474696
Kazakhstan,2015,7.388,10196.1226255982,3.04051113,4.71683271705767,169.5,5.1387352967235715
Kenya,2015,7.14,1489.11959777284,4.76439571,4.8015943416874,91.035,4.522168939484685
Kyrgyz Republic,2015,5.8,1105.65193844261,7.14930916,5.1182002192939,140.0,4.948759890378168
Cambodia,2015,6.015,1547.32010444393,4.53898621,0.0,4716.83335,8.459104937173366
Kiribati,2015,6.99,1639.85274740652,7.21568632,0.0,140.0,4.948759890378168
St. Kitts and Nevis,2015,9.551,20328.8003530109,5.12752008,0.0,140.0,4.948759890378168
"Korea, Rep.",2015,5.4,30171.7906545222,6.46202612,0.73552614730237,140.0,4.948759890378168
Kuwait,2015,1.797,29882.2126495698,4.21497965,0.0,140.0,4.948759890378168
Lao PDR,2015,7.507,2121.01339097363,2.45366454,0.0,140.0,4.948759890378168
Lebanon,2015,4.509,7714.1099998804,7.41596651,3.56896263234324,1930.1666500000001,7.5658795811386454
Liberia,2015,9.559,692.590082351257,10.38244438,0.0,332.0,5.808142489980444
Libya,2015,5.372,7458.48917756374,5.80638647,0.0,140.0,4.948759890378168
St. Lucia,2015,7.501,10334.9860823918,4.57866001,16.0087361960384,140.0,4.948759890378168
Liechtenstein,2015,6.7,167187.15730982,5.75139189,0.0,140.0,4.948759890378168
Sri Lanka,2015,6.398,4057.7158346231,3.6826396,2.24114421871193,79.34164999999999,4.3862881664349525
Low & middle income,2015,7.21988832373863,4284.85686298442,5.20147682703176,5.7,140.0,4.948759890378168
Lesotho,2015,13.932,1121.19851342518,9.25280476,0.0,14.895,2.766004594362766
Late-demographic dividend,2015,7.32645137273034,8331.63270803563,5.39796336910839,4.8,140.0,4.948759890378168
Lithuania,2015,14.4,14269.8039878287,6.47396851,5.91926942449559,140.0,4.948759890378168
Luxembourg,2015,7.0,105462.012584423,5.08113575,0.877907630070794,140.0,4.948759890378168
Latvia,2015,14.4,13321.9753140616,5.84916782,3.38748763187818,140.0,4.948759890378168
Morocco,2015,5.686,3146.24780273438,5.10435581,1.24539159959094,140.0,4.948759890378168
Monaco,2015,19.5,170437.101188261,4.31486797,0.0,140.0,4.948759890378168
Moldova,2015,13.094,2749.55137054338,8.50013351,5.74963619861434,140.0,4.948759890378168
Madagascar,2015,7.461,445.320069480568,5.0062542,0.0,3045.0,8.021584533455107
Maldives,2015,2.851,9644.90655028145,8.68310642,0.934243286294184,140.0,4.948759890378168
Mexico,2015,5.768,10021.2386118827,5.52738619,17.1484302942078,14.0,2.70805020110221
Marshall Islands,2015,6.493,3764.34426229508,14.78209972,0.0,140.0,4.948759890378168
North Macedonia,2015,9.9,5262.68671928674,6.34227896,1.26239291120934,140.0,4.948759890378168
Mali,2015,10.59,838.11986940103,4.11143351,0.0,325.0,5.786897381366708
Malta,2015,7.7,25529.6813337717,8.70199776,0.898915795186531,140.0,4.948759890378168
Myanmar,2015,8.904,1166.73305547935,5.19711542,2.54849103640211,1058.0,6.9650803456014065
Montenegro,2015,10.1,6421.00307345999,9.02188778,2.70638148835062,140.0,4.948759890378168
Mongolia,2015,5.8,3838.92126989984,4.23154545,7.18959068215609,1500.0,7.313886831633462
Mozambique,2015,9.371,610.563774706589,6.60972881,0.0,35.0,3.58351893845611
Mauritania,2015,6.993,1554.94897871782,3.67363763,0.0,208.33,5.343911954106429
Mauritius,2015,7.7,9630.5437837507,5.55042362,1.62504048091912,140.0,4.948759890378168
Malawi,2015,7.642,539.605363240686,6.62879086,0.0,399.4533,5.9925971554649164
Malaysia,2015,4.864,9648.6797937523,3.82201481,1.59447772809976,140.0,4.948759890378168
Namibia,2015,9.253,4774.10650865775,9.98106289,0.0,10.02,2.3997118037247684
Niger,2015,10.386,485.662574175279,5.34745932,0.0,220.0,5.3981627015177525
Nigeria,2015,13.656,2585.73360671797,3.58194995,0.0,5650.0,8.639587799629844
Nicaragua,2015,4.993,2074.45620634731,7.96303272,8.52113297894743,0.74135,0.5546606744700174
Netherlands,2015,8.7,45793.8135434697,10.18857956,0.607922883579319,140.0,4.948759890378168
Norway,2015,7.8,74809.9658049898,10.06992245,0.462448150409719,140.0,4.948759890378168
Nepal,2015,7.385,875.543635474862,5.46615553,2.1492523495048,42.3,3.768152635008444
Nauru,2015,7.64,7747.25584993607,13.91331863,0.0,140.0,4.948759890378168
New Zealand,2015,6.85,38665.3723018158,8.88920593,1.04030555507995,140.0,4.948759890378168
Oman,2015,2.057,18808.3077921839,4.07826233,0.38232739411622,140.0,4.948759890378168
Pakistan,2015,7.164,1380.47020838317,2.49493265,4.36557663665432,84.0,4.442651256490317
Panama,2015,4.714,14082.6548434996,6.93698502,11.8938357734005,1.14,0.76080582903376
Peru,2015,6.037,6231.71150338894,4.90453625,7.37746900609372,2.56,1.269760544863939
Philippines,2015,5.583,2909.85818010301,3.8982749,0.0,56.88,4.058371901763283
Palau,2015,9.503,16154.0532152373,9.76325321,16.8828610821914,140.0,4.948759890378168
Papua New Guinea,2015,6.804,2484.5963398603,1.81881714,0.0,140.0,4.948759890378168
Poland,2015,10.4,12637.5220324406,6.36490345,0.778752821607014,140.0,4.948759890378168
Portugal,2015,10.5,19215.7813014347,9.33309937,0.96429532624377,140.0,4.948759890378168
Paraguay,2015,5.319,5879.33792308762,6.69165802,10.0176925113933,4340.0,8.375860015299594
West Bank and Gaza,2015,3.318,3272.15432360708,9.28473282,0.663487089094152,140.0,4.948759890378168
Qatar,2015,0.97,68985.2433380102,3.63581347,0.247185127859597,140.0,4.948759890378168
Romania,2015,13.2,8977.01748158196,4.94292021,1.70600204986966,140.0,4.948759890378168
Russian Federation,2015,13.0,9277.7138671875,5.29604626,11.4556968970425,16.822499999999998,2.8804617040096465
Rwanda,2015,6.401,733.998629882494,6.65061283,2.51717737303246,450.0,6.111467339502679
Saudi Arabia,2015,2.266,23256.1549553531,5.8620224,0.0,140.0,4.948759890378168
Sudan,2015,7.069,1292.37963867188,5.81112576,0.0,16.5,2.8622008809294686
Senegal,2015,6.615,1218.00613555438,4.37789631,0.267518151792543,237.0,5.472270673671475
Singapore,2015,4.8,55645.6068614606,4.18061399,0.253378095590325,140.0,4.948759890378168
Solomon Islands,2015,5.451,2045.47721526649,4.45310211,0.0,140.0,4.948759890378168
Sierra Leone,2015,11.6,964.575980888989,12.3831234,1.76195053608056,4433.8624,8.397251868332264
El Salvador,2015,7.378,3790.34089108162,8.75833225,107.638231074992,20.2,3.054001181677967
San Marino,2015,7.1,43146.8240435428,8.43315315,0.0,140.0,4.948759890378168
"Somalia, Fed. Rep.",2015,12.292,445.583080073396,2.94074512,0.0,140.0,4.948759890378168
Serbia,2015,14.6,5820.3215576888,8.46289921,1.39329072000109,140.0,4.948759890378168
Small states,2015,7.74249113608502,10446.850341907,6.05224375446595,13.0,140.0,4.948759890378168
Sao Tome and Principe,2015,6.719,1298.10946596396,6.53226852,0.0,140.0,4.948759890378168
Suriname,2015,7.186,8813.61705392067,5.80808163,5.84567085090617,140.0,4.948759890378168
Slovak Republic,2015,9.9,16442.0760860018,6.74109745,0.885563434200239,140.0,4.948759890378168
Slovenia,2015,9.6,20697.2748530619,8.57742882,0.970898765842034,140.0,4.948759890378168
Sweden,2015,9.3,51188.1652120493,10.93069172,1.14291761252879,140.0,4.948759890378168
Eswatini,2015,11.487,3419.82276559528,7.05855274,9.8003828274542,140.0,4.948759890378168
Seychelles,2015,7.5,15333.1051727105,4.24428654,6.52805431341189,140.0,4.948759890378168
Syrian Arab Republic,2015,8.223,847.731631942565,3.67464328,0.0,300.0,5.707110264748875
Chad,2015,13.876,993.990730610869,3.40253925,0.0,257.0,5.552959584921617
East Asia & Pacific (IDA & IBRD countries),2015,6.99984927160779,6664.48834577557,4.64742800465152,1.4,140.0,4.948759890378168
Europe & Central Asia (IDA & IBRD countries),2015,10.1989319426577,8009.61874995558,5.223514455981,5.7,140.0,4.948759890378168
Togo,2015,9.253,751.051987587248,6.24738503,0.0,217.0,5.384495062789089
Thailand,2015,6.818,5688.85335397884,3.8522861,0.0,11.945,2.560709613203501
Tajikistan,2015,5.281,956.916310930656,6.90735912,0.0,5.5,1.8718021769015913
Turkmenistan,2015,6.123,5759.497903834,5.01652908,1.01355101620555,140.0,4.948759890378168
Latin America & the Caribbean (IDA & IBRD countries),2015,6.01954790668061,8404.37747196218,7.72067466503498,22.7,140.0,4.948759890378168
Timor-Leste,2015,7.65,1319.59295003154,7.69146681,4.06594633033822,1.7,0.9932517730102833
"Middle East, North Africa, Afghanistan & Pakistan (IDA & IBRD)",2015,6.09065946708871,2799.45441811583,5.59576999729212,3.8,140.0,4.948759890378168
Tonga,2015,6.376,4123.90323993332,4.78137636,0.0,140.0,4.948759890378168
South Asia (IDA & IBRD),2015,6.62207288681925,1570.54142462917,3.51918654797091,3.6,140.0,4.948759890378168
Sub-Saharan Africa (IDA & IBRD countries),2015,9.65960291196524,1646.44941139316,4.92348638335971,9.4,140.0,4.948759890378168
Trinidad and Tobago,2015,7.131,19887.2327716498,5.6525383,29.3873061531072,140.0,4.948759890378168
Tunisia,2015,5.996,4014.94773686432,6.21339941,0.0,140.0,4.948759890378168
Turkiye,2015,5.2,11064.6494504662,4.11690426,2.79325328973375,140.0,4.948759890378168
Tuvalu,2015,9.394,3357.83417700071,13.44188595,0.0,140.0,4.948759890378168
Tanzania,2015,7.002,939.127319335938,3.64969945,7.20094334280093,140.0,4.948759890378168
Uganda,2015,6.372,862.934610355811,4.99643135,0.0,1520.0,7.327123292259293
Ukraine,2015,13.015,2094.47387695313,7.78352833,0.0,17.68665,2.927809365166601
Uruguay,2015,9.494,17125.9016800298,8.25703716,8.69948102993542,140.0,4.948759890378168
United States,2015,8.44,56572.9188996063,16.40155411,4.87019612648983,140.0,4.948759890378168
Uzbekistan,2015,6.005,2803.19018021751,4.73596573,1.64556342685201,140.0,4.948759890378168
St. Vincent and the Grenadines,2015,10.821,7353.73556054184,4.11605787,0.0,140.0,4.948759890378168
Viet Nam,2015,6.153,2577.56885340113,4.71140909,0.0,6906.25,8.84032686359827
Vanuatu,2015,5.654,2854.89412272653,4.1583128,0.0,140.0,4.948759890378168
Samoa,2015,6.056,4084.36083819933,6.01321936,0.0,140.0,4.948759890378168
"Yemen, Rep.",2015,5.773,1362.1738120601,6.49017286,0.0,140.0,4.948759890378168
South Africa,2015,9.217,6112.27382485974,8.05304241,32.9193156001477,3.1201,1.4158774349115388
Zambia,2015,7.402,1295.87788680068,4.42974281,5.20150860823759,4.0,1.6094379124341003
Zimbabwe,2015,9.18,1387.12632595026,7.45204067,0.0,0.65,0.5007752879124893
Afghanistan,2016,7.32,522.082215583898,11.81859016,6.6799974594108,50.0,3.9318256327243257
Angola,2016,8.476,2051.81462126253,2.39068723,4.09826656345614,547.0450000000001,6.306357400364938
Albania,2016,7.288,4457.63412207495,6.65018797,2.72614352662554,140.0,4.948759890378168
Andorra,2016,5.412,40129.8385811474,6.94162941,0.0,140.0,4.948759890378168
United Arab Emirates,2016,1.007,42721.0999383185,3.89580107,0.0,140.0,4.948759890378168
Argentina,2016,7.865,12699.9623137756,10.05355549,5.97945616037571,11.67,2.5392369943330477
Armenia,2016,9.4,3524.42476874707,9.95194912,2.98068464955971,470.0,6.154858094016418
Antigua and Barbuda,2016,6.142,16556.8551801588,4.93979549,0.0,140.0,4.948759890378168
Australia,2016,6.6,50084.4440606385,10.08958244,0.933005940041915,140.0,4.948759890378168
Austria,2016,9.2,45061.4993920192,10.51713753,0.617996363091403,140.0,4.948759890378168
Azerbaijan,2016,5.8,3880.6852276838,4.42241955,1.71253212771072,140.0,4.948759890378168
Burundi,2016,8.209,232.937812100153,7.06148243,5.64974214487878,921.0,6.826545223556594
Belgium,2016,9.5,41854.5498296444,10.89833736,0.0,140.0,4.948759890378168
Benin,2016,9.783,1010.5338961993,3.62042856,0.0,300.0,5.707110264748875
Burkina Faso,2016,9.366,663.742364842886,5.95284653,1.12086279620408,195.0,5.278114659230517
Bangladesh,2016,5.575,1649.28380858601,2.38938212,2.23304324758363,48.89,3.909820581872946
Bulgaria,2016,15.6,7822.49923292968,7.45975018,1.10839328712128,140.0,4.948759890378168
Bahrain,2016,1.983,23800.001440631,4.62360859,0.279797762177498,140.0,4.948759890378168
"Bahamas, The",2016,7.94,30616.5363157284,5.65515327,28.6041558488412,140.0,4.948759890378168
Bosnia and Herzegovina,2016,12.228,4928.5665903114,9.13943481,1.29570864177198,140.0,4.948759890378168
Belarus,2016,12.6,5039.77560949445,5.91054153,3.23189754442635,0.95,0.6678293725756554
Belize,2016,5.113,6140.86713919469,4.77207184,37.8388012229062,140.0,4.948759890378168
Bolivia,2016,7.614,3035.87347732132,6.83333063,5.74238712195448,9.25,2.327277705584417
Brazil,2016,6.226,8836.28546025694,9.16901684,30.1193623667804,140.0,4.948759890378168
Barbados,2016,9.36,20295.5672072046,6.19479513,7.86845375942203,140.0,4.948759890378168
Brunei Darussalam,2016,4.381,26663.2972950602,2.54828691,0.0,140.0,4.948759890378168
Bhutan,2016,6.568,3152.30905106786,3.27756715,1.20342414282773,66.565,4.213090097490049
Botswana,2016,7.463,6749.05994339013,5.76837635,0.0,140.0,4.948759890378168
Central African Republic,2016,13.177,387.176203444318,5.44402313,20.120400654,779.215,6.659569522727271
Canada,2016,7.4,42314.0615817218,11.05626965,1.69447965211893,140.0,4.948759890378168
Switzerland,2016,7.8,82153.0745447889,11.20248795,0.537319784436855,140.0,4.948759890378168
Chile,2016,6.086,13649.8520452803,8.55767059,3.39405749254204,140.0,4.948759890378168
China,2016,7.04,8254.86859320357,4.88338089,0.614934212808057,3.3525,1.470750392660207
Cote d'Ivoire,2016,9.437,1862.59597081287,3.32101274,0.0,666.5,6.503539390274405
Cameroon,2016,8.908,1441.7201725688,4.02253723,3.35548128633803,3500.0,8.160803920954665
"Congo, Dem. Rep.",2016,10.076,459.765036590388,4.20027828,0.0,140.0,4.948759890378168
"Congo, Rep.",2016,7.026,2093.10728558843,2.59422994,0.0,140.0,4.948759890378168
Colombia,2016,5.31,5959.84250367574,7.53117037,26.1438669043183,2000.0,7.601402334583733
Comoros,2016,7.943,1365.48403444497,4.65263557,0.0,140.0,4.948759890378168
Cabo Verde,2016,5.15,3608.96605234906,4.36134005,12.0962746400627,140.0,4.948759890378168
Costa Rica,2016,4.822,12091.0301606154,7.31724358,11.8759050112518,1077.335,6.9831734638607506
Cuba,2016,9.44,8110.55874283616,12.21769619,5.0773983694805,140.0,4.948759890378168
Cyprus,2016,6.135,24280.056640625,6.65254688,1.05083409956653,140.0,4.948759890378168
Czechia,2016,10.2,18753.9686718096,7.32258606,0.617169777139044,140.0,4.948759890378168
Germany,2016,11.1,42948.9381932694,10.97133732,1.163604165425,140.0,4.948759890378168
Djibouti,2016,8.007,2510.4300076241,2.74166131,0.0,140.0,4.948759890378168
Dominica,2016,10.374,8802.56172041363,5.12308073,22.9863590325616,140.0,4.948759890378168
Denmark,2016,9.2,54500.9260410217,10.28229332,0.977619325858153,140.0,4.948759890378168
Dominican Republic,2016,5.876,7160.44200982307,4.58582401,15.3154603364407,48.88,3.909620120811836
Algeria,2016,4.647,4424.98529027556,6.00080872,1.32678196793638,120.0,4.795790545596741
Ecuador,2016,5.005,5917.63771271481,7.58817482,5.81031174018927,0.92,0.6523251860396903
"Egypt, Arab Rep.",2016,5.707,3270.6287768197,5.07462406,1.50721254822527,140.0,4.948759890378168
Spain,2016,8.8,26755.6061149398,8.88084984,0.629108853827649,140.0,4.948759890378168
Estonia,2016,11.7,18666.3736521706,6.56918621,2.50788654321279,140.0,4.948759890378168
Ethiopia,2016,6.999,641.651523286233,3.60033751,0.0,513.5,6.243195555274104
Finland,2016,9.8,43451.2562442158,9.45625591,1.34656386925302,140.0,4.948759890378168
Fiji,2016,8.792,5363.79026679243,3.27979708,0.0,140.0,4.948759890378168
France,2016,8.9,37024.2157133669,11.57036018,1.19686224509648,140.0,4.948759890378168
"Micronesia, Fed. Sts.",2016,7.488,2979.60119184048,13.33481121,0.0,140.0,4.948759890378168
Gabon,2016,7.024,6677.07003901644,3.1076982,0.0,659.0,6.492239835020471
United Kingdom,2016,9.1,41257.9085545556,9.87085724,1.17310761427578,140.0,4.948759890378168
Georgia,2016,12.774,4143.40125686315,9.07258892,1.02846555312855,140.0,4.948759890378168
Ghana,2016,7.693,1912.47991339951,3.39035821,1.87009855981462,150.0,5.017279836814924
Guinea,2016,10.527,711.996509782316,5.39694929,0.0,5750.0,8.657129031713755
"Gambia, The",2016,7.288,650.056501323611,3.19523716,0.0,140.0,4.948759890378168
Guinea-Bissau,2016,8.662,679.665386626818,8.32881451,3.49365287883821,500.0,6.2166061010848646
Equatorial Guinea,2016,9.14,7453.19797948517,2.97177482,0.0,140.0,4.948759890378168
Greece,2016,11.0,17919.2426377048,8.45097542,0.779545903374914,140.0,4.948759890378168
Grenada,2016,8.023,9221.23461079424,4.43910027,9.55441674628681,140.0,4.948759890378168
Guatemala,2016,5.174,4060.13784737643,6.07008219,0.0,131.065,4.883294225627765
Guyana,2016,7.705,5870.87823759835,4.01842117,18.5973900789472,140.0,4.948759890378168
Honduras,2016,4.442,2307.34468351082,7.709445,54.7151729955654,729.085,6.593160965720182
Heavily indebted poor countries (HIPC),2016,8.1973656802254,894.708764701024,4.89077142105485,0.0,140.0,4.948759890378168
Croatia,2016,12.3,12820.1653893008,6.69167471,1.06371572584033,140.0,4.948759890378168
Haiti,2016,8.15,1318.40268167953,4.80760574,9.63317380185292,140.0,4.948759890378168
Hungary,2016,13.0,13215.8605277789,6.96752644,2.05901168254688,140.0,4.948759890378168
Indonesia,2016,7.502,3521.46943457574,3.02147198,0.0,22610.0,10.026191792511579
India,2016,6.7,1707.50892912243,3.50430417,3.14894003612781,140.0,4.948759890378168
Ireland,2016,6.4,64129.5571542383,7.3382206,0.694224869533058,140.0,4.948759890378168
"Iran, Islamic Rep.",2016,4.625,5710.59947089104,7.80285025,0.0,140.0,4.948759890378168
Iraq,2016,5.2,4334.42096404188,4.57253027,0.0,1146.0,7.044905117129371
Iceland,2016,6.9,62854.0906407932,8.15569115,0.297997309084299,140.0,4.948759890378168
Israel,2016,5.2,37671.5389138798,7.09919167,1.33982857867757,140.0,4.948759890378168
Italy,2016,10.2,31391.5692898108,8.72043991,0.668010320924807,140.0,4.948759890378168
Jamaica,2016,6.911,5302.29553353854,6.5901823,48.1865109798695,140.0,4.948759890378168
Jordan,2016,3.172,3986.71677010853,6.97644138,1.4790583574967,0.967,0.6765095394069219
Japan,2016,10.5,39375.4731620781,10.65891552,0.284680826905949,240.5,5.486869473092628
Kazakhstan,2016,7.208,7475.56688689424,3.42235589,0.0,183.0,5.214935757608986
Kenya,2016,7.169,1554.12610314423,4.75429106,4.90863183219284,84.255,4.445646765470115
Kyrgyz Republic,2016,5.5,1103.27489428412,6.41248226,2.99621670022045,140.0,4.948759890378168
Cambodia,2016,6.033,1675.19555711109,4.49053288,0.0,4500.0,8.412054873292933
Kiribati,2016,7.019,1742.66799324117,9.04265118,0.0,140.0,4.948759890378168
St. Kitts and Nevis,2016,9.672,21387.5415511103,5.42923307,63.728770353376,140.0,4.948759890378168
"Korea, Rep.",2016,5.5,30832.0628072516,6.6356945,0.693986349015599,140.0,4.948759890378168
Kuwait,2016,1.826,27323.6890735517,4.73096323,0.0,140.0,4.948759890378168
Lao PDR,2016,7.201,2303.22156035363,2.36087489,0.0,140.0,4.948759890378168
Lebanon,2016,4.718,8089.012088155,7.92344952,3.7165552530385,1900.0,7.550135342488429
Liberia,2016,8.934,714.613063145659,9.88514519,0.0,337.5,5.82452409235233
Libya,2016,5.38,7525.80299308216,6.17178679,0.0,140.0,4.948759890378168
St. Lucia,2016,7.84,10638.1269396653,4.51095486,17.079808250686,140.0,4.948759890378168
Liechtenstein,2016,7.2,165375.491396259,5.85200214,0.0,140.0,4.948759890378168
Sri Lanka,2016,6.493,4149.19190775593,3.61788416,2.41890147871327,87.0,4.477336814478207
Low & middle income,2016,7.18065061287255,4274.9314240157,5.20357233819213,0.0,140.0,4.948759890378168
Lesotho,2016,13.259,992.491840678465,9.19744301,0.0,16.275,2.8492603696537335
Late-demographic dividend,2016,7.317503480086,8297.33610796797,5.47638513916175,0.0,140.0,4.948759890378168
Lithuania,2016,14.3,14934.2702840428,6.64928818,5.33266506558917,140.0,4.948759890378168
Luxembourg,2016,6.8,106899.293549552,5.07103872,0.856889217934349,140.0,4.948759890378168
Latvia,2016,14.6,13838.5266823272,6.35184479,3.52065424981236,140.0,4.948759890378168
Morocco,2016,5.672,3140.85546875,5.09203386,1.69600616957935,140.0,4.948759890378168
Monaco,2016,20.841,173604.753555915,4.1231184,0.0,140.0,4.948759890378168
Moldova,2016,13.246,2847.08794770479,7.62106228,6.17704523511996,140.0,4.948759890378168
Madagascar,2016,7.452,453.970714522463,5.33248854,0.0,3090.0,8.036249942132116
Maldives,2016,2.763,9947.80744731739,10.23337078,0.0,140.0,4.948759890378168
Mexico,2016,5.868,9097.92397674769,5.38499022,20.0889396309777,15.0,2.772588722239781
Marshall Islands,2016,6.563,4229.80988911945,14.62816238,0.0,140.0,4.948759890378168
North Macedonia,2016,9.853364793075,5598.48622617967,6.37943363,0.968765224591646,140.0,4.948759890378168
Mali,2016,10.268,872.468587171653,3.77377558,0.0,329.0,5.799092654460526
Malta,2016,7.4,26459.0770929988,8.69928074,1.09825180278033,140.0,4.948759890378168
Myanmar,2016,8.861,1229.19713491328,4.76220942,2.60021730748139,1175.0,7.069874128458572
Montenegro,2016,10.3,6968.01539365317,8.63302994,4.48539323682796,140.0,4.948759890378168
Mongolia,2016,5.8,3619.90026383792,4.58008575,6.05101532090771,1449.835,7.279894531738652
Mozambique,2016,8.984,441.489734819071,7.21501875,0.0,50.0,3.9318256327243257
Mauritania,2016,6.731,1565.76575722696,3.18699503,0.0,250.0,5.5254529391317835
Mauritius,2016,8.1,10095.1225574156,5.54289532,1.62563423926317,140.0,4.948759890378168
Malawi,2016,7.184,450.506105510719,7.72703791,0.0,500.0,6.2166061010848646
Malaysia,2016,4.915,9476.53409809923,3.70085335,1.4344275283881,140.0,4.948759890378168
Namibia,2016,8.898,4395.68776162376,9.32231045,0.0,12.065000000000001,2.5699368989725757
Niger,2016,10.156,502.706475406446,4.53239059,0.0,232.0,5.4510384535657
Nigeria,2016,13.408,2070.4127339595,3.64773679,32.4390092901434,6395.0,8.763428073953845
Nicaragua,2016,4.959,2131.68704828322,8.04877567,7.26815838263741,0.6943,0.5272696761819236
Netherlands,2016,8.7,46808.5291492503,9.89148426,0.546362553519554,140.0,4.948759890378168
Norway,2016,7.8,70867.3609970749,10.53049755,0.515662484007301,140.0,4.948759890378168
Nepal,2016,7.065,877.256454696737,5.42378998,2.20708210796159,43.0,3.784189633918261
Nauru,2016,7.628,8748.15632605428,10.95251656,0.0,140.0,4.948759890378168
New Zealand,2016,6.61,40113.7195382428,8.76869011,1.06049711862933,140.0,4.948759890378168
Oman,2016,2.017,17110.1897460545,4.17580843,0.364391855614282,140.0,4.948759890378168
Pakistan,2016,7.039,1424.69161195897,2.57026362,3.86846723526245,78.33,4.373616367313912
Panama,2016,4.739,14832.3611652459,7.09378099,10.0519063068018,1.13,0.7561219797213337
Peru,2016,6.036,6217.03599995447,4.89353323,7.88881315592262,2.6799999999999997,1.3029127521808395
Philippines,2016,5.662,2985.19564024046,3.95484328,10.4510468515231,71.23,4.2798554720627555
Palau,2016,9.774,17150.4759377239,10.01226997,0.0,140.0,4.948759890378168
Papua New Guinea,2016,6.744,2316.39479758492,2.33063054,0.0,140.0,4.948759890378168
Poland,2016,10.2,12464.0110508476,6.5470438,0.67950291225801,140.0,4.948759890378168
Portugal,2016,10.7,19980.2808866516,9.39989281,0.637904765071273,140.0,4.948759890378168
Paraguay,2016,5.396,5775.15963399596,6.67556572,10.7054970567084,5428.0,8.599510233905452
West Bank and Gaza,2016,3.262,3527.61382413178,9.0039854,0.410124550508889,140.0,4.948759890378168
Qatar,2016,0.92,61253.6217997091,3.54971433,0.461649967761444,140.0,4.948759890378168
Romania,2016,13.1,9404.54005870715,5.08012772,1.54724790736617,140.0,4.948759890378168
Russian Federation,2016,12.9,8663.158203125,5.28970337,10.8822499466091,17.0,2.8903717578961645
Rwanda,2016,6.336,729.519133812945,5.968925,3.28881602035978,450.0,6.111467339502679
Saudi Arabia,2016,2.178,22267.7217050387,6.24142838,0.0,140.0,4.948759890378168
Sudan,2016,6.948,1033.21594238281,5.68438482,0.0,19.0,2.995732273553991
Senegal,2016,6.459,1266.43957151587,4.25606871,0.0,225.0,5.420534999272286
Singapore,2016,4.8,57005.5887176547,4.37989521,0.32270038551043,140.0,4.948759890378168
Solomon Islands,2016,5.431,2082.62383124213,4.52952909,0.0,140.0,4.948759890378168
Sierra Leone,2016,10.769,844.416411175476,10.05438519,0.0,7000.0,8.853808274977197
El Salvador,2016,7.449,3901.34014965811,8.71456337,85.0858022421141,18.775,2.9844185136537176
San Marino,2016,7.6,44359.4797662688,8.4219532,0.0,140.0,4.948759890378168
"Somalia, Fed. Rep.",2016,12.054,460.928490585175,2.2842648,0.0,140.0,4.948759890378168
Serbia,2016,14.3,5982.37030126471,8.15184307,1.62782274638115,140.0,4.948759890378168
Small states,2016,7.74049381338859,10486.2161094903,6.27712293907752,0.0,140.0,4.948759890378168
Sao Tome and Principe,2016,6.53,1434.87018050521,7.60211611,0.0,140.0,4.948759890378168
Suriname,2016,7.069,5644.2061057532,5.99283743,6.97567191883721,140.0,4.948759890378168
Slovak Republic,2016,9.6,16636.0769133073,7.06081343,1.10553043442371,140.0,4.948759890378168
Slovenia,2016,9.5,21447.8377796036,8.5691185,0.485113562659451,140.0,4.948759890378168
Sweden,2016,9.2,51703.5088332851,10.95692444,1.06819519352472,140.0,4.948759890378168
Eswatini,2016,10.891,3238.17611961364,6.82044792,10.0912782213252,140.0,4.948759890378168
Seychelles,2016,7.9,16566.9946042294,4.71349716,10.926871909744,140.0,4.948759890378168
Syrian Arab Republic,2016,7.323,656.3490586313,3.89073515,0.0,450.0,6.111467339502679
Chad,2016,13.548,861.831767630746,3.70842481,0.0,240.0,5.484796933490655
East Asia & Pacific (IDA & IBRD countries),2016,6.98754273011111,6758.74365728701,4.67414820826657,0.0,140.0,4.948759890378168
Europe & Central Asia (IDA & IBRD countries),2016,10.0734565609028,7659.54924391363,5.33549310641421,0.0,140.0,4.948759890378168
Togo,2016,9.039,772.581357620609,6.58550072,0.0,265.5,5.585374243605899
Thailand,2016,6.918,5833.57715617098,3.93900609,0.0,11.6888,2.540719714607213
Tajikistan,2016,5.162,788.710481734485,6.96349716,0.0,6.7,2.0412203288596382
Turkmenistan,2016,6.095,5686.98040962764,5.58718491,0.0,140.0,4.948759890378168
Latin America & the Caribbean (IDA & IBRD countries),2016,6.16885347319242,8082.02330614142,7.79635168049479,0.0,140.0,4.948759890378168
Timor-Leste,2016,7.606,1335.54391073349,6.94250727,0.0,1.5,0.9162907318741551
"Middle East, North Africa, Afghanistan & Pakistan (IDA & IBRD)",2016,6.01257908145837,2858.61689096826,5.68439967689311,0.0,140.0,4.948759890378168
Tonga,2016,6.386,3987.98626206287,5.22591066,0.0,140.0,4.948759890378168
South Asia (IDA & IBRD),2016,6.58621785424306,1722.90703415144,3.42611411151728,0.0,140.0,4.948759890378168
Sub-Saharan Africa (IDA & IBRD countries),2016,9.45190483387414,1455.03525304571,4.9993387548547,0.0,140.0,4.948759890378168
Trinidad and Tobago,2016,7.312,17449.1538801956,6.47465849,32.2193196226095,140.0,4.948759890378168
Tunisia,2016,6.041,3847.80354448809,6.24778175,0.0,140.0,4.948759890378168
Turkiye,2016,5.3,10984.3643169061,4.28469229,3.31161155785991,140.0,4.948759890378168
Tuvalu,2016,9.335,3808.69755015909,18.32539177,0.0,140.0,4.948759890378168
Tanzania,2016,6.8,953.0107421875,3.96350336,6.38934150079073,140.0,4.948759890378168
Uganda,2016,6.073,752.696571725656,5.01553297,11.5517988640576,1867.0,7.532623618788788
Ukraine,2016,12.589,2158.46118164063,7.55205393,0.0,16.305,2.8509954770873076
Uruguay,2016,9.581,17009.7584207276,8.63852501,7.90108434244779,140.0,4.948759890378168
United States,2016,8.493,57638.1018367192,16.69203949,5.28982026159524,140.0,4.948759890378168
Uzbekistan,2016,5.963,2753.37951427589,4.71504498,2.41972336009243,140.0,4.948759890378168
St. Vincent and the Grenadines,2016,10.979,7656.90042881178,4.09760141,37.6121901108149,140.0,4.948759890378168
Viet Nam,2016,6.195,2735.0604380416,4.86994743,0.0,7150.0,8.875007486048396
Vanuatu,2016,5.621,2956.12644801489,2.98904061,0.0,140.0,4.948759890378168
Samoa,2016,6.087,4147.07097674888,5.63959885,0.0,140.0,4.948759890378168
"Yemen, Rep.",2016,5.647,975.359417003225,7.71249437,0.0,140.0,4.948759890378168
South Africa,2016,9.069,5651.20585165749,8.07959366,33.2101800798263,4.0544,1.6202591510656836
Zambia,2016,7.203,1239.08527877713,4.46923161,0.0,4.0952,1.628298920075019
Zimbabwe,2016,8.816,1408.13945253431,7.25845575,0.0,0.65,0.5007752879124893
Afghanistan,2017,7.315,525.469770891619,12.62081718,6.79202120758186,50.0,3.9318256327243257
Angola,2017,8.192,2790.71886869768,2.4379425,0.0,679.695,6.523114335047172
Albania,2017,7.373,5006.36012951959,6.50111914,2.00121280396654,140.0,4.948759890378168
Andorra,2017,5.436,40672.9717424447,7.07158232,0.0,140.0,4.948759890378168
United Arab Emirates,2017,0.97,43733.6192287435,4.00854969,0.0,140.0,4.948759890378168
Argentina,2017,7.682,14532.5009308511,10.26057911,5.23155985787317,17.785,2.9330586790259323
Armenia,2017,9.1,3869.05373867752,10.36270332,2.40140228170953,440.0,6.089044875446846
Antigua and Barbuda,2017,6.228,16965.7288273816,4.66318989,22.1072644470973,140.0,4.948759890378168
Australia,2017,6.5,54117.547718609,10.10880566,0.841048385412525,140.0,4.948759890378168
Austria,2017,9.5,47163.7425775142,10.57132816,0.795565065715095,140.0,4.948759890378168
Azerbaijan,2017,5.8,4147.1981423222,4.07396507,1.82574937607272,140.0,4.948759890378168
Burundi,2017,7.864,246.060725714184,6.95230389,0.0,1175.0,7.069874128458572
Belgium,2017,9.6,44035.3239358548,10.94042683,0.0,140.0,4.948759890378168
Benin,2017,9.62,1054.97408066814,3.67389345,1.1274974068,431.25,6.0690041245634
Burkina Faso,2017,9.077,709.091535894695,6.12075186,1.25044051977478,238.5,5.4785534168509695
Bangladesh,2017,5.512,1811.08221668646,2.36720181,2.18822635384583,66.77,4.216119619148022
Bulgaria,2017,16.1,8696.68930427924,7.49624491,1.45569963291636,140.0,4.948759890378168
Bahrain,2017,1.987,24784.7693514607,4.30236721,0.40485966551844,140.0,4.948759890378168
"Bahamas, The",2017,8.12,31875.4881749619,6.6036396,31.2431975620062,140.0,4.948759890378168
Bosnia and Herzegovina,2017,12.304,5345.01978766473,8.81797314,1.22496031638975,140.0,4.948759890378168
Belarus,2017,12.6,5785.54491935194,5.75974846,2.5274359757027,1.08,0.7323678937132266
Belize,2017,5.094,6071.85451846453,4.62228823,38.0491503919464,140.0,4.948759890378168
Bolivia,2017,7.591,4048.40119739839,6.4901948,6.58463782839173,9.33,2.3350522831315472
Brazil,2017,6.256,10080.5078722821,9.47125053,31.1611756216413,140.0,4.948759890378168
Barbados,2017,9.427,20284.5762052461,6.0020504,10.7077463406277,140.0,4.948759890378168
Brunei Darussalam,2017,4.509,28024.3824580252,2.27022862,0.0,140.0,4.948759890378168
Bhutan,2017,6.643,3435.28804735662,3.11215067,1.72337338408889,68.315,4.23866133299034
Botswana,2017,7.035,7104.96401088027,6.62986994,0.0,140.0,4.948759890378168
Central African Republic,2017,16.943,432.324025684263,6.66541576,0.0,472.2222,6.1595650456276125
Canada,2017,7.6,45129.628116623,10.9242115,1.80664809278477,140.0,4.948759890378168
Switzerland,2017,7.9,82254.3769269767,11.37471581,0.532315829369355,140.0,4.948759890378168
Chile,2017,6.037,14879.9086227187,9.090518,4.19745439747334,140.0,4.948759890378168
China,2017,7.06,8979.67652709856,4.9695034,0.565721900260259,3.4,1.4816045409242156
Cote d'Ivoire,2017,9.103,1964.29930338343,3.24693036,0.0,460.0,6.133398042996649
Cameroon,2017,8.65,1496.08951771242,3.79293942,4.16103693703584,2500.0,7.824445930877619
"Congo, Dem. Rep.",2017,9.867,431.052559128788,4.00057793,0.0,140.0,4.948759890378168
"Congo, Rep.",2017,6.881,2211.63309874797,2.36476016,0.0,140.0,4.948759890378168
Colombia,2017,5.315,6479.53231292429,7.67864323,25.5510587151196,2000.0,7.601402334583733
Comoros,2017,7.828,1423.9248027797,5.26807451,0.0,140.0,4.948759890378168
Cabo Verde,2017,5.115,3893.09571382506,4.48070955,7.40895274452956,140.0,4.948759890378168
Costa Rica,2017,4.964,12317.0902771304,7.04522991,12.2731177810203,140.0,4.948759890378168
Cuba,2017,9.91,8610.60829605429,11.47201538,4.58755196224978,140.0,4.948759890378168
Cyprus,2017,6.309,26247.44921875,6.62192535,0.558091105183829,140.0,4.948759890378168
Czechia,2017,10.5,20913.197632212,7.24190664,0.626106269301682,140.0,4.948759890378168
Germany,2017,11.3,45553.9341495339,11.05091095,0.97829217789703,140.0,4.948759890378168
Djibouti,2017,7.921,2618.95521147369,2.47976375,0.0,140.0,4.948759890378168
Dominica,2017,13.626,8224.64896571414,5.46245432,27.7386435803289,140.0,4.948759890378168
Denmark,2017,9.2,57521.5514992225,10.1137991,1.23153392928012,140.0,4.948759890378168
Dominican Republic,2017,5.8,7412.71571571512,4.44562674,11.3998115468654,51.595,3.9626210581912376
Algeria,2017,4.66,4554.66753957828,5.9484539,1.25691727270348,140.0,4.948759890378168
Ecuador,2017,5.066,6233.32244797718,7.52484131,5.78775543057783,0.825,0.6015799870344548
"Egypt, Arab Rep.",2017,5.628,2395.10333299491,5.34661913,1.31152527182627,140.0,4.948759890378168
Spain,2017,9.1,28381.3425596906,9.0217495,0.655022828665732,140.0,4.948759890378168
Estonia,2017,11.8,20851.5223496861,6.46636105,2.2012646645026,140.0,4.948759890378168
Ethiopia,2017,6.786,696.348429076216,3.45336914,0.0,670.0,6.508769136971682
Finland,2017,9.8,46085.0174739036,9.19148445,1.21632504271661,140.0,4.948759890378168
Fiji,2017,8.695,5826.84814459328,3.18689561,0.0,140.0,4.948759890378168
France,2017,9.1,38687.1626407164,11.44944572,1.08754298245582,140.0,4.948759890378168
"Micronesia, Fed. Sts.",2017,7.531,3279.10779039285,12.40742493,0.0,140.0,4.948759890378168
Gabon,2017,6.918,6921.73373135624,2.78068876,0.0,645.5,6.471573198211912
United Kingdom,2017,9.2,40916.8115070354,9.70468903,1.17550481262973,140.0,4.948759890378168
Georgia,2017,12.654,4418.75206546679,8.70140266,2.39924552955963,140.0,4.948759890378168
Ghana,2017,7.558,2012.28662641265,2.68786979,2.02943487003652,162.5,5.096812990337308
Guinea,2017,10.365,833.598621691121,3.91512728,0.0,7986.0,8.985570498917388
"Gambia, The",2017,7.123,642.522641296331,3.35449266,0.0,140.0,4.948759890378168
Guinea-Bissau,2017,8.36,783.123186602022,7.00049543,1.11876398954435,500.0,6.2166061010848646
Equatorial Guinea,2017,8.915,7809.10465655488,2.86121631,0.0,140.0,4.948759890378168
Greece,2017,11.6,18631.9930129293,8.11336899,0.799737128265793,140.0,4.948759890378168
Grenada,2017,8.166,9751.42661155932,4.65701056,10.3951904918658,140.0,4.948759890378168
Guatemala,2017,5.081,4324.99768915601,6.13563824,32.8054740415143,118.75,4.785406236291025
Guyana,2017,7.59,6178.6650437298,4.3191123,14.9646346644701,140.0,4.948759890378168
Honduras,2017,4.446,2413.0076562942,7.00668859,40.2998017393682,725.5,6.588238483010338
Heavily indebted poor countries (HIPC),2017,8.06522672793359,943.132832332498,4.69402683116841,0.0,140.0,4.948759890378168
Croatia,2017,13.0,13901.7878144679,6.62803125,1.12767209256717,140.0,4.948759890378168
Haiti,2017,7.977,1395.23945184461,3.8199389,0.0,160.0,5.081404364984463
Hungary,2017,13.6,14736.1668157258,6.73338366,1.63505483999481,140.0,4.948759890378168
Indonesia,2017,7.506,3798.88326174526,2.90417194,0.0,21774.1935,9.988526688018764
India,2017,6.673,1950.10468280866,2.93597651,3.07665739913599,140.0,4.948759890378168
Ireland,2017,6.3,72161.4047531385,6.91718578,0.789978006388635,140.0,4.948759890378168
"Iran, Islamic Rep.",2017,4.631,6000.93346404409,7.71801233,0.0,140.0,4.948759890378168
Iraq,2017,4.802,4759.2846435467,4.08944416,0.0,1750.0,7.467942332285852
Iceland,2017,6.5,72976.3729990975,8.3243084,0.873282362752761,140.0,4.948759890378168
Israel,2017,5.2,41138.470964272,7.17189407,1.62644474784814,140.0,4.948759890378168
Italy,2017,10.8,32844.115660604,8.69060516,0.622616360456986,140.0,4.948759890378168
Jamaica,2017,7.117,5605.43541173019,6.98476934,58.4921283339315,140.0,4.948759890378168
Jordan,2017,3.098,4065.61628749384,7.10953665,1.29956090475235,1.1,0.7419373447293773
Japan,2017,10.8,38834.0529341227,10.65627098,0.240822214259524,236.0,5.4680601411351315
Kazakhstan,2017,7.063,8943.08416791984,3.0524447,4.90565829350323,204.0,5.3230099791384085
Kenya,2017,7.126,1667.48447230835,3.98597503,5.01242276948533,100.27,4.617790217344194
Kyrgyz Republic,2017,5.4,1221.39046807082,6.18586349,3.26347187848511,140.0,4.948759890378168
Cambodia,2017,6.067,1826.35391688754,4.26933241,0.0,4200.0,8.343077871169383
Kiribati,2017,7.083,1853.05122713319,9.68424225,0.0,140.0,4.948759890378168
St. Kitts and Nevis,2017,9.785,22464.9899633959,5.2735939,48.8836462949384,140.0,4.948759890378168
"Korea, Rep.",2017,5.6,33296.9845439195,6.79827499,0.584621875068617,140.0,4.948759890378168
Kuwait,2017,1.861,29047.6536135703,4.65326786,1.10718395103166,140.0,4.948759890378168
Lao PDR,2017,6.945,2432.43059478511,2.52606821,0.0,140.0,4.948759890378168
Lebanon,2017,4.984,8608.21084982387,7.80357552,3.99342351327765,2781.0,7.930925372483388
Liberia,2017,8.765,699.269095727404,9.91087437,0.0,420.0,6.042632833682381
Libya,2017,5.094,9965.83236729757,4.67685318,0.0,3.5,1.5040773967762742
St. Lucia,2017,7.991,11333.1123822102,4.45561934,27.7869140647152,140.0,4.948759890378168
Liechtenstein,2017,6.6,170547.092298954,5.67968512,2.64197302545541,140.0,4.948759890378168
Sri Lanka,2017,6.608,4398.88828068715,3.33093429,2.20033736695316,95.0,4.564348191467836
Low & middle income,2017,7.14873041581499,4615.000484095,5.20208329970141,0.0,140.0,4.948759890378168
Lesotho,2017,12.664,1069.36673247542,10.52956581,0.0,15.879999999999999,2.826129489167811
Late-demographic dividend,2017,7.31377174903148,9138.44134545505,5.57494835034525,0.0,140.0,4.948759890378168
Lithuania,2017,14.1,16800.1510246099,6.44472837,3.53442753319048,140.0,4.948759890378168
Luxembourg,2017,7.1,110193.213797228,5.13535357,0.335291716366678,140.0,4.948759890378168
Latvia,2017,14.8,15132.4958333982,6.18721867,4.16968239374774,140.0,4.948759890378168
Morocco,2017,5.63,3296.52661132813,4.98920393,2.14690397826667,140.0,4.948759890378168
Monaco,2017,21.068,170663.375247872,4.16119528,0.0,140.0,4.948759890378168
Moldova,2017,13.253,3453.26727720294,7.1278038,4.41522186881311,140.0,4.948759890378168
Madagascar,2017,7.48,491.866848718929,4.80225945,0.0,2847.0,7.954372272531867
Maldives,2017,2.685,10509.628805812,9.14948273,0.0,140.0,4.948759890378168
Mexico,2017,5.997,9649.27816772402,5.3117938,25.9959360229634,16.625,2.8693183486983322
Marshall Islands,2017,6.639,4592.83457628576,12.02498436,0.0,140.0,4.948759890378168
North Macedonia,2017,9.8,5955.2973863451,6.43909454,1.59721486945216,140.0,4.948759890378168
Mali,2017,10.033,924.057531692284,3.67425752,0.0,350.0,5.860786223465865
Malta,2017,7.6,30317.2443175543,8.31366253,1.92347764758684,140.0,4.948759890378168
Myanmar,2017,8.855,1272.82241815234,4.6921258,2.68234254369858,1250.0,7.1316985104669115
Montenegro,2017,10.4,7674.2813940676,7.98255396,2.41891202175086,140.0,4.948759890378168
Mongolia,2017,5.5,3645.96708669551,4.33954191,6.15262900871161,1708.0,7.443663683115591
Mozambique,2017,8.633,470.93856305196,7.80532169,0.0,50.0,3.9318256327243257
Mauritania,2017,6.513,1615.00401327323,3.41947556,0.0,260.0,5.564520407322694
Mauritius,2017,8.0,10986.7034093005,5.59857273,2.55684129376169,140.0,4.948759890378168
Malawi,2017,6.816,495.769683367165,7.58438921,0.0,225.95835,5.424766520470644
Malaysia,2017,4.931,9862.54806612235,3.71472311,1.1713566700858,140.0,4.948759890378168
Namibia,2017,8.52,5143.96072323076,8.71348476,0.0,12.0,2.5649493574615367
Niger,2017,9.957,521.804130023434,5.57609606,0.0,272.0,5.60947179518496
Nigeria,2017,13.192,1876.34027111773,3.74762511,0.0,475.0,6.16541785423142
Nicaragua,2017,4.949,2182.61380995674,8.32754421,6.82368909372622,0.692,0.5259112611840315
Netherlands,2017,8.8,49513.6817346384,9.93712521,0.762328497745067,140.0,4.948759890378168
Norway,2017,7.7,76131.8384032764,10.22983646,0.530624369587454,140.0,4.948759890378168
Nepal,2017,7.07,1034.28374906846,4.72174025,2.24909570287775,43.0,3.784189633918261
Nauru,2017,7.608,9656.97976571484,11.4886446,0.0,140.0,4.948759890378168
New Zealand,2017,6.92,42950.3841711138,8.61795807,0.727234722175039,140.0,4.948759890378168
Oman,2017,1.993,17820.0661809335,3.95418668,0.374664193442209,140.0,4.948759890378168
Pakistan,2017,6.94,1519.23459514248,2.7863009,3.68829384464626,85.0,4.454347296253507
Panama,2017,4.782,15694.6297518495,7.16492653,9.22242063167726,1.25,0.8109302162163288
Peru,2017,6.102,6736.16693725487,4.80915499,7.9394377010568,2.86,1.3506671834767394
Philippines,2017,5.565,3038.12124959289,3.96042776,7.64708050157393,61.69,4.138201945285877
Palau,2017,10.047,16401.7847567871,10.90419006,0.0,140.0,4.948759890378168
Papua New Guinea,2017,6.692,2477.76530986323,2.22970986,0.0,140.0,4.948759890378168
Poland,2017,10.6,13913.3402919927,6.53713226,0.750229542138962,140.0,4.948759890378168
Portugal,2017,10.6,21442.3842768879,9.32668972,0.735661094098411,140.0,4.948759890378168
Paraguay,2017,5.501,6152.2671153779,6.60902548,8.53492626715061,140.0,4.948759890378168
West Bank and Gaza,2017,3.218,3620.36048715937,9.1223526,0.506036328137148,140.0,4.948759890378168
Qatar,2017,0.901,63279.8767486216,3.21237087,0.443342737741158,140.0,4.948759890378168
Romania,2017,13.4,10727.9822007426,5.18878555,1.29511300787888,140.0,4.948759890378168
Russian Federation,2017,12.4,10658.9130859375,5.35890055,9.09316032017364,15.8,2.8213788864092133
Rwanda,2017,6.234,758.300966509647,5.37623835,3.85180847120042,450.0,6.111467339502679
Saudi Arabia,2017,2.174,23929.2907135982,6.03126049,0.0,140.0,4.948759890378168
Sudan,2017,6.741,966.505676269531,5.91767406,0.0,24.155,3.225056683943282
Senegal,2017,6.283,1356.80518449031,4.16359377,0.0,250.0,5.5254529391317835
Singapore,2017,5.0,61236.251270627,4.35978413,0.196285615913482,140.0,4.948759890378168
Solomon Islands,2017,5.44,2143.57670489272,4.16556406,0.0,140.0,4.948759890378168
Sierra Leone,2017,10.329,779.186007841728,6.00532055,0.0,7793.0,8.961109485898655
El Salvador,2017,7.494,4020.12671373919,8.42286873,63.764040219627,13.255,2.6571077223646355
San Marino,2017,8.2,45192.0279766943,8.25972271,0.0,140.0,4.948759890378168
"Somalia, Fed. Rep.",2017,14.073,510.939952317726,2.44348097,0.0,140.0,4.948759890378168
Serbia,2017,14.8,6548.03653824187,7.89965153,1.21580435389435,140.0,4.948759890378168
Small states,2017,7.71728071619176,11304.5050810878,6.29114913767488,0.0,140.0,4.948759890378168
Sao Tome and Principe,2017,6.371,1555.79477812888,7.46631384,0.0,140.0,4.948759890378168
Suriname,2017,7.041,6049.52128553675,5.32285929,6.06353574875403,140.0,4.948759890378168
Slovak Republic,2017,9.9,17645.5298716761,6.73388767,1.47175143295698,140.0,4.948759890378168
Slovenia,2017,9.9,23303.077705959,8.2588892,0.921252321313415,140.0,4.948759890378168
Sweden,2017,9.1,53210.2233318965,10.94730949,1.12349926472939,140.0,4.948759890378168
Eswatini,2017,10.281,3853.09956569679,6.98103714,11.224366891744,140.0,4.948759890378168
Seychelles,2017,7.8,17480.3651911372,4.47661018,6.22629006506473,140.0,4.948759890378168
Syrian Arab Republic,2017,7.246,851.502005254153,3.91299295,0.0,485.0,6.186208623900494
Chad,2017,13.277,854.46120040098,3.51023412,0.0,220.0,5.3981627015177525
East Asia & Pacific (IDA & IBRD countries),2017,7.00024908786374,7323.51364847919,4.73872752864821,0.0,140.0,4.948759890378168
Europe & Central Asia (IDA & IBRD countries),2017,9.91076485929439,8575.46129195764,5.33246499354921,0.0,140.0,4.948759890378168
Togo,2017,8.814,792.765700965864,6.50210476,0.0,270.0,5.602118820879701
Thailand,2017,7.029,6413.09182530343,3.85276842,0.0,10.90305,2.476794669798612
Tajikistan,2017,4.953,829.45714764957,6.85399008,0.0,7.5,2.1400661634962708
Turkmenistan,2017,6.076,5828.4816623489,5.82361221,0.0,140.0,4.948759890378168
Latin America & the Caribbean (IDA & IBRD countries),2017,6.20187779040032,8918.30251254156,7.99518260121538,0.0,140.0,4.948759890378168
Timor-Leste,2017,7.559,1266.17771143471,6.80442286,0.0,1.5,0.9162907318741551
"Middle East, North Africa, Afghanistan & Pakistan (IDA & IBRD)",2017,5.93661837910958,2854.66192638041,5.64320608766798,0.0,140.0,4.948759890378168
Tonga,2017,6.363,4365.92932788383,5.62952805,0.0,140.0,4.948759890378168
South Asia (IDA & IBRD),2017,6.55826548351985,1956.06707554186,2.92047698852862,0.0,140.0,4.948759890378168
Sub-Saharan Africa (IDA & IBRD countries),2017,9.28088743559716,1546.91774199323,4.9771165926508,0.0,140.0,4.948759890378168
Trinidad and Tobago,2017,7.494,17566.0999700656,6.56562996,34.2498809038232,140.0,4.948759890378168
Tunisia,2017,6.068,3619.03247319953,6.18557453,0.0,140.0,4.948759890378168
Turkiye,2017,5.3,10756.3877677883,4.17974997,3.05836302689691,140.0,4.948759890378168
Tuvalu,2017,9.255,4165.66338700106,24.45763206,0.0,140.0,4.948759890378168
Tanzania,2017,6.581,986.674011230469,4.02325726,5.65469286500665,140.0,4.948759890378168
Uganda,2017,5.82,765.218332297361,3.99852037,11.7852360138494,2200.0,7.696667081526462
Ukraine,2017,12.265,2604.28759765625,7.44610357,6.05466477531939,19.525,3.021643655338492
Uruguay,2017,9.488,19184.6502617082,8.71702194,8.35193212210643,140.0,4.948759890378168
United States,2017,8.638,59635.0984397965,16.63827515,5.20582704229048,140.0,4.948759890378168
Uzbekistan,2017,5.962,2190.60411562888,4.30888557,1.85737044900045,140.0,4.948759890378168
St. Vincent and the Grenadines,2017,10.916,7988.04445019298,4.23171329,36.9097981317964,140.0,4.948759890378168
Viet Nam,2017,6.238,2956.10992127753,4.99014759,0.0,7542.5,8.92844154428013
Vanuatu,2017,5.619,3159.86055790126,2.88118052,0.0,140.0,4.948759890378168
Samoa,2017,6.1,4307.59381964907,5.16343021,3.40774385449907,140.0,4.948759890378168
"Yemen, Rep.",2017,5.644,811.165970405745,8.14723873,0.0,140.0,4.948759890378168
South Africa,2017,8.83,6618.33508255701,7.97711372,35.2840163787516,2.1151,1.1362612544528667
Zambia,2017,7.005,1483.46577328065,4.78156233,0.0,7.5,2.1400661634962708
Zimbabwe,2017,8.587,3445.44941020134,6.17448902,0.0,0.7,0.5306282510621704
Afghanistan,2018,7.271,491.337221382603,14.20841885,6.73324816708819,51.72,3.9649948901942516
Angola,2018,7.928,2860.0936483682,2.29887486,0.0,676.3,6.518114306220858
Albania,2018,7.375,5897.65452588774,6.59002447,2.28039848927055,140.0,4.948759890378168
Andorra,2018,5.48,42819.7577456133,7.37781096,0.0,140.0,4.948759890378168
United Arab Emirates,2018,0.957,47135.3591943971,4.09854221,0.0,140.0,4.948759890378168
Argentina,2018,7.583,11752.7998922979,10.17289257,5.33872203870925,23.990000000000002,3.2184757448468613
Armenia,2018,8.7,4196.00562301769,10.00543404,1.71823401969337,464.6,6.1433268964172285
Antigua and Barbuda,2018,6.312,18273.4270684912,4.6865654,13.1975452565823,140.0,4.948759890378168
Australia,2018,6.3,57410.1737346009,10.08907509,0.879787384450029,140.0,4.948759890378168
Austria,2018,9.5,51194.0749841299,10.5157156,0.972669073494819,140.0,4.948759890378168
Azerbaijan,2018,5.8,4739.7943123408,3.83661342,1.96219351122527,140.0,4.948759890378168
Burundi,2018,7.559,245.661678332009,7.29396152,0.0,1340.5,7.2015436698656785
Belgium,2018,9.7,47487.2100392561,10.9937973,0.0,140.0,4.948759890378168
Benin,2018,9.477,1151.7409703472,3.4364984,0.0,318.0,5.765191102784844
Burkina Faso,2018,8.778,777.465618514048,4.94427681,0.0,257.0,5.552959584921617
Bangladesh,2018,5.442,1965.24372731467,2.31622243,2.34217668208578,54.54,4.017103481878653
Bulgaria,2018,16.2,9849.38397225174,7.34086275,1.30965598682543,140.0,4.948759890378168
Bahrain,2018,2.035,26324.4066549559,3.94324946,0.333861836620704,140.0,4.948759890378168
"Bahamas, The",2018,8.276,32642.3353203452,5.83890343,23.1718729111893,140.0,4.948759890378168
Bosnia and Herzegovina,2018,11.98,6047.84707207392,8.76100445,1.15146147032772,140.0,4.948759890378168
Belarus,2018,12.7,6360.037502312,5.52699471,2.38395844908102,1.12,0.7514160886839212
Belize,2018,5.07,6011.99036888587,4.75529861,37.609161907442,140.0,4.948759890378168
Bolivia,2018,7.561,4206.8552936661,6.60399437,4.98767505522938,12.0,2.5649493574615367
Brazil,2018,6.337,9300.66072904004,9.46475029,27.1606152370358,140.0,4.948759890378168
Barbados,2018,9.459,21381.2426303209,5.83037996,9.9746892260888,140.0,4.948759890378168
Brunei Darussalam,2018,4.641,30988.1190267227,2.41600895,0.0,140.0,4.948759890378168
Bhutan,2018,6.48,3400.20417245342,3.06896734,1.18458616482332,70.0,4.2626798770413155
Botswana,2018,6.685,7407.95940141786,6.04010344,0.0,140.0,4.948759890378168
Central African Republic,2018,12.403,455.243962859534,10.99484062,0.0,500.0,6.2166061010848646
Canada,2018,7.7,46539.1761570405,10.92262077,1.77503663024043,140.0,4.948759890378168
Switzerland,2018,7.9,85217.3691512274,11.19891071,0.587106357663197,140.0,4.948759890378168
Chile,2018,6.196,15659.4808675628,9.15040398,4.36665251518391,140.0,4.948759890378168
China,2018,7.08,10085.6638148819,5.06933308,0.530299683323493,3.4,1.4816045409242156
Cote d'Ivoire,2018,8.776,2130.86619381144,3.0916779,0.0,457.5,6.127960291696519
Cameroon,2018,8.431,1610.69641591017,3.61970162,0.0,15000.0,9.61587214452889
"Congo, Dem. Rep.",2018,9.647,518.169626875371,3.24127173,0.0,140.0,4.948759890378168
"Congo, Rep.",2018,6.758,2694.43413191427,1.75584984,0.0,140.0,4.948759890378168
Colombia,2018,5.35,6816.96818309544,7.71777487,23.8207594532571,1900.0,7.550135342488429
Comoros,2018,7.733,1527.40527125285,4.90318584,0.0,140.0,4.948759890378168
Cabo Verde,2018,5.162,4294.96510035729,4.78548193,6.03800044798068,140.0,4.948759890378168
Costa Rica,2018,5.056,12590.2493781614,7.28587723,11.7995456872358,140.0,4.948759890378168
Cuba,2018,9.866,8911.46205998726,11.01842499,4.37333981763351,140.0,4.948759890378168
Cyprus,2018,6.382,29120.375,6.78446245,1.18041688389616,140.0,4.948759890378168
Czechia,2018,10.6,23705.9329811299,7.37173605,0.0,140.0,4.948759890378168
Germany,2018,11.5,48916.1686612154,11.18380833,0.945201062768242,140.0,4.948759890378168
Djibouti,2018,7.83,2718.08338799203,2.530864,0.0,130.0,4.875197323201151
Dominica,2018,12.517,9215.3085405645,6.18495989,19.0687133752356,140.0,4.948759890378168
Denmark,2018,9.5,61324.7665045565,10.14163208,1.00106587626187,140.0,4.948759890378168
Dominican Republic,2018,5.857,7882.98221584944,4.21765518,9.90534873528498,54.629999999999995,4.018722624087202
Algeria,2018,4.667,4577.21029180491,5.9323926,1.33631227453406,140.0,4.948759890378168
Ecuador,2018,4.648,6303.91886658338,7.83364677,5.8300670929869,0.72,0.5423242908253617
"Egypt, Arab Rep.",2018,5.533,2484.70315630508,4.74892998,0.0,140.0,4.948759890378168
Spain,2018,9.1,30602.4212881113,9.07122517,0.613681647994712,140.0,4.948759890378168
Estonia,2018,11.9,23618.1361254581,6.56314421,2.11805990251629,140.0,4.948759890378168
Ethiopia,2018,6.631,739.702022272086,3.30371761,0.0,780.0,6.660575149839686
Finland,2018,9.9,49654.2497035329,9.10587025,1.59543516989979,140.0,4.948759890378168
Fiji,2018,8.939,6085.41979485376,4.10572624,0.0,140.0,4.948759890378168
France,2018,9.1,41418.1766484844,11.30847645,1.06227847973755,140.0,4.948759890378168
"Micronesia, Fed. Sts.",2018,7.582,3566.58690371125,11.93961334,0.0,140.0,4.948759890378168
Gabon,2018,6.817,7624.2775233771,2.75235105,0.0,140.0,4.948759890378168
United Kingdom,2018,9.2,43702.9976303165,9.79496574,1.09059626628076,140.0,4.948759890378168
Georgia,2018,12.078,4804.0546040444,7.75524616,2.34526705345127,140.0,4.948759890378168
Ghana,2018,7.448,2195.32166016377,2.43001175,1.63198244300232,167.5,5.126935749792416
Guinea,2018,10.151,933.273615633705,3.73843002,0.0,8333.0,9.0280988119824
"Gambia, The",2018,6.964,696.219806960615,3.18501234,0.0,140.0,4.948759890378168
Guinea-Bissau,2018,8.1,808.531613218504,7.28164959,0.0,600.0,6.398594934535208
Equatorial Guinea,2018,8.686,8102.47084834031,2.92214823,0.0,140.0,4.948759890378168
Greece,2018,11.2,19873.4015238771,8.07267761,0.922574259889262,140.0,4.948759890378168
Grenada,2018,8.332,10083.021279225,4.58373737,10.3724576674071,140.0,4.948759890378168
Guatemala,2018,5.135,4352.94593289707,6.10662699,28.9035441420162,127.225,4.853786533275332
Guyana,2018,7.407,6048.38697180418,4.90492535,14.0230217590554,140.0,4.948759890378168
Honduras,2018,4.452,2464.64241531918,7.22820663,37.9817721287217,750.45,6.622004673380103
Heavily indebted poor countries (HIPC),2018,7.82746016664154,985.478210719267,4.48978908027621,0.0,140.0,4.948759890378168
Croatia,2018,12.9,15460.3669595491,6.7136178,0.596292847367914,140.0,4.948759890378168
Haiti,2018,7.927,1496.38048970156,4.31650305,6.77773609475147,196.5,5.285738584341177
Hungary,2018,13.5,16605.0570511887,6.55460501,0.879849987623273,140.0,4.948759890378168
Indonesia,2018,7.562,3860.95353090726,2.86757827,0.0,14466.0,9.57962547262959
India,2018,6.67,1966.25455171679,2.8584938,3.0299149142336,140.0,4.948759890378168
Ireland,2018,6.4,80804.1123164826,6.74710846,0.779878238431558,140.0,4.948759890378168
"Iran, Islamic Rep.",2018,4.645,4783.01067340237,6.63571692,0.0,140.0,4.948759890378168
Iraq,2018,4.361,5646.68932074742,4.07600641,0.0,1500.0,7.313886831633462
Iceland,2018,6.4,75633.8651351915,8.43817616,0.850210001870462,140.0,4.948759890378168
Israel,2018,5.0,42362.6652754196,7.23550367,1.45709789694358,140.0,4.948759890378168
Italy,2018,10.5,34904.1081923834,8.65467453,0.595578796289962,140.0,4.948759890378168
Jamaica,2018,7.366,5976.90362644337,6.83884478,45.7076395408315,140.0,4.948759890378168
Jordan,2018,3.051,4145.43989673265,6.98295021,0.898463493612211,1.17,0.7747271675523681
Japan,2018,11.0,39751.1330982711,10.73988247,0.26317151259777,251.0,5.529429087511423
Kazakhstan,2018,6.97,9472.48527327758,2.90062451,0.0,208.5,5.344723739362192
Kenya,2018,7.186,1836.45275528993,4.09903383,3.12505555114881,100.0,4.61512051684126
Kyrgyz Republic,2018,5.2,1283.5203037417,5.01030922,2.91877015081634,140.0,4.948759890378168
Cambodia,2018,6.126,2036.67377566578,4.49707794,0.0,12111.33,9.401979221012809
Kiribati,2018,7.137,1912.73809378187,10.89694214,0.0,140.0,4.948759890378168
St. Kitts and Nevis,2018,9.916,22901.3816403197,4.89670897,48.9273216545944,140.0,4.948759890378168
"Korea, Rep.",2018,5.8,35363.9508228687,7.14222002,0.59836299503258,140.0,4.948759890378168
Kuwait,2018,1.903,32067.9623756889,5.17201853,0.855810403300653,140.0,4.948759890378168
Lao PDR,2018,6.766,2545.1075420815,2.24630046,0.0,140.0,4.948759890378168
Lebanon,2018,5.195,9174.53666204759,8.07031727,2.87427415177788,2576.0,7.854381210652365
Liberia,2018,8.64,692.203127129794,10.43527889,0.0,500.0,6.2166061010848646
Libya,2018,5.007,11196.5854810844,4.86648417,0.0,3.5,1.5040773967762742
St. Lucia,2018,8.058,11642.6984727769,4.27262402,20.9019472706011,140.0,4.948759890378168
Liechtenstein,2018,7.2,174988.775083446,5.54688025,2.62271004629083,140.0,4.948759890378168
Sri Lanka,2018,6.677,4358.56095906047,3.6418879,2.3097886777035,92.0,4.532599493153256
Low & middle income,2018,7.10096967635639,4853.74507668345,5.12809632415452,0.0,140.0,4.948759890378168
Lesotho,2018,12.197,1170.65569702819,11.12637329,0.0,15.585,2.8084986723990157
Late-demographic dividend,2018,7.35085622972651,9966.81160876464,5.56036280341606,0.0,140.0,4.948759890378168
Lithuania,2018,14.0,19247.2315367967,6.46896172,3.28280899974951,140.0,4.948759890378168
Luxembourg,2018,7.1,116926.759593905,5.27355194,0.493339099919257,140.0,4.948759890378168
Latvia,2018,15.0,17252.1710428626,6.40854263,4.35777769938389,140.0,4.948759890378168
Morocco,2018,5.616,3501.69799804688,4.94516659,1.42300060045045,140.0,4.948759890378168
Monaco,2018,21.274,188298.315668437,4.04786777,0.0,140.0,4.948759890378168
Moldova,2018,13.63,4156.44981956646,6.70760345,5.26353672252251,140.0,4.948759890378168
Madagascar,2018,7.491,500.45718552916,4.22160387,0.0,2400.0,7.783640596221253
Maldives,2018,2.642,11423.2838427029,7.2940383,0.0,140.0,4.948759890378168
Mexico,2018,6.071,10084.7937562021,5.23821402,29.4484283285099,17.0,2.8903717578961645
Marshall Islands,2018,6.714,4858.12079054875,14.46723938,0.0,140.0,4.948759890378168
North Macedonia,2018,9.5,6713.98925398989,6.45699358,1.30226748209447,140.0,4.948759890378168
Mali,2018,9.774,996.379292136901,3.73251104,0.0,355.0,5.87493073085203
Malta,2018,7.6,33382.2677499267,8.11269569,1.65099085247881,140.0,4.948759890378168
Myanmar,2018,8.827,1298.21310327675,4.53514671,2.77776467862348,1207.25,7.096928310725193
Montenegro,2018,10.4,8673.59128084795,8.34355545,2.2734838704439,140.0,4.948759890378168
Mongolia,2018,5.6,4107.64288528468,4.53449297,6.18744290031966,1980.0,7.591357046698551
Mozambique,2018,8.324,517.507260258101,7.97903347,0.0,50.0,3.9318256327243257
Mauritania,2018,6.286,1722.93528854073,2.88362551,1.22184990380814,253.3333,5.53864561155474
Mauritius,2018,8.5,11818.7480619272,5.60310221,2.87081302588736,140.0,4.948759890378168
Malawi,2018,6.546,533.202567189331,6.88249922,0.0,139.275,4.943604781637036
Malaysia,2018,4.946,10901.8019954421,3.75944281,0.981435762735261,140.0,4.948759890378168
Namibia,2018,8.127,5308.60813408705,8.62148285,18.4687504668112,10.879999999999999,2.474856313934499
Niger,2018,9.769,578.568035680892,5.30310822,0.0,248.0,5.517452896464707
Nigeria,2018,12.952,2057.87944554011,3.09069347,0.0,400.0,5.993961427306569
Nicaragua,2018,4.832,2035.16549390507,8.4993515,10.65611679854,0.67825,0.5177515838367238
Netherlands,2018,8.9,53955.0770024266,9.85083961,0.574010651743461,140.0,4.948759890378168
Norway,2018,7.7,82792.8427113304,9.96037865,0.470654459145075,140.0,4.948759890378168
Nepal,2018,7.07,1179.19843190389,4.52845383,2.34689208986609,45.0,3.828641396489095
Nauru,2018,7.578,11413.7463016389,11.09015656,0.0,140.0,4.948759890378168
New Zealand,2018,6.78,43257.0769238879,8.56966972,1.12225498980074,140.0,4.948759890378168
Oman,2018,1.992,19901.7615642016,3.21469474,0.282739155186279,140.0,4.948759890378168
Pakistan,2018,6.852,1569.33814626355,2.82844949,3.63153404981254,98.495,4.600107391645629
Panama,2018,4.722,16151.3273433486,7.60132933,9.62124332136356,1.08,0.7323678937132266
Peru,2018,6.173,6978.49121548627,5.0835557,7.68710269227761,2.66,1.297463147413275
Philippines,2018,5.753,3168.51036609727,3.9538188,5.16236715828629,65.17,4.192227188023968
Palau,2018,10.341,16166.9671073752,11.19109821,11.2268096213758,140.0,4.948759890378168
Papua New Guinea,2018,6.661,2566.36833735041,2.30051899,0.0,140.0,4.948759890378168
Poland,2018,10.9,15658.2120316794,6.25094128,0.713892149018161,140.0,4.948759890378168
Portugal,2018,10.9,23541.1401075289,9.42121029,0.784476811591817,140.0,4.948759890378168
Paraguay,2018,5.514,6258.44991640984,6.74497652,7.73254240471022,2655.865,7.884902135285694
West Bank and Gaza,2018,3.217,3562.33094270256,9.65617657,0.350472648444494,140.0,4.948759890378168
Qatar,2018,0.877,71039.9308240078,2.96176219,0.362168986600472,140.0,4.948759890378168
Romania,2018,13.6,12416.134317959,5.51454878,1.27564870308368,140.0,4.948759890378168
Russian Federation,2018,12.5,11211.8876953125,5.35520792,8.17044875503453,15.675,2.8139105918016876
Rwanda,2018,6.206,771.773511207309,5.45722818,2.28219163427022,400.0,5.993961427306569
Saudi Arabia,2018,2.228,29360.0658968566,5.34063101,0.737688493612268,140.0,4.948759890378168
Sudan,2018,6.646,731.027465820313,4.46172857,0.0,62.5,4.151039905898646
Senegal,2018,6.119,1452.55612562445,4.43182087,0.0,250.0,5.5254529391317835
Singapore,2018,5.0,66881.6067035265,4.07275724,0.159733932962686,140.0,4.948759890378168
Solomon Islands,2018,5.47,2278.19908624102,3.86440825,0.0,140.0,4.948759890378168
Sierra Leone,2018,9.676,845.914540460932,5.29927444,0.0,7550.0,8.929435283803425
El Salvador,2018,7.437,4183.54620971358,8.322752,53.7958771232068,17.46,2.9156062290747062
San Marino,2018,7.1,47950.6880557136,8.2778492,0.0,140.0,4.948759890378168
"Somalia, Fed. Rep.",2018,12.391,509.497273804534,2.50873256,0.0,140.0,4.948759890378168
Serbia,2018,14.6,7559.86165747394,8.18469906,1.49572244747486,140.0,4.948759890378168
Small states,2018,7.73335753401086,12057.788581183,6.3287002516318,0.0,140.0,4.948759890378168
Sao Tome and Principe,2018,6.219,1825.59971753966,5.91960287,0.0,140.0,4.948759890378168
Suriname,2018,7.061,6665.74180472239,6.60567093,6.33848335105607,140.0,4.948759890378168
Slovak Republic,2018,10.0,19573.3717031314,6.63677502,1.23088635575335,140.0,4.948759890378168
Slovenia,2018,9.9,25888.0481065655,8.35228634,0.434891751818874,140.0,4.948759890378168
Sweden,2018,9.1,54018.4554391861,11.09132671,1.06138286689242,140.0,4.948759890378168
Eswatini,2018,9.822,3972.65450620357,7.31937742,0.0,140.0,4.948759890378168
Seychelles,2018,8.4,18440.2340460932,4.41706038,7.82336578581363,140.0,4.948759890378168
Syrian Arab Republic,2018,6.544,1098.0668642357,3.93852568,0.0,345.936,5.8491403248957266
Chad,2018,12.857,948.656629871231,3.2893219,0.0,220.0,5.3981627015177525
East Asia & Pacific (IDA & IBRD countries),2018,7.03547908734764,8136.37041895137,4.83535460653651,0.0,140.0,4.948759890378168
Europe & Central Asia (IDA & IBRD countries),2018,9.99975018585787,8911.87742979014,5.34312927891352,0.0,140.0,4.948759890378168
Togo,2018,8.598,851.120561233595,6.16073656,0.0,227.0,5.429345628954441
Thailand,2018,7.167,7099.77650081458,3.87040329,0.0,12.75355,2.621296972607572
Tajikistan,2018,4.898,834.288404578801,7.01381588,0.0,8.0,2.1972245773362196
Turkmenistan,2018,6.039,6125.05169712085,5.55298042,0.0,140.0,4.948759890378168
Latin America & the Caribbean (IDA & IBRD countries),2018,6.2294166981041,8620.46890240755,7.75973306272192,0.0,140.0,4.948759890378168
Timor-Leste,2018,7.513,1219.46599728983,6.40227413,0.0,1.625,0.965080896043587
"Middle East, North Africa, Afghanistan & Pakistan (IDA & IBRD)",2018,5.86839891657559,2804.12633142444,5.16531263326728,0.0,140.0,4.948759890378168
Tonga,2018,6.401,4675.04791274385,6.12240648,9.47270204089365,140.0,4.948759890378168
South Asia (IDA & IBRD),2018,6.54951355817355,1988.3663331799,2.85201740632584,0.0,140.0,4.948759890378168
Sub-Saharan Africa (IDA & IBRD countries),2018,8.92210538696951,1620.54140805919,4.67113624517035,0.0,140.0,4.948759890378168
Trinidad and Tobago,2018,7.742,17571.498737278,6.65089417,35.1576671765775,140.0,4.948759890378168
Tunisia,2018,6.087,3628.10366464236,5.9375186,0.0,140.0,4.948759890378168
Turkiye,2018,5.2,9684.11819884721,4.12101603,2.55994219861376,140.0,4.948759890378168
Tuvalu,2018,9.18,4466.12034928245,18.42199898,0.0,140.0,4.948759890378168
Tanzania,2018,6.382,1023.10626220703,4.32775831,4.75998593558216,140.0,4.948759890378168
Uganda,2018,5.613,792.16570022814,4.02153397,10.8189825436186,1800.0,7.496097345175956
Ukraine,2018,13.157,3059.0517578125,7.52051353,4.42833090390794,140.0,4.948759890378168
Uruguay,2018,9.53,19249.9404677501,8.9001112,12.4022914485464,140.0,4.948759890378168
United States,2018,8.678,62499.8744390068,16.51312637,4.88693701574911,140.0,4.948759890378168
Uzbekistan,2018,5.933,1813.08530813664,4.55261564,1.46416093130273,140.0,4.948759890378168
St. Vincent and the Grenadines,2018,11.1,8428.12677153069,4.25346231,32.4037893372472,140.0,4.948759890378168
"Venezuela, RB",2018,6.685,3422.65467014854,2.41691327,0.0,140.0,4.948759890378168
Viet Nam,2018,6.263,3222.31003125366,5.02678823,0.0,8466.66505,9.044010076677923
Vanuatu,2018,5.56,3206.65748718811,3.44049001,0.0,140.0,4.948759890378168
Samoa,2018,6.147,4231.81409469194,4.77525806,6.26258538794308,140.0,4.948759890378168
"Yemen, Rep.",2018,6.114,633.887202451545,9.08948231,0.0,140.0,4.948759890378168
South Africa,2018,8.789,6914.1780318076,8.0819664,35.8657632618552,2.3826,1.2186446445578045
Zambia,2018,6.775,1463.89997855593,4.76996708,0.0,6.74,2.046401687601636
Zimbabwe,2018,8.321,2270.89531874302,4.67327976,4.88212007993374,1.15,0.7654678421395714
Afghanistan,2019,7.064,496.6025042585,14.83131981,7.16396695794585,52.0,3.970291913552122
Angola,2019,7.701,2493.67884440177,2.20394278,0.0,890.97,6.793432499727436
Albania,2019,7.473,6069.43903131027,6.78144073,2.25302550996799,140.0,4.948759890378168
Andorra,2019,5.56,41257.816459345,7.32238626,0.0,140.0,4.948759890378168
United Arab Emirates,2019,0.958,45938.6073581994,4.40291262,0.68245938100401,140.0,4.948759890378168
Argentina,2019,7.676,9955.97478680428,10.11911297,5.13191495105041,39.035,3.689754071524597
Armenia,2019,8.8,4597.22887399548,11.3798008,2.51379877522903,467.6,6.149749526073696
Antigua and Barbuda,2019,6.448,18896.3721832248,4.27709961,3.28358699042834,140.0,4.948759890378168
Australia,2019,6.7,55194.7585097428,10.25421429,0.882951478402183,140.0,4.948759890378168
Austria,2019,9.4,49885.9947355204,10.62530422,0.86703158562286,140.0,4.948759890378168
Azerbaijan,2019,5.6,4805.75371765917,4.18188763,1.66164299896889,140.0,4.948759890378168
Burundi,2019,7.394,234.31061590725,9.05940628,0.0,1366.6667,7.2208614281464865
Belgium,2019,9.5,46716.6227467964,10.85831451,0.0,140.0,4.948759890378168
Benin,2019,9.335,1130.82135339795,3.00206876,0.0,381.7734,5.947443169181116
Burkina Faso,2019,8.564,764.853077774946,5.35001135,0.0,216.0,5.37989735354046
Bangladesh,2019,5.372,2129.79896954606,2.12712646,0.0,55.599999999999994,4.036008985209137
Bulgaria,2019,16.3,10353.7204584127,7.11813641,1.18988414972527,140.0,4.948759890378168
Bahrain,2019,2.104,27259.7438599327,3.78430986,0.269238704006036,140.0,4.948759890378168
"Bahamas, The",2019,9.321,33640.3369861278,5.70484161,24.0704681959437,140.0,4.948759890378168
Bosnia and Herzegovina,2019,13.102,6122.37541352353,8.92544365,1.25540534198886,140.0,4.948759890378168
Belarus,2019,12.8,6837.77339645635,5.86133814,2.38463165310244,1.2650000000000001,0.8175747589349974
Belize,2019,5.04,6171.61449761423,4.81608105,34.7304566666278,140.0,4.948759890378168
Bolivia,2019,7.555,4203.15492855788,6.88792992,4.25827764835632,13.91,2.702032128776647
Brazil,2019,6.452,9029.83304401079,9.61449146,21.2445602088385,140.0,4.948759890378168
Barbados,2019,9.517,21912.1501242857,5.67476797,17.0692460193985,140.0,4.948759890378168
Brunei Darussalam,2019,4.779,30426.5730656528,2.23100758,0.0,140.0,4.948759890378168
Bhutan,2019,6.35,3576.87987100503,3.37511158,1.04599228057697,78.025,4.369764258101681
Botswana,2019,6.408,7172.08956480028,6.12193203,0.0,140.0,4.948759890378168
Central African Republic,2019,30.25,449.228467602439,7.76081514,0.0,500.0,6.2166061010848646
Canada,2019,7.6,46352.8693445211,11.04823494,1.82357460879594,140.0,4.948759890378168
Switzerland,2019,7.9,84121.9310304414,11.42588997,0.53628529631628,140.0,4.948759890378168
Chile,2019,6.46,14495.716721687,9.30968475,4.81306553520039,140.0,4.948759890378168
China,2019,7.09,10342.9009524335,5.26516867,0.518362801144556,3.4,1.4816045409242156
Cote d'Ivoire,2019,8.492,2141.76836170115,3.18916845,0.0,397.5,5.98770749823027
Cameroon,2019,8.163,1555.22660476477,3.65157914,0.0,11000.0,9.305741456739435
"Congo, Dem. Rep.",2019,9.46,504.00419142286,3.508039,0.0,140.0,4.948759890378168
"Congo, Rep.",2019,7.344,2488.42466724916,2.34771276,0.0,140.0,4.948759890378168
Colombia,2019,5.38,6472.54544924705,7.83404827,23.3990612924966,2010.5,7.606635991389843
Comoros,2019,7.644,1510.23218151592,5.18044472,0.0,140.0,4.948759890378168
Cabo Verde,2019,5.004,4380.78117331128,4.82431316,6.41893469025722,140.0,4.948759890378168
Costa Rica,2019,5.124,12884.6859951989,7.2212491,11.2610056078008,140.0,4.948759890378168
Cuba,2019,10.047,9232.26115935183,11.08501148,4.46315139638841,140.0,4.948759890378168
Cyprus,2019,6.6,29227.173828125,6.99843168,1.16579872951254,140.0,4.948759890378168
Czechia,2019,10.5,24062.7190013343,7.48754358,0.862160849844266,140.0,4.948759890378168
Germany,2019,11.3,47656.199739747,11.42805386,0.745579302641966,140.0,4.948759890378168
Djibouti,2019,7.797,2837.16902340932,2.41347837,0.0,120.0,4.795790545596741
Dominica,2019,12.611,9491.14995962374,5.16903925,19.151302656875,140.0,4.948759890378168
Denmark,2019,9.3,59404.2663247723,10.18468761,0.859901642730301,140.0,4.948759890378168
Dominican Republic,2019,6.132,8183.01623600375,4.36808872,9.41799066618377,52.03,3.970857791149039
Algeria,2019,4.681,4468.45341883656,5.41732121,1.19876531330297,140.0,4.948759890378168
Ecuador,2019,4.753,6205.05765246766,7.80878448,6.84543557226847,0.755,0.5624688569178292
"Egypt, Arab Rep.",2019,5.477,2962.98892023003,4.5994668,0.0,140.0,4.948759890378168
Spain,2019,8.8,29786.5245689007,9.21539497,0.69779523479218,140.0,4.948759890378168
Estonia,2019,11.6,24021.2501413306,6.64763546,1.95957029638124,140.0,4.948759890378168
Ethiopia,2019,6.481,793.473247210264,3.24287128,0.0,900.0,6.803505257608338
Finland,2019,9.8,48358.1807773701,9.22295189,1.46692385524251,140.0,4.948759890378168
Fiji,2019,9.092,5842.07344577597,4.28229284,0.0,140.0,4.948759890378168
France,2019,9.1,40408.2848574751,11.17058277,1.14560504750237,140.0,4.948759890378168
"Micronesia, Fed. Sts.",2019,7.6,3572.65918282222,11.87363148,0.906766290056401,140.0,4.948759890378168
Gabon,2019,6.693,7441.1786472281,2.76837039,0.0,140.0,4.948759890378168
United Kingdom,2019,9.019,43158.7411267323,9.97954082,1.15033375026475,140.0,4.948759890378168
Georgia,2019,12.081,4741.2832715876,7.31291389,2.02806499553233,140.0,4.948759890378168
Ghana,2019,7.34,2186.65822682613,3.25450468,1.82667713193775,8.490549999999999,2.2502965666853543
Guinea,2019,9.945,1031.34146480732,4.08876228,0.0,8167.0,9.007979359844501
"Gambia, The",2019,6.807,738.186751987483,3.14534926,0.0,140.0,4.948759890378168
Guinea-Bissau,2019,7.863,811.216425885129,7.14602089,0.0,600.0,6.398594934535208
Equatorial Guinea,2019,8.496,6804.14923073888,3.27948833,0.0,140.0,4.948759890378168
Greece,2019,11.7,19335.3602002969,8.11709499,0.727708640014711,140.0,4.948759890378168
Grenada,2019,8.481,10462.7929159533,4.93189621,13.7953035613438,140.0,4.948759890378168
Guatemala,2019,5.117,4511.99839552697,6.17443275,25.9415998284592,134.47,4.908750213592645
Guyana,2019,7.503,6405.82443444562,4.90331507,16.8386645453251,140.0,4.948759890378168
Honduras,2019,4.486,2502.32744328073,7.34316635,41.0111655865032,748.05,6.618805736963391
Heavily indebted poor countries (HIPC),2019,7.74352191306767,983.900062178744,4.61341676982188,0.0,140.0,4.948759890378168
Croatia,2019,12.7,15563.5987295029,6.78699923,0.827828171469303,140.0,4.948759890378168
Haiti,2019,7.876,1352.17204191532,3.91107917,0.0,245.0,5.5053315359323625
Hungary,2019,13.4,17012.8598553199,6.24677849,0.66527835015882,140.0,4.948759890378168
Indonesia,2019,7.558,4106.94856160358,2.87862897,0.0,14059.0,9.551089165364656
India,2019,6.67,2041.42863698585,2.95299792,2.94997162020176,140.0,4.948759890378168
Ireland,2019,6.2,81827.6688873996,6.61860561,0.648627918850972,140.0,4.948759890378168
"Iran, Islamic Rep.",2019,4.659,3997.4935449585,6.23426771,0.0,140.0,4.948759890378168
Iraq,2019,4.36,5671.8568632942,4.207232,0.0,1500.0,7.313886831633462
Iceland,2019,6.3,69296.3144361601,8.63996315,0.277239086829896,140.0,4.948759890378168
Israel,2019,5.1,44250.6313628073,7.20701885,1.6402012873501,140.0,4.948759890378168
Italy,2019,10.6,33812.788724868,8.61536789,0.527189893600108,140.0,4.948759890378168
Jamaica,2019,7.531,6030.68896415921,6.96945572,47.462677157099,140.0,4.948759890378168
Jordan,2019,3.033,4170.1144003465,7.07244635,1.14319003336944,1.063,0.7241612340891147
Japan,2019,11.2,40415.9567649547,10.96998405,0.251776994076062,233.0,5.455321115357702
Kazakhstan,2019,6.911,9457.12614657136,2.87143755,0.0,247.0,5.5134287461649825
Kenya,2019,7.294,1960.40808854893,4.36874676,3.07795502113628,104.235,4.656195944591135
Kyrgyz Republic,2019,5.2,1421.99927504102,4.25461817,2.19768195988342,140.0,4.948759890378168
Cambodia,2019,6.189,2225.87705485686,5.05801058,0.0,5000.0,8.517393171418904
Kiribati,2019,7.171,1750.9977188915,10.16600227,0.0,140.0,4.948759890378168
St. Kitts and Nevis,2019,9.985,23595.4923231291,5.19201469,25.55828887256,140.0,4.948759890378168
"Korea, Rep.",2019,5.7,33826.9443301597,7.69397116,0.573715197653771,140.0,4.948759890378168
Kuwait,2019,1.64463780206516,31707.8737443551,5.18200397,0.360182418888326,140.0,4.948759890378168
Lao PDR,2019,6.599,2589.32081035237,2.60312223,0.0,140.0,4.948759890378168
Lebanon,2019,5.458,8905.88005497437,8.68533897,3.14085853124481,2387.0,7.778211474512493
Liberia,2019,8.513,658.164180770507,8.38325977,0.0,760.0,6.634633357861686
Libya,2019,5.165,9963.19489084483,5.54773426,0.0,3.0833,1.4069054850240004
St. Lucia,2019,8.425,11794.0597229805,4.290905,25.8919349436991,140.0,4.948759890378168
Liechtenstein,2019,6.8,166907.839305016,5.78483772,2.60145681581686,140.0,4.948759890378168
Sri Lanka,2019,6.7,4081.94772722003,3.70119572,3.31094038448808,93.505,4.548652743152919
Low & middle income,2019,7.08523584773053,4943.24879858439,5.18718393271332,0.0,140.0,4.948759890378168
Lesotho,2019,11.83,1082.05706777516,21.92373085,0.0,15.684999999999999,2.814510112203337
Late-demographic dividend,2019,7.36261840994988,10120.3125161359,5.71657356222011,0.0,140.0,4.948759890378168
Lithuania,2019,13.6,19608.7943945553,6.94472647,3.36307869103253,140.0,4.948759890378168
Luxembourg,2019,6.9,112696.649059674,5.46640301,0.644991719918795,140.0,4.948759890378168
Latvia,2019,14.5,17294.9751600969,6.86276913,3.39556267869149,140.0,4.948759890378168
Morocco,2019,5.629,3508.09765625,5.020401,2.77264595868349,140.0,4.948759890378168
Monaco,2019,22.362,193746.785647412,3.87993813,0.0,140.0,4.948759890378168
Moldova,2019,13.919,4405.33418162155,6.49662447,3.88747276359475,140.0,4.948759890378168
Madagascar,2019,7.518,499.818837622534,3.10129309,0.0,2500.0,7.824445930877619
Maldives,2019,2.579,11740.2724029785,7.50238085,0.615093155858455,140.0,4.948759890378168
Mexico,2019,6.083,10369.5553585271,5.3013463,29.150867187807,17.560000000000002,2.9210087273580547
Marshall Islands,2019,6.787,5292.33985502306,14.98994541,0.0,140.0,4.948759890378168
North Macedonia,2019,9.8,6718.85826635458,7.06654119,1.21203114814657,140.0,4.948759890378168
Mali,2019,9.475,971.949318638092,3.82943797,0.0,333.0,5.811140992976701
Malta,2019,7.3,32421.9179752262,8.89282227,0.992032983112623,140.0,4.948759890378168
Myanmar,2019,8.847,1425.98954241668,3.814466,2.8855992129134,1277.0,7.15305163493748
Montenegro,2019,10.5,8749.02375172644,8.32983208,3.76021900823406,140.0,4.948759890378168
Mongolia,2019,5.6,4347.54610314873,4.49497986,6.34259904548525,1927.0,7.564238475170491
Mozambique,2019,8.078,519.09255091362,7.90207434,0.0,54.826350000000005,4.022245980147662
Mauritania,2019,6.115,1767.072710621,3.09176588,1.07437639165317,300.0,5.707110264748875
Mauritius,2019,8.8,11568.2533399824,5.69508171,2.09909272547754,140.0,4.948759890378168
Malawi,2019,6.301,580.889139762475,6.37021732,0.0,300.0,5.707110264748875
Malaysia,2019,4.98,10920.191763972,3.83991051,0.9270169844912,140.0,4.948759890378168
Namibia,2019,7.722,4731.9210318831,8.85805798,12.0354899812092,11.99,2.5641798306825083
Niger,2019,9.573,561.691304349698,5.66642094,0.0,216.0,5.37989735354046
Nigeria,2019,12.679,3189.81286498516,2.98547053,21.099298161443,300.0,5.707110264748875
Nicaragua,2019,4.95,1958.62051528095,8.50037098,7.94304819024202,0.7393,0.5534827334319705
Netherlands,2019,8.8,53554.9007491475,9.93616295,0.712758090417298,140.0,4.948759890378168
Norway,2019,7.6,76430.5889473338,10.43807507,0.523586594350632,140.0,4.948759890378168
Nepal,2019,7.024,1203.14294706401,4.44524717,1.95325811107588,95.0,4.564348191467836
Nauru,2019,7.573,10801.7705659635,11.56155682,0.0,140.0,4.948759890378168
New Zealand,2019,6.87,42855.831861632,8.61898708,2.28484272415384,140.0,4.948759890378168
Oman,2019,2.001,19180.1864152801,3.80648994,0.500953881532248,140.0,4.948759890378168
Pakistan,2019,6.772,1390.41690981745,2.84736943,3.47225684652177,113.71,4.742407204293176
Panama,2019,4.719,16477.9066268111,8.13541794,11.3349220328569,1.08,0.7323678937132266
Peru,2019,6.16,7037.00803692604,5.12525272,7.3499267457301,2.65,1.2947271675944
Philippines,2019,5.896,3400.78949767074,4.16646004,4.2994572517325,50.0,3.9318256327243257
Palau,2019,10.631,15846.7968470167,12.17405796,0.0,140.0,4.948759890378168
Papua New Guinea,2019,6.624,2575.77274140393,2.3253386,0.0,140.0,4.948759890378168
Poland,2019,10.8,15874.5220531254,6.38906956,0.661855188726895,140.0,4.948759890378168
Portugal,2019,10.8,23343.3628970034,9.50868607,0.705776821960449,140.0,4.948759890378168
Paraguay,2019,5.584,5821.18199548738,7.16081905,8.50337786708883,3635.4699499999997,8.198768696120332
West Bank and Gaza,2019,3.134,3656.85827137011,9.18576908,0.322725871803602,140.0,4.948759890378168
Qatar,2019,0.841,66841.3623185691,3.18468714,0.393149056031246,140.0,4.948759890378168
Romania,2019,13.4,12909.6104013244,5.69924641,1.25118311157138,140.0,4.948759890378168
Russian Federation,2019,12.3,11447.701171875,5.64849091,7.64469087376708,19.8,3.0349529867072724
Rwanda,2019,6.132,810.051412137354,4.91471481,3.16215359253131,460.0,6.133398042996649
Saudi Arabia,2019,2.295,29566.7933827436,5.46743011,0.935259944754359,140.0,4.948759890378168
Sudan,2019,6.549,709.975280761719,4.59967566,0.0,89.06,4.500476114873425
Senegal,2019,5.979,1431.18128932159,4.49531031,0.0,250.0,5.5254529391317835
Singapore,2019,5.0,65952.0378959293,4.40746737,0.211656543163604,140.0,4.948759890378168
Solomon Islands,2019,5.547,2223.65890942466,4.43728065,0.0,140.0,4.948759890378168
Sierra Leone,2019,9.39,843.712517809977,5.7052846,0.0,9358.0,9.144093726157257
El Salvador,2019,7.439,4320.11671534627,8.80846119,38.5386955905095,16.24,2.847232265235547
San Marino,2019,7.2,46630.1443120725,8.14801598,0.0,140.0,4.948759890378168
"Somalia, Fed. Rep.",2019,10.908,539.954816211694,2.40617251,0.0,140.0,4.948759890378168
Serbia,2019,14.6,7755.632986437,8.28762531,1.26325112750546,140.0,4.948759890378168
Small states,2019,7.74510342636769,11990.4670996465,6.48855042141471,0.0,140.0,4.948759890378168
Sao Tome and Principe,2019,6.117,1935.2931816596,5.48078823,0.0,140.0,4.948759890378168
Suriname,2019,7.034,6629.66775248603,8.38353634,4.95239101438174,140.0,4.948759890378168
Slovak Republic,2019,9.8,19406.0589683582,6.91102982,1.39433538407656,140.0,4.948759890378168
Slovenia,2019,9.9,25814.1687167572,8.56564522,0.671965756625042,140.0,4.948759890378168
Sweden,2019,8.6,51648.9892820514,10.93444347,1.07985845098683,140.0,4.948759890378168
Eswatini,2019,9.372,3913.14577547336,8.40033817,0.0,140.0,4.948759890378168
Seychelles,2019,8.1,19141.5118743615,4.25269794,8.49975138227207,140.0,4.948759890378168
Syrian Arab Republic,2019,5.284,1109.53926036049,3.96978569,0.0,400.0,5.993961427306569
Chad,2019,12.519,893.336441643325,3.38471627,0.0,300.0,5.707110264748875
East Asia & Pacific (IDA & IBRD countries),2019,7.0598429737917,8379.36503263574,4.99321295377829,0.0,140.0,4.948759890378168
Europe & Central Asia (IDA & IBRD countries),2019,9.90936909025111,9058.74177112172,5.55429623640193,0.0,140.0,4.948759890378168
Togo,2019,8.394,826.255209019798,5.91268635,0.0,220.0,5.3981627015177525
Thailand,2019,7.422,7605.69657797759,3.78911877,0.0,11.0643,2.4902506783304177
Tajikistan,2019,4.843,871.022372934846,6.9476676,0.0,7.8,2.174751721484161
Turkmenistan,2019,5.986,5998.0017434754,5.5522337,0.0,140.0,4.948759890378168
Latin America & the Caribbean (IDA & IBRD countries),2019,6.30102482505453,8362.63429845968,7.80750973958778,0.0,140.0,4.948759890378168
Timor-Leste,2019,7.477,1562.36458068032,4.99218798,0.0,140.0,4.948759890378168
"Middle East, North Africa, Afghanistan & Pakistan (IDA & IBRD)",2019,5.77859857430233,2688.96932958269,5.01452087139383,0.0,140.0,4.948759890378168
Tonga,2019,6.426,4788.83342304684,5.74527884,0.946346864516251,140.0,4.948759890378168
South Asia (IDA & IBRD),2019,6.54194290208949,2067.05975687637,2.9092236338965,0.0,140.0,4.948759890378168
Sub-Saharan Africa (IDA & IBRD countries),2019,8.77722408503137,1795.5612786554,4.493857439856,0.0,140.0,4.948759890378168
Trinidad and Tobago,2019,7.948,17212.6128892163,6.90704823,36.2988873279844,140.0,4.948759890378168
Tunisia,2019,6.099,3528.87213306798,6.02461243,4.80838825436222,140.0,4.948759890378168
Turkiye,2019,5.3,9395.23378001368,4.35954332,2.39580104761995,140.0,4.948759890378168
Tuvalu,2019,9.19,5115.13075950206,22.22294044,0.0,140.0,4.948759890378168
Tanzania,2019,6.183,1063.32250976563,4.02347755,4.59485426006108,140.0,4.948759890378168
Uganda,2019,5.42,822.171150036357,3.79341364,10.9721855213314,1800.0,7.496097345175956
Ukraine,2019,13.079,3619.86157226563,7.09389353,4.04827159044446,140.0,4.948759890378168
Uruguay,2019,9.754,18315.7316980028,9.240695,11.5977676357818,140.0,4.948759890378168
United States,2019,8.697,64746.4506778863,16.54486084,4.93472178525416,140.0,4.948759890378168
Uzbekistan,2019,5.97,2041.38480729431,4.83520985,1.20128497449438,140.0,4.948759890378168
St. Vincent and the Grenadines,2019,11.288,8740.59425232061,4.26063251,18.2399416321868,140.0,4.948759890378168
"Venezuela, RB",2019,6.802,2523.11275230667,2.18563724,41.0324133949647,140.0,4.948759890378168
Viet Nam,2019,6.3,3440.90025375434,4.97407484,0.0,8320.0,9.02653771890043
Vanuatu,2019,5.494,3207.44650452083,3.49615431,0.684967866444965,140.0,4.948759890378168
Samoa,2019,6.529,4351.94234943706,5.64761591,0.0,140.0,4.948759890378168
South Africa,2019,8.75,6533.71121032856,8.24652863,35.7874756270719,2.8404499999999997,1.3455895472337167
Zambia,2019,6.482,1258.98619844462,6.75330257,0.0,7.06,2.0869135565185366
Zimbabwe,2019,8.281,2184.32923855469,3.23268151,5.1730796210621,0.71,0.5364933705145685
Afghanistan,2020,7.565,510.787063366811,15.53361416,6.57810893906391,52.0,3.970291913552122
Angola,2020,7.628,1759.35619918264,2.81688905,0.0,1110.475,7.013443241023544
Albania,2020,9.08,6027.91350716348,7.46513748,2.12398982086583,140.0,4.948759890378168
Andorra,2020,8.285,37361.1070081615,8.78462029,2.58464719565779,140.0,4.948759890378168
United Arab Emirates,2020,1.118,37991.7492971665,5.82477045,0.687938137215929,140.0,4.948759890378168
Argentina,2020,8.45,8535.59938004389,10.67246342,5.35272149985868,55.9149,4.0415571697695745
Armenia,2020,12.2,4268.68093304583,12.24056244,2.59435451162573,473.2,6.161629173631305
Antigua and Barbuda,2020,6.605,15369.6082250401,5.68408012,9.79901138862879,140.0,4.948759890378168
Australia,2020,6.3,51983.4523666382,10.70324135,0.858459424254959,140.0,4.948759890378168
Austria,2020,10.3,48716.4098900349,11.41292953,0.728584791296886,140.0,4.948759890378168
Azerbaijan,2020,7.5,4229.91064904503,5.84817696,2.15091148557269,140.0,4.948759890378168
Burundi,2020,7.191,255.8324539389,10.70776176,0.0,1500.0,7.313886831633462
Belgium,2020,11.0,45906.2875805246,11.46253014,0.0,140.0,4.948759890378168
Benin,2020,9.17,1200.19426557789,3.0512166,0.0,421.42560000000003,6.046013336616185
Burkina Faso,2020,8.325,825.237038782475,6.89469957,0.0,258.0,5.556828061699537
Bangladesh,2020,6.126,2248.85078828233,2.18254924,0.0,47.0,3.871201010907891
Bulgaria,2020,19.0,10760.211975413,8.44060898,0.995146569224991,140.0,4.948759890378168
Bahrain,2020,2.586,24342.8444554718,4.55685711,0.0,140.0,4.948759890378168
"Bahamas, The",2020,9.523,26178.7537607708,7.3983264,18.4407464713126,140.0,4.948759890378168
Bosnia and Herzegovina,2020,15.173,6130.31187968266,9.70311832,1.3032872085846,140.0,4.948759890378168
Belarus,2020,15.784,6542.85579976768,6.40607214,0.0,1.2699,0.8197357776595193
Belize,2020,5.576,5238.54078175696,5.33901167,26.0995390360826,140.0,4.948759890378168
Bolivia,2020,10.836,3580.96761778303,8.0225811,3.62211536699793,8.0,2.1972245773362196
Brazil,2020,7.502,7074.19407495707,9.62326527,21.8129091470528,140.0,4.948759890378168
Barbados,2020,9.548,19194.4919736739,6.7272892,14.5545939268294,140.0,4.948759890378168
Brunei Darussalam,2020,4.922,26834.3592233943,2.45359564,0.0,140.0,4.948759890378168
Bhutan,2020,6.275,3191.66906999331,4.08451509,2.46751324015657,70.0,4.2626798770413155
Botswana,2020,6.254,6323.2974967659,6.1213398,9.3410798076921,140.0,4.948759890378168
Central African Republic,2020,13.259,462.879071294011,8.98488045,0.0,535.7143,6.285465923135637
Canada,2020,8.1,43537.839298904,13.01732922,2.00409191032713,140.0,4.948759890378168
Switzerland,2020,8.8,85897.7843338323,11.98960876,0.543944872228796,140.0,4.948759890378168
Chile,2020,7.393,13114.815470545,9.69734573,5.75613878004137,140.0,4.948759890378168
China,2020,7.07,10627.4637989619,5.50441837,0.5018560705357,3.5,1.5040773967762742
Cote d'Ivoire,2020,8.493,2179.72934832935,3.62327886,0.0,425.0,6.054439346269371
Cameroon,2020,8.107,1555.60370660749,4.25051928,4.58593823145619,4000.0,8.294299608857235
"Congo, Dem. Rep.",2020,9.31,486.425572682256,3.97694445,0.0,140.0,4.948759890378168
"Congo, Rep.",2020,6.798,1993.586671931,4.01775074,0.0,140.0,4.948759890378168
Colombia,2020,6.621,5339.68711357943,8.69751263,22.6427030734102,2557.5,7.847176428245146
Comoros,2020,7.662,1519.34665556206,5.902421,0.0,140.0,4.948759890378168
Cabo Verde,2020,5.886,3539.22661248299,7.03399324,6.99464423976475,140.0,4.948759890378168
Costa Rica,2020,5.573,12394.0493969492,7.82545757,11.3222838436969,140.0,4.948759890378168
Cuba,2020,10.403,9605.27914559614,12.48641968,0.0,140.0,4.948759890378168
Cyprus,2020,6.668,28130.341796875,8.64796448,1.15185477415008,140.0,4.948759890378168
Czechia,2020,12.1,23472.8915454417,8.96995831,0.729848861096918,140.0,4.948759890378168
Germany,2020,11.9,47394.8734504469,12.46780777,0.935085587265765,140.0,4.948759890378168
Djibouti,2020,8.033,2844.88810647853,2.33861232,0.0,120.0,4.795790545596741
Dominica,2020,12.706,7827.74842680426,6.06806135,22.1982152634928,140.0,4.948759890378168
Denmark,2020,9.4,60985.4885601514,10.69237614,0.823111601929511,140.0,4.948759890378168
Dominican Republic,2020,6.474,7135.22273255899,4.96490288,8.72977662309348,60.655,4.121554329322493
Algeria,2020,5.988,3743.5419522929,5.63830757,1.48494311952627,140.0,4.948759890378168
Ecuador,2020,7.474,5463.64515348598,8.60608387,7.81941728300383,0.66,0.5068176023684519
"Egypt, Arab Rep.",2020,6.407,3511.11381026379,4.15384626,0.0,140.0,4.948759890378168
Spain,2020,10.4,27233.9426461608,10.79479218,0.69421884953507,140.0,4.948759890378168
Estonia,2020,11.9,23933.9939421065,7.47179365,3.1586796568621,140.0,4.948759890378168
Ethiopia,2020,6.403,829.790982547947,3.48096275,0.0,1500.0,7.313886831633462
Finland,2020,10.0,48828.6846862799,9.69977188,1.75419179501202,140.0,4.948759890378168
Fiji,2020,9.286,4620.6457238014,5.28987408,2.95093899971911,140.0,4.948759890378168
France,2020,9.9,39169.8606000707,12.12949371,1.04999178555921,140.0,4.948759890378168
"Micronesia, Fed. Sts.",2020,7.97,3362.02802120524,11.98479271,0.0,140.0,4.948759890378168
Gabon,2020,6.831,6605.80346077565,3.4401269,0.0,140.0,4.948759890378168
United Kingdom,2020,10.268,40812.6794663879,12.10388088,0.94577935310667,140.0,4.948759890378168
Georgia,2020,12.963,4300.85701291207,9.22991848,0.0,140.0,4.948759890378168
Ghana,2020,7.439,2195.45481659987,4.4331708,1.74047705817606,11.2,2.501435951739211
Guinea,2020,9.919,1053.66097696415,3.90094519,0.0,9167.0,9.12347443895452
"Gambia, The",2020,6.797,720.335143352133,4.01436949,0.0,140.0,4.948759890378168
Guinea-Bissau,2020,8.201,846.915855715971,8.98898792,0.0,571.0,6.349138991379798
Equatorial Guinea,2020,8.633,5764.05502912947,3.70560718,0.0,140.0,4.948759890378168
Greece,2020,12.2,17886.733165236,9.38074493,0.72901495405944,140.0,4.948759890378168
Grenada,2020,8.604,8968.55890108484,5.30602551,12.0335909094816,140.0,4.948759890378168
Guatemala,2020,5.835,4477.61785000665,6.4591527,18.1882859775834,131.25,4.8846940707384086
Guyana,2020,8.49,6775.70939096303,5.37510586,19.4431699054406,140.0,4.948759890378168
Honduras,2020,5.06,2307.61494319511,9.21912384,35.7028493255269,808.11,6.695934878149109
Heavily indebted poor countries (HIPC),2020,7.68690815979523,962.590226473892,5.00602726672289,0.0,140.0,4.948759890378168
Croatia,2020,14.1,14807.5608543265,7.68352938,1.01164453441337,140.0,4.948759890378168
Haiti,2020,8.284,1290.32538667383,3.78651953,11.3840030566048,337.5,5.82452409235233
Hungary,2020,14.6,16386.9308821258,7.230515,0.820558561392627,140.0,4.948759890378168
Indonesia,2020,8.843,3853.70288774146,3.42067289,0.0,21738.0952,9.986867540673865
India,2020,7.214,1907.04251637669,3.34146094,2.93529734667461,140.0,4.948759890378168
Ireland,2020,6.4,86514.0706108754,6.97323275,0.622164323030526,140.0,4.948759890378168
"Iran, Islamic Rep.",2020,6.439,3202.50003502169,4.96098137,0.0,140.0,4.948759890378168
Iraq,2020,4.997,4295.18945121228,5.72766161,0.0,2000.0,7.601402334583733
Iceland,2020,6.3,60127.9393575616,9.64908886,1.36383225954273,140.0,4.948759890378168
Israel,2020,5.3,44575.5719045492,7.74801874,1.67038317453709,140.0,4.948759890378168
Italy,2020,12.5,32091.4866621366,9.5643034,0.475691584209703,140.0,4.948759890378168
Jamaica,2020,7.717,5299.04530804283,7.47555304,47.0901768054208,140.0,4.948759890378168
Jordan,2020,3.49,4022.0401356135,7.54554749,0.993996674252794,1.15,0.7654678421395714
Japan,2020,11.1,40028.7341726762,11.44974613,0.251772416452194,249.0,5.521460917862246
Kazakhstan,2020,8.585,8781.50797787648,3.83133817,3.11054491665357,257.0,5.552959584921617
Kenya,2020,7.937,1927.66459027849,4.49248886,3.56012051055805,77.28,4.360292142527875
Kyrgyz Republic,2020,6.1,1229.51766602907,4.93558979,1.74734308054439,140.0,4.948759890378168
Cambodia,2020,6.341,2081.73914242939,5.13031435,0.0,4417.0,8.393442383980062
Kiribati,2020,7.555,1751.78249168214,13.65645027,0.0,140.0,4.948759890378168
St. Kitts and Nevis,2020,10.492,18859.0190361046,5.66130447,21.3356091316407,140.0,4.948759890378168
"Korea, Rep.",2020,5.9,33645.7719545073,8.02722836,0.593924062354197,140.0,4.948759890378168
Kuwait,2020,2.35541151840582,25236.0755848941,6.11295223,0.249991818449578,140.0,4.948759890378168
Lao PDR,2020,6.473,2583.77730696131,2.05965185,0.0,140.0,4.948759890378168
Lebanon,2020,6.407,5561.19166950397,7.48221779,2.24466989542556,5006.5,8.518692067539973
Liberia,2020,8.497,616.787867006715,12.90504265,0.0,700.0,6.55250788703459
Libya,2020,5.544,6650.33810585348,7.10674047,0.0,3.0,1.3862943611198906
St. Lucia,2020,8.556,8411.07474936367,7.01033401,29.1724286888396,140.0,4.948759890378168
Liechtenstein,2020,8.2,164671.093553454,6.05532694,2.57951350375319,140.0,4.948759890378168
Sri Lanka,2020,6.0,3847.60137695639,4.27431631,0.0,137.48829999999998,4.9307858455247535
Low & middle income,2020,7.52390054883139,4732.82727829687,5.44501109526693,0.0,140.0,4.948759890378168
Lesotho,2020,11.887,918.582574704447,10.40836906,0.0,16.02,2.834389123145228
Late-demographic dividend,2020,7.72173428003633,9873.93519864422,6.06181200916494,0.0,140.0,4.948759890378168
Lithuania,2020,15.5,20428.6478157394,7.41619062,3.6126075712028,140.0,4.948759890378168
Luxembourg,2020,7.3,116860.02817236,5.7671175,0.475739656230524,140.0,4.948759890378168
Latvia,2020,15.2,17564.2321549354,7.50587368,3.68203328189884,140.0,4.948759890378168
Morocco,2020,6.479,3268.0302734375,5.78939486,2.93295948896857,140.0,4.948759890378168
Monaco,2020,21.439,176891.886538492,4.28652716,0.0,140.0,4.948759890378168
Moldova,2020,14.759,4375.7788930524,7.00484037,3.03017368760082,140.0,4.948759890378168
Madagascar,2020,7.869,450.771615201509,3.72316122,0.0,2100.0,7.650168700845001
Maldives,2020,2.963,7393.8886543933,11.43943214,0.0,140.0,4.948759890378168
Mexico,2020,8.429,8841.27075039868,6.05248594,29.0010048931398,22.5,3.1570004211501135
Marshall Islands,2020,7.296,5661.96787336674,12.12413406,0.0,140.0,4.948759890378168
North Macedonia,2020,12.4,6659.59651070776,7.73212385,0.587601972312729,140.0,4.948759890378168
Mali,2020,9.502,953.242943290974,3.50623369,0.0,400.0,5.993961427306569
Malta,2020,7.9,31823.4363934505,9.85403538,1.35081285163347,140.0,4.948759890378168
Myanmar,2020,8.994,1490.21683599469,4.27808714,2.96322722719558,1200.0,7.0909098220799835
Montenegro,2020,11.6,7538.53635992191,11.42177582,2.96084285326556,140.0,4.948759890378168
Mongolia,2020,5.1,4001.25193077703,4.6662488,6.2295157189674,1823.5,7.509061255876502
Mozambique,2020,8.007,462.433876479921,7.55190039,0.0,62.5,4.151039905898646
Mauritania,2020,6.41,1795.76459566714,3.00147843,0.999971522550119,400.0,5.993961427306569
Mauritius,2020,8.7,9135.84773751062,6.09606028,2.72750722204948,140.0,4.948759890378168
Malawi,2020,6.189,602.507478176106,7.03859568,0.0,290.0,5.673323267171493
Malaysia,2020,5.034,9957.52626697613,4.08254337,0.746542626101193,140.0,4.948759890378168
Namibia,2020,7.519,3878.58982993966,9.56060219,11.1039385450139,12.47,2.6004649904222727
Niger,2020,9.526,579.512495758236,6.17012262,0.0,254.0,5.541263545158426
Nigeria,2020,12.586,2797.18458068686,3.38063431,0.0,328.539,5.797694708091695
Nicaragua,2020,6.663,1938.44704754382,8.55739307,0.0,1.0950000000000002,0.7395535533741011
Netherlands,2020,9.7,53467.9277413737,10.94954681,0.686068183497271,140.0,4.948759890378168
Norway,2020,7.5,68340.0181033702,11.42416382,0.576285998471727,140.0,4.948759890378168
Nepal,2020,7.272,1154.21517578318,5.2080965,2.13004129984372,100.0,4.61512051684126
Nauru,2020,7.552,10709.068810538,11.55650234,0.0,140.0,4.948759890378168
New Zealand,2020,6.41,41997.7830324279,9.25240231,1.02566226716727,140.0,4.948759890378168
Oman,2020,2.444,16784.8630630058,5.11922932,0.30956353421169,140.0,4.948759890378168
Pakistan,2020,7.301,1278.39735206896,2.95273018,3.55316509010108,118.755,4.78544798907281
Panama,2020,5.864,13290.5608397749,10.21630001,11.6461589453797,10.46995,2.4397305719338704
Peru,2020,7.415,6133.32552410183,6.34739399,5.79501314909191,2.69,1.3056264580524357
Philippines,2020,5.831,3227.57910235199,5.16214037,0.0,76.5,4.350277936359301
Palau,2020,11.13,14708.2119536914,13.31541061,0.0,140.0,4.948759890378168
Papua New Guinea,2020,6.824,2429.61134585269,2.30193973,0.0,140.0,4.948759890378168
Poland,2020,12.7,16150.9304813473,6.42739105,0.69686389242182,140.0,4.948759890378168
Portugal,2020,11.9,22299.4044062173,10.52074051,0.78106023430457,140.0,4.948759890378168
Paraguay,2020,6.095,5365.47220721104,7.67533064,7.28375188027935,4000.0,8.294299608857235
West Bank and Gaza,2020,3.391,3233.56863835858,10.27610207,0.355051154981407,140.0,4.948759890378168
Qatar,2020,1.053,51683.5681078949,3.81872201,0.428055468854506,140.0,4.948759890378168
Romania,2020,15.5,13009.1770573223,6.20959711,1.44901611032613,140.0,4.948759890378168
Russian Federation,2020,14.6,10108.3271484375,8.04076004,7.30812673633554,21.0,3.091042453358316
Rwanda,2020,6.089,778.701498925026,5.79862261,3.61247427164444,525.0,6.26530121273771
Saudi Arabia,2020,2.46,24338.8307301067,6.64630127,0.0,140.0,4.948759890378168
Sudan,2020,6.786,577.795227050781,3.04323435,0.0,270.0,5.602118820879701
Senegal,2020,6.052,1461.08720350553,5.15119171,0.0,300.0,5.707110264748875
Singapore,2020,5.2,61410.0792630788,5.70015287,0.177931178177524,140.0,4.948759890378168
Solomon Islands,2020,5.82,2063.32780991967,4.89478445,0.0,140.0,4.948759890378168
Sierra Leone,2020,9.319,845.277557920549,5.66489744,2.22431228940123,9615.3846,9.171223651815442
El Salvador,2020,8.565,3997.19279583709,8.95105076,21.5087446038674,0.725,0.545227050483323
San Marino,2020,9.9,44326.9556746411,8.48147392,0.0,140.0,4.948759890378168
"Somalia, Fed. Rep.",2020,10.834,518.16113333875,2.47010517,0.0,140.0,4.948759890378168
Serbia,2020,16.9,8098.70955668849,8.30643559,1.21601456438015,140.0,4.948759890378168
Small states,2020,7.97539613598021,10723.093901861,7.4621161463999,0.0,140.0,4.948759890378168
Sao Tome and Principe,2020,6.227,2167.22001796925,7.32044411,0.0,140.0,4.948759890378168
Suriname,2020,6.848,4755.39221710693,6.03425598,8.9822828553534,140.0,4.948759890378168
Slovak Republic,2020,10.8,19735.4858280801,7.06027794,1.15489878274585,140.0,4.948759890378168
Slovenia,2020,11.4,25392.0651093612,9.48984432,0.523206714930108,140.0,4.948759890378168
Sweden,2020,9.5,52568.5726980146,11.42458725,1.19764105277864,140.0,4.948759890378168
Eswatini,2020,9.545,3466.56936278145,7.0983777,0.0,140.0,4.948759890378168
Seychelles,2020,6.8,14041.4754074575,5.83709192,7.48185649799237,140.0,4.948759890378168
Syrian Arab Republic,2020,5.058,572.355289831901,3.67009115,0.0,1024.1666,6.932610414950235
Chad,2020,12.328,866.947814890409,4.35215092,0.0,306.0,5.726847747587197
East Asia & Pacific (IDA & IBRD countries),2020,7.20027083878493,8485.32855185979,5.27705777904076,0.0,140.0,4.948759890378168
Europe & Central Asia (IDA & IBRD countries),2020,11.5318174156096,8478.35038656806,6.74637614445174,0.0,140.0,4.948759890378168
Togo,2020,8.386,863.468665870276,6.18928432,0.0,244.0,5.501258210544727
Thailand,2020,7.618,6985.64393892574,4.35724688,0.0,12.3283,2.5898895941747644
Tajikistan,2020,5.85,834.311715460625,8.8903532,0.892370798940089,9.0,2.302585092994046
Turkmenistan,2020,6.276,5972.72356566861,5.57226086,0.0,140.0,4.948759890378168
Latin America & the Caribbean (IDA & IBRD countries),2020,7.61176197978894,6964.3711102796,8.26460020065258,0.0,140.0,4.948759890378168
Timor-Leste,2020,7.39,1630.86938521256,7.26445007,0.0,140.0,4.948759890378168
"Middle East, North Africa, Afghanistan & Pakistan (IDA & IBRD)",2020,6.55338345346757,2402.73480964451,4.96553146598072,0.0,140.0,4.948759890378168
Tonga,2020,6.459,4792.35854741522,5.55919838,0.0,140.0,4.948759890378168
South Asia (IDA & IBRD),2020,7.08524618053496,1957.20343722686,3.25937586475956,0.0,140.0,4.948759890378168
Sub-Saharan Africa (IDA & IBRD countries),2020,8.72105097743058,1627.34569596297,4.86759889049985,0.0,140.0,4.948759890378168
Trinidad and Tobago,2020,8.312,15283.6270531554,7.47677326,26.9408284203458,140.0,4.948759890378168
Tunisia,2020,6.648,3548.65363663803,7.05612612,4.69348024650292,140.0,4.948759890378168
Turkiye,2020,6.1,8798.11791709313,4.61640215,2.49036807460102,140.0,4.948759890378168
Tuvalu,2020,9.177,4976.11254109571,17.88715363,0.0,140.0,4.948759890378168
Tanzania,2020,5.909,1117.41528320313,3.05028677,3.74921291744897,140.0,4.948759890378168
Uganda,2020,5.373,845.766463890124,5.23865509,10.0321315001,2000.0,7.601402334583733
Ukraine,2020,14.438,3709.76928710938,7.56217051,3.80035686872931,140.0,4.948759890378168
Uruguay,2020,9.219,15757.5355995779,9.08774948,10.0324569104505,140.0,4.948759890378168
United States,2020,10.27,63515.9491807833,18.51597404,6.35465593745812,140.0,4.948759890378168
Uzbekistan,2020,6.467,1978.28051860763,6.08597755,1.33685174451114,140.0,4.948759890378168
St. Vincent and the Grenadines,2020,12.927,8351.20324040982,4.87071276,31.8760504607538,140.0,4.948759890378168
"Venezuela, RB",2020,7.202,1506.0436210041,4.11615133,29.475380243919,140.0,4.948759890378168
Viet Nam,2020,5.813,3534.03953482647,4.33219814,0.0,140.0,4.948759890378168
Vanuatu,2020,5.739,3042.98711598286,4.12128973,0.3346065111081,140.0,4.948759890378168
Samoa,2020,6.496,4099.59660548583,6.09105825,0.0,140.0,4.948759890378168
South Africa,2020,9.683,5580.60383075189,9.02174091,32.9775673780065,3.2885,1.4559370214483391
Zambia,2020,6.26,951.644316655957,6.3067441,0.0,9.115,2.314019470619709
Zimbabwe,2020,8.138,2059.67445384499,2.95440102,5.02354351291954,109.8333,4.708027270675874
Afghanistan,2021,8.002,356.496214115892,21.50844383,4.0324584656778,55.0,4.02535169073515
Angola,2021,7.619,2303.90812662776,2.73987103,0.0,140.0,4.948759890378168
Albania,2021,10.262,7242.45513146613,7.35750389,2.31608568885389,140.0,4.948759890378168
Andorra,2021,6.983,42425.7066454357,8.64671707,0.0,140.0,4.948759890378168
United Arab Emirates,2021,1.258,44118.5047192771,5.30494308,0.44948191080481,140.0,4.948759890378168
Argentina,2021,9.725,10738.0179223384,11.00910187,4.62126366336244,62.0499,4.143926476366848
Armenia,2021,11.6,4685.17997128509,12.32268524,3.13550776151398,509.3,6.234998788069926
Antigua and Barbuda,2021,6.806,17348.6006987182,4.81315422,17.3255801362224,140.0,4.948759890378168
Australia,2021,6.7,60758.9044397144,10.51612186,0.743554074825619,140.0,4.948759890378168
Austria,2021,10.3,53648.6437976214,12.185215,0.724875548626241,140.0,4.948759890378168
Azerbaijan,2021,7.6,5408.04535175023,4.68526697,1.7001534193041,140.0,4.948759890378168
Burundi,2021,7.306,264.980379269655,8.94190311,0.0,1433.3333,7.26845542093089
Belgium,2021,9.7,51658.238294958,11.28825092,1.08030153549307,140.0,4.948759890378168
Benin,2021,9.349,1318.65158075198,2.91589761,0.0,468.75,6.152200638293575
Burkina Faso,2021,8.435,895.535288442991,7.08691931,0.0,287.0,5.662960480135946
Bangladesh,2021,6.317,2482.84917843357,2.26678729,0.0,67.5,4.22683374526818
Bulgaria,2021,22.9,12966.1457543396,8.58048916,1.29412653402161,140.0,4.948759890378168
Bahrain,2021,2.804,27147.8083882286,4.32771444,0.0665883809268237,140.0,4.948759890378168
"Bahamas, The",2021,11.259,30367.8605757708,6.78537178,30.0222265391437,140.0,4.948759890378168
Bosnia and Herzegovina,2021,18.387,7295.34378682258,9.55514336,0.986160622452258,140.0,4.948759890378168
Belarus,2021,15.839,7489.71894713888,6.56549978,0.0,1.3250000000000002,0.8437200390393197
Belize,2021,5.95,6142.98930557031,5.04598379,31.6178339760185,140.0,4.948759890378168
Bolivia,2021,11.791,4010.76053686204,8.16016769,3.50161189331694,8.0,2.1972245773362196
Brazil,2021,8.366,7972.53696080695,9.63646507,20.5048626655709,140.0,4.948759890378168
Barbados,2021,9.817,21079.6145271791,7.4427762,11.3416257157186,140.0,4.948759890378168
Brunei Darussalam,2021,5.238,31006.9636289785,2.14748693,0.0,140.0,4.948759890378168
Bhutan,2021,6.234,3570.61257980872,4.78581429,0.0,70.0,4.2626798770413155
Botswana,2021,8.393,7807.88794570471,6.30315065,11.3681767255945,140.0,4.948759890378168
Central African Republic,2021,20.89,492.263142830507,9.15097523,0.0,536.0,6.285998094508865
Canada,2021,8.2,52886.6616372703,12.38106632,2.08300518200199,140.0,4.948759890378168
Switzerland,2021,8.2,93664.7736696111,11.95855618,0.482369204585241,140.0,4.948759890378168
Chile,2021,7.655,16206.8325493421,9.72450161,4.65658124495601,140.0,4.948759890378168
China,2021,7.18,12887.4357242941,5.25590324,0.0,140.0,4.948759890378168
Cote d'Ivoire,2021,8.378,2455.98127641148,3.76207662,0.0,450.0,6.111467339502679
Cameroon,2021,8.258,1672.32657340872,4.34109783,0.0,900.0,6.803505257608338
"Congo, Dem. Rep.",2021,9.38,595.743074403567,3.86727977,0.0,140.0,4.948759890378168
"Congo, Rep.",2021,6.897,2516.16255145432,3.46133351,0.0,140.0,4.948759890378168
Colombia,2021,7.869,6222.62164397614,9.14150524,25.5801274097033,2707.2,7.904039486548724
Comoros,2021,7.932,1554.97289190153,6.46315002,0.0,140.0,4.948759890378168
Cabo Verde,2021,5.648,3971.44409203423,6.60773611,0.0,140.0,4.948759890378168
Costa Rica,2021,6.567,12838.1185358931,7.61130476,11.6205820666553,140.0,4.948759890378168
Cyprus,2021,7.209,32937.83984375,8.87445068,1.21459779542909,140.0,4.948759890378168
Czechia,2021,13.3,27696.4619527544,9.15420723,0.44631485186264,140.0,4.948759890378168
Germany,2021,12.3,52349.2459994422,12.72403336,0.830375419597212,140.0,4.948759890378168
Djibouti,2021,8.327,3025.91126413549,2.87128091,0.0,120.0,4.795790545596741
Dominica,2021,14.31,8376.40414141113,6.31142521,14.8805095086456,140.0,4.948759890378168
Denmark,2021,9.8,69340.7334922138,10.65575886,0.631746832067094,140.0,4.948759890378168
Dominican Republic,2021,6.986,8527.0754858205,5.08839989,10.5362752855436,69.15,4.25063580654847
Algeria,2021,4.96,4160.55926736925,5.02188873,1.55268752449532,140.0,4.948759890378168
Ecuador,2021,7.108,6061.32350181711,8.37526226,14.1156873894402,0.62,0.4824261492442927
"Egypt, Arab Rep.",2021,7.036,3827.35415374308,4.60955143,0.0,140.0,4.948759890378168
Spain,2021,9.5,30799.4775937775,10.34419918,0.607512242916661,140.0,4.948759890378168
Estonia,2021,14.0,27951.1659277744,7.47591066,1.95231911106406,140.0,4.948759890378168
Ethiopia,2021,6.638,893.00983544905,3.20779967,0.0,1926.5,7.563979105437484
Finland,2021,10.4,53099.1351400148,9.90969753,1.28133981222055,140.0,4.948759890378168
Fiji,2021,11.157,4536.73312110335,7.06084681,1.74537013300811,140.0,4.948759890378168
France,2021,9.8,43725.0999521245,12.24894238,1.11071518973766,140.0,4.948759890378168
"Micronesia, Fed. Sts.",2021,7.916,3508.22314197664,11.37430477,0.0,140.0,4.948759890378168
Gabon,2021,6.802,8181.40914134656,2.79254127,0.0,140.0,4.948759890378168
United Kingdom,2021,9.784,47691.3768799404,12.08347321,1.11868407522333,140.0,4.948759890378168
Georgia,2021,15.342,5083.60695484577,10.53835487,0.0,140.0,4.948759890378168
Ghana,2021,7.482,2445.18662529344,3.86030865,1.85431966533681,7.0,2.0794415416798357
Guinea,2021,9.811,1244.96550477914,3.7175858,0.0,10000.0,9.210440366976517
"Gambia, The",2021,7.01,781.890925169531,3.74321485,0.0,140.0,4.948759890378168
Guinea-Bissau,2021,8.023,926.780921081233,8.39794922,0.0,573.0,6.352629396319567
Equatorial Guinea,2021,8.438,6945.63069794539,3.5103004,0.0,140.0,4.948759890378168
Greece,2021,13.6,20654.7001960815,9.03178692,0.841244735958326,140.0,4.948759890378168
Grenada,2021,9.198,9617.28902905373,5.27963448,4.28494911622925,140.0,4.948759890378168
Guatemala,2021,6.909,4912.62240414681,7.35698891,20.2458705569498,140.0,4.948759890378168
Guyana,2021,10.998,9860.87014834386,4.64326477,16.0641191344505,140.0,4.948759890378168
Honduras,2021,5.727,2735.14751503977,9.27311516,38.2025965034663,822.48995,6.713551345535939
Heavily indebted poor countries (HIPC),2021,7.88628654451986,1061.41414950431,4.96292259537178,0.0,140.0,4.948759890378168
Croatia,2021,16.2,17788.7865816658,8.08265686,0.840847880426335,140.0,4.948759890378168
Haiti,2021,8.941,1841.33189337222,3.57739854,14.1983189542019,325.0,5.786897381366708
Hungary,2021,16.2,19030.628130329,7.33524847,0.772570691377117,140.0,4.948759890378168
Indonesia,2021,10.042,4287.17313995098,3.70634937,0.0,140.0,4.948759890378168
India,2021,9.259,2239.61384367482,3.34680939,2.92249230234054,140.0,4.948759890378168
Ireland,2021,6.7,103783.446284479,6.44113493,0.437512696568737,140.0,4.948759890378168
"Iran, Islamic Rep.",2021,6.387,4605.14881318992,4.85886621,0.0,140.0,4.948759890378168
Iraq,2021,4.579,4868.49431080783,5.14179993,0.0,2000.0,7.601402334583733
Iceland,2021,6.3,70425.4064277273,9.72073746,0.536705993798362,140.0,4.948759890378168
Israel,2021,5.4,52270.9040241956,7.83961058,1.9344902218508,140.0,4.948759890378168
Italy,2021,11.9,36852.5425414951,9.28164482,0.50728829294141,140.0,4.948759890378168
Jamaica,2021,9.705,5625.67806271236,8.00261688,51.9438139904003,140.0,4.948759890378168
Jordan,2021,4.068,4183.49998326866,7.69733906,1.03014940057956,1.0933,0.7387417681183372
Japan,2021,11.7,40094.5599795288,12.08108234,0.226767585297115,140.0,4.948759890378168
Kazakhstan,2021,9.645,9983.60103576902,3.98701859,2.84649159527772,140.0,4.948759890378168
Kenya,2021,8.124,2061.35622089594,4.56992722,5.25374641584713,70.0,4.2626798770413155
Kyrgyz Republic,2021,5.8,1349.99730650542,5.35275602,0.0,140.0,4.948759890378168
Cambodia,2021,6.827,2167.40324198499,6.33888054,0.0,4000.0,8.294299608857235
Kiribati,2021,8.152,2222.04819501897,11.83228588,0.0,140.0,4.948759890378168
St. Kitts and Nevis,2021,12.687,18361.1449697886,6.16912127,29.9381990034857,140.0,4.948759890378168
"Korea, Rep.",2021,6.2,37518.4635305697,8.34412766,0.472531479878428,140.0,4.948759890378168
Kuwait,2021,2.59,34018.6342592913,5.37273169,0.0,140.0,4.948759890378168
Lao PDR,2021,6.674,2526.05105018529,2.74392009,0.0,140.0,4.948759890378168
Lebanon,2021,8.421,4045.37391066234,4.40006208,0.0,9868.1185,9.197165817395492
Liberia,2021,8.51,667.96610514319,13.27175999,0.0,140.0,4.948759890378168
Libya,2021,5.842,4935.82787349801,6.05457449,0.0,3.0,1.3862943611198906
St. Lucia,2021,11.654,10459.1321248092,6.26193285,39.2108535642666,140.0,4.948759890378168
Liechtenstein,2021,6.9,201944.830335076,5.38460207,5.12242598094458,140.0,4.948759890378168
Sri Lanka,2021,7.4,3996.96240014909,5.19427729,0.0,97.4,4.589040804058207
Low & middle income,2021,8.3004609378478,5524.24398933119,5.36581576426284,0.0,140.0,4.948759890378168
Lesotho,2021,12.601,1066.58645143823,10.66165733,0.0,21.83,3.1280754605417043
Late-demographic dividend,2021,8.1940367491463,11759.7974990154,5.82764876402411,0.0,140.0,4.948759890378168
Lithuania,2021,17.0,23870.4594851722,7.73210812,2.57650105788629,140.0,4.948759890378168
Luxembourg,2021,7.0,134965.815442152,5.60806084,0.624732536382861,140.0,4.948759890378168
Latvia,2021,18.4,20261.8887788916,9.4105072,3.02293132059141,140.0,4.948759890378168
Morocco,2021,6.422,3785.93627929688,5.45314503,1.93752077304373,140.0,4.948759890378168
Monaco,2021,24.387,223823.363960226,3.67494631,0.0,140.0,4.948759890378168
Moldova,2021,16.7,5274.60582195352,7.7490406,2.18269955950808,140.0,4.948759890378168
Madagascar,2021,7.94,483.469463351195,3.55335546,0.0,2450.0,7.804251383528112
Maldives,2021,3.118,10176.143882547,8.85169506,0.0,140.0,4.948759890378168
Mexico,2021,9.015,10314.0506722115,5.87678003,27.9675034061893,21.2,3.100092288878234
Marshall Islands,2021,7.389,6315.31279603534,12.49257088,0.0,140.0,4.948759890378168
North Macedonia,2021,15.5,7620.80296977508,8.41851234,0.756303996391349,140.0,4.948759890378168
Mali,2021,9.277,1027.27345365357,3.54318666,0.0,475.0,6.16541785423142
Malta,2021,8.0,38096.8360735119,9.52782059,0.38140534520521,140.0,4.948759890378168
Myanmar,2021,9.819,1242.7213439951,5.53530645,28.6567343550508,1250.0,7.1316985104669115
Montenegro,2021,14.6,9317.15520065156,10.55253506,2.48405855422824,140.0,4.948759890378168
Mongolia,2021,6.2,4517.61578018785,7.21042728,6.16826672303943,2488.0,7.819636302367592
Mozambique,2021,8.403,509.907829475551,8.64841366,0.0,65.45,4.196449785159254
Mauritania,2021,6.29,1947.78918383313,3.78022528,0.0,400.0,5.993961427306569
Mauritius,2021,10.5,9177.71195973013,6.6160841,2.65703154091809,140.0,4.948759890378168
Malawi,2021,6.257,617.446994451007,7.5164628,0.0,182.5,5.212214667494625
Malaysia,2021,6.201,10903.1037480772,4.37438345,0.708818550137325,140.0,4.948759890378168
Namibia,2021,9.175,4412.8355693052,10.19644737,11.2077806904171,12.7299,2.619575936432162
Niger,2021,9.55,608.722439593808,5.81452751,0.0,281.5,5.643678550586496
Nigeria,2021,12.306,2787.48779224428,4.07625723,0.0,442.78,6.09532894413827
Nicaragua,2021,6.618,2138.38588469449,9.54984856,11.3473196321723,1.0,0.6931471805599453
Netherlands,2021,9.8,60141.9880911492,11.13498974,0.710637312796065,140.0,4.948759890378168
Norway,2021,7.8,93072.8925119571,9.8142643,0.536233629966067,140.0,4.948759890378168
Nepal,2021,7.761,1252.75076731986,5.53498316,0.0,110.0,4.709530201312334
Nauru,2021,7.661,14979.099896799,10.85399055,0.0,140.0,4.948759890378168
New Zealand,2021,6.83,49950.4251691316,9.55072403,1.15511953382508,140.0,4.948759890378168
Oman,2021,2.785,19403.4600160211,4.34468651,0.24442141451561,140.0,4.948759890378168
Pakistan,2021,7.23,1455.31922370186,2.99015832,3.78657227562101,131.35000000000002,4.88544992867311
Panama,2021,5.643,15509.8069124139,9.13571072,12.6570480772218,19.9699,3.043088076185243
Peru,2021,9.297,6826.20255614477,6.67309427,8.60480803979216,2.25,1.1786549963416462
Philippines,2021,7.992,3484.38593882819,5.97500563,0.0,91.25,4.524502282920636
Palau,2021,11.538,13009.2481630213,14.55276012,0.0,140.0,4.948759890378168
Papua New Guinea,2021,7.229,2607.57861874444,2.33994722,0.0,140.0,4.948759890378168
Poland,2021,14.0,18635.5104895754,6.3654809,0.717659927064458,140.0,4.948759890378168
Portugal,2021,12.0,24711.4510062111,11.22031498,0.789147831496343,140.0,4.948759890378168
Paraguay,2021,8.92,5976.93179789949,8.03277016,7.85436422886151,4000.0,8.294299608857235
West Bank and Gaza,2021,3.768,3678.63565662194,10.4347353,0.655695277576543,140.0,4.948759890378168
Qatar,2021,1.053,71751.9363398856,2.8927927,0.319717852547547,140.0,4.948759890378168
Romania,2021,17.5,14907.9803652143,6.45246983,1.26765356960595,140.0,4.948759890378168
Russian Federation,2021,16.7,12425.029296875,7.0299139,6.76512531955806,140.0,4.948759890378168
Rwanda,2021,6.185,829.544845263697,6.23147202,0.0,458.3333,6.129776090336551
Saudi Arabia,2021,2.615,31920.7653655643,5.93033648,0.0,140.0,4.948759890378168
Sudan,2021,6.996,712.122009277344,2.9669323,0.0,453.75,6.119747817398232
Senegal,2021,6.307,1598.10676952274,4.44256258,0.0,300.0,5.707110264748875
Singapore,2021,5.8,80056.1288247844,5.14599705,0.108180423309996,140.0,4.948759890378168
Solomon Islands,2021,5.898,2043.44413170658,4.94795895,0.0,140.0,4.948759890378168
Sierra Leone,2021,8.996,885.396401885395,5.07244635,0.0,8000.0,8.987321812850125
El Salvador,2021,8.712,4642.60743101342,10.12668991,17.343956146806,14.0,2.70805020110221
San Marino,2021,9.1,54176.4798021628,7.51272249,0.0,140.0,4.948759890378168
"Somalia, Fed. Rep.",2021,11.3,549.056994756254,2.73509169,0.0,140.0,4.948759890378168
Serbia,2021,20.0,9680.52798074468,9.23441029,1.1264836301447,140.0,4.948759890378168
Small states,2021,8.95403640298355,12428.6087674544,7.38388524979858,0.0,140.0,4.948759890378168
Sao Tome and Principe,2021,6.196,2362.58827248102,7.85889721,0.0,140.0,4.948759890378168
Suriname,2021,9.013,5029.84838543953,5.01704168,5.66438365032303,140.0,4.948759890378168
Slovak Republic,2021,13.5,22123.3342114545,7.62857914,1.0105169087957,140.0,4.948759890378168
Slovenia,2021,11.0,29192.8401933019,9.52724361,0.425835133669648,140.0,4.948759890378168
Sweden,2021,8.8,60647.5416365347,11.23013592,1.08485573554827,140.0,4.948759890378168
Eswatini,2021,10.607,3984.00229174306,7.40552139,12.5145709802017,140.0,4.948759890378168
Seychelles,2021,9.3,14982.9111487767,5.2088151,4.06545380628113,140.0,4.948759890378168
Syrian Arab Republic,2021,4.964,663.614245706815,3.50403309,0.0,1891.6667,7.545742065976642
Chad,2021,12.162,946.358500208374,3.9722333,0.0,320.0,5.771441123130016
East Asia & Pacific (IDA & IBRD countries),2021,7.64149215172189,10086.4176067356,5.15136897441315,0.0,140.0,4.948759890378168
Europe & Central Asia (IDA & IBRD countries),2021,12.9104733349742,10014.5108823837,6.44819921431963,0.0,140.0,4.948759890378168
Togo,2021,8.293,962.075187515872,5.6165967,0.0,300.0,5.707110264748875
Thailand,2021,7.744,7057.20754802279,5.15399981,0.0,140.0,4.948759890378168
Tajikistan,2021,5.385,896.748053372182,8.37504482,0.0,10.1333,2.409940617298087
Turkmenistan,2021,6.044,5723.30227157906,5.49196625,0.0,140.0,4.948759890378168
Latin America & the Caribbean (IDA & IBRD countries),2021,8.48092841132876,8075.78816650564,8.30442904249678,0.0,140.0,4.948759890378168
Timor-Leste,2021,7.842,2684.92676774277,4.9192977,0.0,140.0,4.948759890378168
"Middle East, North Africa, Afghanistan & Pakistan (IDA & IBRD)",2021,6.61432652333789,2746.96809945183,4.8104799620377,0.0,140.0,4.948759890378168
Tonga,2021,6.701,4922.80171378368,7.06254101,0.0,140.0,4.948759890378168
South Asia (IDA & IBRD),2021,8.9016996797664,2273.72055798689,3.30046062379793,0.0,140.0,4.948759890378168
Sub-Saharan Africa (IDA & IBRD countries),2021,8.92048251967302,1785.46664916614,5.07287182325784,0.0,140.0,4.948759890378168
Trinidad and Tobago,2021,9.762,17712.5674104655,7.20521307,30.1132439458432,140.0,4.948759890378168
Tunisia,2021,8.348,3906.93926319391,7.34183979,0.0,140.0,4.948759890378168
Turkiye,2021,6.7,9981.76398411336,4.56065559,2.49751250926437,140.0,4.948759890378168
Tuvalu,2021,9.593,5905.08198095343,18.57411194,0.0,140.0,4.948759890378168
Tanzania,2021,6.091,1159.85656738281,3.46963334,0.0,140.0,4.948759890378168
Uganda,2021,5.339,882.791717542504,5.47374916,8.52084677875181,1733.0,7.458186157340487
Ukraine,2021,17.134,4775.94580078125,8.2027483,3.77663964401616,140.0,4.948759890378168
Uruguay,2021,11.726,17881.818721099,8.91955471,9.00875836787795,140.0,4.948759890378168
United States,2021,10.4,70205.050916026,17.35207748,6.77972198500888,140.0,4.948759890378168
Uzbekistan,2021,6.32,2258.51964119278,6.92742586,1.39879762685076,140.0,4.948759890378168
St. Vincent and the Grenadines,2021,12.724,8641.27904024443,5.26607132,31.1159945935959,140.0,4.948759890378168
"Venezuela, RB",2021,7.862,2004.93397949792,4.1022191,19.2791045599615,140.0,4.948759890378168
Viet Nam,2021,6.653,3704.1935590038,4.53792429,0.0,10550.0,9.263975921142093
Vanuatu,2021,5.797,3107.20312858002,4.58828115,0.0,140.0,4.948759890378168
Samoa,2021,6.405,4021.55934894283,7.19651461,0.0,140.0,4.948759890378168
South Africa,2021,11.933,6828.75624590017,8.6645031,40.9429825270973,3.4160500000000003,1.4852456313744637
Zambia,2021,6.607,1127.16077872857,6.63951397,0.0,14.33,2.7298116928837226
Zimbabwe,2021,8.782,2613.60542083552,2.67111874,6.2162875596387,110.0346,4.709841864452043
Afghanistan,2022,5.993,357.261152798144,23.0881691,0.0,140.0,4.948759890378168
Angola,2022,7.097,3682.1131513698,2.60041046,0.0,140.0,4.948759890378168
Albania,2022,8.709,7756.96188744253,7.53646231,1.6975478920699,140.0,4.948759890378168
Andorra,2022,5.948,42414.0479861228,7.52135801,0.0,140.0,4.948759890378168
United Arab Emirates,2022,1.18,50759.7589231191,4.56536388,0.693218125037315,140.0,4.948759890378168
Argentina,2022,8.797,13962.1894087223,10.15950489,4.31202462020709,140.0,4.948759890378168
Armenia,2022,9.0,6571.97445545099,9.96211243,2.74222289100063,140.0,4.948759890378168
Antigua and Barbuda,2022,6.771,20105.1989085164,4.43146801,10.771219302025,140.0,4.948759890378168
Australia,2022,7.3,65169.5191118657,9.89226055,0.839663105025691,140.0,4.948759890378168
Austria,2022,10.3,52336.7725223758,11.22519779,0.871514782049046,140.0,4.948759890378168
Azerbaijan,2022,6.0,7770.594223351,3.41549611,1.78722260168325,140.0,4.948759890378168
Burundi,2022,6.997,302.992505263552,8.6687746,0.0,140.0,4.948759890378168
Belgium,2022,10.0,50605.7496677086,10.73976326,0.0,140.0,4.948759890378168
Benin,2022,8.948,1266.42711031904,2.98184395,0.0,140.0,4.948759890378168
Burkina Faso,2022,8.135,827.330843486661,7.41435528,0.0,140.0,4.948759890378168
Bangladesh,2022,5.037,2716.48592780431,2.21544909,0.0,140.0,4.948759890378168
Bulgaria,2022,18.4,13999.1949530956,7.63849449,1.11341216291447,140.0,4.948759890378168
Bahrain,2022,2.094,30470.5219276023,3.89098358,0.195636140255462,140.0,4.948759890378168
"Bahamas, The",2022,8.558,34957.1613279737,7.04287481,32.1981392997156,140.0,4.948759890378168
Bosnia and Herzegovina,2022,14.05,7655.59421024383,8.71644783,1.09211115070447,140.0,4.948759890378168
Belarus,2022,13.246,7994.64806074889,6.57784128,0.0,140.0,4.948759890378168
Belize,2022,5.409,7068.21728043145,4.21643019,28.0582917218107,140.0,4.948759890378168
Bolivia,2022,7.681,4219.46113742445,7.15933084,4.01584677979597,140.0,4.948759890378168
Brazil,2022,7.539,9281.33282136864,9.38739491,20.0811754127452,140.0,4.948759890378168
Barbados,2022,11.097,24387.0387293761,5.8744669,15.2310515092909,140.0,4.948759890378168
Brunei Darussalam,2022,6.559,36632.9280952155,1.77042186,0.0,140.0,4.948759890378168
Bhutan,2022,6.143,3711.32767981591,3.91757464,0.0,140.0,4.948759890378168
Botswana,2022,5.826,8328.7090572666,5.73650789,0.0,140.0,4.948759890378168
Central African Republic,2022,55.126,467.359825026238,9.94993496,0.0,140.0,4.948759890378168
Canada,2022,8.6,56256.8007264015,11.08119678,2.27195104620383,140.0,4.948759890378168
Switzerland,2022,8.5,94394.5106803525,11.59911823,0.477697117734824,140.0,4.948759890378168
Chile,2022,7.573,15405.6165774073,10.0053072,6.80201256720408,140.0,4.948759890378168
China,2022,7.37,12970.6056414327,5.88078785,0.0,140.0,4.948759890378168
Cote d'Ivoire,2022,7.816,2333.37128301259,3.63847613,0.0,140.0,4.948759890378168
Cameroon,2022,7.673,1604.87726954895,4.49439144,6.76008919336955,140.0,4.948759890378168
"Congo, Dem. Rep.",2022,8.93,687.738587554685,3.9417696,0.0,140.0,4.948759890378168
"Congo, Rep.",2022,6.571,2620.83804267402,2.30011368,0.0,140.0,4.948759890378168
Colombia,2022,5.881,6680.44506854481,7.59037256,24.9488076386337,140.0,4.948759890378168
Comoros,2022,7.3,1465.479642862,8.47119522,0.0,140.0,4.948759890378168
Cabo Verde,2022,5.004,4323.31362032709,6.70243406,0.0,140.0,4.948759890378168
Costa Rica,2022,6.106,13625.9008491328,7.18368196,12.908902016219,140.0,4.948759890378168
Cyprus,2022,7.693,33231.04296875,8.27201366,0.600884802872229,140.0,4.948759890378168
Czechia,2022,11.3,28282.2236715857,8.47063065,0.81512474266184,140.0,4.948759890378168
Germany,2022,12.7,50506.5179638543,12.44708347,0.815829208272123,140.0,4.948759890378168
Djibouti,2022,7.544,3133.25779772463,2.52554536,0.0,140.0,4.948759890378168
Dominica,2022,12.908,9323.66089490562,5.97262001,28.4318346763634,140.0,4.948759890378168
Denmark,2022,10.1,67781.0940939514,9.47411346,0.982567307766424,140.0,4.948759890378168
Dominican Republic,2022,5.899,10104.2449349081,4.64506817,12.3678475675698,140.0,4.948759890378168
Algeria,2022,4.602,4960.30334332888,3.63464284,1.74812144835182,140.0,4.948759890378168
Ecuador,2022,5.363,6515.58528418336,7.60183907,27.4126359684417,140.0,4.948759890378168
"Egypt, Arab Rep.",2022,5.675,4233.30783744856,4.72362804,0.0,140.0,4.948759890378168
Spain,2022,9.7,30319.4987196616,9.6799593,0.679512839473507,140.0,4.948759890378168
Estonia,2022,12.8,28340.3826549406,6.93641424,1.48138107676406,140.0,4.948759890378168
Ethiopia,2022,6.093,982.103161506992,2.85298109,0.0,140.0,4.948759890378168
Finland,2022,11.4,50440.560224974,9.74152565,1.23893509757691,140.0,4.948759890378168
Fiji,2022,9.299,5414.12092119088,4.01752949,3.91550343585426,140.0,4.948759890378168
France,2022,9.9,40988.6396406579,11.82888794,1.23873280289769,140.0,4.948759890378168
"Micronesia, Fed. Sts.",2022,7.613,3710.12451611752,12.62718964,0.0,140.0,4.948759890378168
Gabon,2022,6.519,8409.2074145028,2.89087176,0.0,140.0,4.948759890378168
United Kingdom,2022,9.512,47057.043229179,11.09679794,0.0,140.0,4.948759890378168
Georgia,2022,12.211,6729.84659930283,8.29634285,0.0,140.0,4.948759890378168
Ghana,2022,7.095,2229.89122647803,3.67459154,1.83111773115644,140.0,4.948759890378168
Guinea,2022,9.3,1416.59612011764,3.83292699,0.0,140.0,4.948759890378168
"Gambia, The",2022,6.635,836.244875868476,3.53697729,0.0,140.0,4.948759890378168
Guinea-Bissau,2022,7.224,883.199131457831,8.33752728,0.0,140.0,4.948759890378168
Equatorial Guinea,2022,8.015,7589.29964909381,2.83726358,0.0,140.0,4.948759890378168
Greece,2022,13.4,20886.5243087629,8.44938278,1.12365161805833,140.0,4.948759890378168
Grenada,2022,8.763,10469.3867012856,4.99701262,6.84269499542395,140.0,4.948759890378168
Guatemala,2022,5.281,5358.70156997677,7.1678791,22.0474401521257,140.0,4.948759890378168
Guyana,2022,7.309,17913.4928066879,2.52456355,15.94378052595,140.0,4.948759890378168
Honduras,2022,4.442,3003.28996826399,8.15452766,34.9679353875888,140.0,4.948759890378168
Heavily indebted poor countries (HIPC),2022,7.50594972928001,1121.48387311982,4.66417434703739,0.0,140.0,4.948759890378168
Croatia,2022,14.8,18465.5414420364,7.29636335,0.79344217483012,140.0,4.948759890378168
Haiti,2022,8.272,1760.62635668777,3.20755076,18.9766582756746,140.0,4.948759890378168
Hungary,2022,14.2,18428.028825614,6.6474123,0.970642654757226,140.0,4.948759890378168
Indonesia,2022,7.492,4730.83484836107,2.69389749,0.303768746039586,140.0,4.948759890378168
India,2022,6.576,2347.44829434623,3.39623499,2.81530423021647,140.0,4.948759890378168
Ireland,2022,6.7,105190.685952731,6.02078247,0.861054139659655,140.0,4.948759890378168
"Iran, Islamic Rep.",2022,4.897,4721.20437099984,5.62794113,0.0,140.0,4.948759890378168
Iraq,2022,4.164,6520.73154560584,4.33226347,0.0,140.0,4.948759890378168
Iceland,2022,7.0,76350.4550416502,9.08145332,1.05164773481651,140.0,4.948759890378168
Israel,2022,5.4,54949.621556429,7.12004995,1.62581066709758,140.0,4.948759890378168
Italy,2022,12.1,35653.9042103495,8.85022926,0.540095240763765,140.0,4.948759890378168
Jamaica,2022,7.905,6626.47502388538,8.65338707,53.1146007388142,140.0,4.948759890378168
Jordan,2022,3.163,4332.25159897931,7.73623276,1.11937678075855,140.0,4.948759890378168
Japan,2022,12.9,34065.6438962526,12.32275677,0.231204479818001,140.0,4.948759890378168
Kazakhstan,2022,6.992,11255.3396437881,3.74577999,2.55058633787163,140.0,4.948759890378168
Kenya,2022,7.212,2109.56288513137,4.32241869,4.87166844718499,140.0,4.948759890378168
Kyrgyz Republic,2022,4.5,1739.72018344174,5.04874945,0.0,140.0,4.948759890378168
Cambodia,2022,6.323,2325.03050040841,4.46856117,0.0,140.0,4.948759890378168
Kiribati,2022,7.073,2069.7671726925,10.52553844,0.0,140.0,4.948759890378168
St. Kitts and Nevis,2022,11.658,21011.5744209816,5.52634287,23.5498132071634,140.0,4.948759890378168
"Korea, Rep.",2022,7.3,34822.4048404971,8.8595314,0.49630655708926,140.0,4.948759890378168
Kuwait,2022,1.75198239171633,39981.7691035833,4.20024538,0.0,140.0,4.948759890378168
Lao PDR,2022,6.265,2046.40440255621,2.01825476,0.0,140.0,4.948759890378168
Lebanon,2022,5.769,3654.35845534878,4.91255951,0.0,140.0,4.948759890378168
Liberia,2022,8.159,744.617175237387,13.58819675,0.0,140.0,4.948759890378168
Libya,2022,4.808,5986.63694851258,4.74433613,0.0,140.0,4.948759890378168
St. Lucia,2022,8.455,13103.8243147472,4.74750614,36.9166745907004,140.0,4.948759890378168
Liechtenstein,2022,7.1,188055.003235348,5.64409113,0.0,140.0,4.948759890378168
Sri Lanka,2022,8.1,3342.63650253855,3.98300457,0.0,140.0,4.948759890378168
Low & middle income,2022,7.176566532508,5741.78381882952,5.54463683640816,0.0,140.0,4.948759890378168
Lesotho,2022,10.918,1030.12582947757,12.89569187,0.0,140.0,4.948759890378168
Late-demographic dividend,2022,7.81431572087116,12286.0846812169,6.16543057047232,0.0,140.0,4.948759890378168
Lithuania,2022,15.1,25085.784063499,7.24367952,2.37848472418186,140.0,4.948759890378168
Luxembourg,2022,6.8,123719.658915996,5.60926914,1.5306610542428,140.0,4.948759890378168
Latvia,2022,16.4,20221.103686109,8.1044302,3.56181584561495,140.0,4.948759890378168
Morocco,2022,5.572,3463.1376953125,5.75281,1.65554646642091,140.0,4.948759890378168
Monaco,2022,23.496,226052.001905201,3.39488029,0.0,140.0,4.948759890378168
Moldova,2022,13.07,5744.29618434435,6.96505404,2.46711784221268,140.0,4.948759890378168
Madagascar,2022,7.728,503.51453347296,3.14948058,0.0,140.0,4.948759890378168
Maldives,2022,2.329,11786.0191492983,7.4997015,0.0,140.0,4.948759890378168
Mexico,2022,6.521,11405.7940473759,5.70919704,25.8814968854168,140.0,4.948759890378168
Marshall Islands,2022,6.862,6455.66062185762,13.60796833,0.0,140.0,4.948759890378168
North Macedonia,2022,12.3,7606.2375253797,7.42164755,0.978137007650662,140.0,4.948759890378168
Mali,2022,8.859,976.914116406452,3.72170115,0.0,140.0,4.948759890378168
Malta,2022,8.0,35638.8869457406,9.09105396,1.51460075124197,140.0,4.948759890378168
Myanmar,2022,9.18,1158.05005055976,4.49158478,3.90276297667527,140.0,4.948759890378168
Montenegro,2022,11.3,10024.5435616209,10.19081783,2.60311804733607,140.0,4.948759890378168
Mongolia,2022,5.6,4993.51487463495,8.85170174,5.96571485950299,140.0,4.948759890378168
Mozambique,2022,7.255,578.251663751351,8.24868107,0.0,140.0,4.948759890378168
Mauritania,2022,5.627,1960.35240077424,4.66962671,0.0,140.0,4.948759890378168
Mauritius,2022,10.2,10246.5017455553,5.84209728,2.27249663925174,140.0,4.948759890378168
Malawi,2022,5.803,604.269740360317,6.62527609,0.0,140.0,4.948759890378168
Malaysia,2022,5.547,11754.5678336248,3.90037823,0.691732496782795,140.0,4.948759890378168
Namibia,2022,7.471,4349.79908493314,9.6219883,0.0,140.0,4.948759890378168
Niger,2022,9.173,609.745147574878,4.34980488,0.0,140.0,4.948759890378168
Nigeria,2022,11.953,2899.16047470324,4.21020174,0.0,140.0,4.948759890378168
Nicaragua,2022,4.691,2322.89053964583,8.97882748,0.0,140.0,4.948759890378168
Netherlands,2022,9.6,59123.318556487,10.03109169,0.798685419651381,140.0,4.948759890378168
Norway,2022,8.4,109269.520580298,7.90873051,0.549772609467286,140.0,4.948759890378168
Nepal,2022,6.888,1385.91066274851,6.52950287,0.0,140.0,4.948759890378168
Nauru,2022,7.472,12911.9086441381,18.34229279,0.0,140.0,4.948759890378168
New Zealand,2022,7.53,49099.7090423358,10.56814575,1.46149415952832,140.0,4.948759890378168
Oman,2022,2.13,23223.5829405935,3.06614041,0.253687667354583,140.0,4.948759890378168
Pakistan,2022,6.513,1538.3228133171,2.90354776,4.07754321000689,140.0,4.948759890378168
Panama,2022,4.751,17378.6070017557,9.04578876,11.3389170493456,140.0,4.948759890378168
Peru,2022,6.389,7350.63034300417,6.0974617,0.0,140.0,4.948759890378168
Philippines,2022,6.266,3548.06930572116,5.15588379,0.0,140.0,4.948759890378168
Palau,2022,11.502,13729.7602761496,14.87842083,0.0,140.0,4.948759890378168
Papua New Guinea,2022,6.846,3102.28968594061,2.61463141,0.0,140.0,4.948759890378168
Poland,2022,12.2,18891.2121169279,6.46619797,0.703386223722305,140.0,4.948759890378168
Portugal,2022,11.9,24620.5197587181,10.5492239,0.719971949892832,140.0,4.948759890378168
Paraguay,2022,6.359,6205.62595379319,7.73537827,7.57344466296988,140.0,4.948759890378168
West Bank and Gaza,2022,2.992,3799.95527015163,9.70613861,0.622023007311598,140.0,4.948759890378168
Qatar,2022,0.932,88701.4689763536,2.18613315,0.0691454145354033,140.0,4.948759890378168
Romania,2022,14.3,15503.551804598,5.79823256,1.28868853637199,140.0,4.948759890378168
Russian Federation,2022,12.9,15619.6142578125,6.8788662,0.0,140.0,4.948759890378168
Rwanda,2022,5.993,975.469323735369,5.92842579,0.0,140.0,4.948759890378168
Saudi Arabia,2022,2.57,38510.2276211037,5.31400585,0.0,140.0,4.948759890378168
Sudan,2022,6.522,1046.24084472656,3.79416442,0.0,140.0,4.948759890378168
Senegal,2022,5.92,1574.0281059306,4.0444808,0.0,140.0,4.948759890378168
Singapore,2022,6.3,90299.0694637269,4.33121586,0.123896338057884,140.0,4.948759890378168
Solomon Islands,2022,5.194,1877.78104490956,4.82418394,0.0,140.0,4.948759890378168
Sierra Leone,2022,8.523,860.371067916096,4.80377436,0.0,140.0,4.948759890378168
El Salvador,2022,7.459,5074.60210221806,9.82036304,7.89768799960639,140.0,4.948759890378168
San Marino,2022,7.8,54190.8417700372,7.22336292,0.0,140.0,4.948759890378168
"Somalia, Fed. Rep.",2022,12.812,573.141165798229,2.8469162,0.0,140.0,4.948759890378168
Serbia,2022,16.3,10024.8191112596,8.58397198,1.08964325742373,140.0,4.948759890378168
Small states,2022,7.9389219199789,13636.4661190787,6.66220434688589,0.0,140.0,4.948759890378168
Sao Tome and Principe,2022,5.732,2389.73729784737,5.7744813,0.0,140.0,4.948759890378168
Suriname,2022,6.687,6084.43876736445,5.93297768,7.22121303541283,140.0,4.948759890378168
Slovak Republic,2022,11.0,21317.7943982363,7.70245218,0.767376066253057,140.0,4.948759890378168
Slovenia,2022,10.6,28360.3041467268,9.62683296,0.614590956625007,140.0,4.948759890378168
Sweden,2022,9.0,54836.8907235124,10.85505676,1.10609575089503,140.0,4.948759890378168
Eswatini,2022,8.1,3894.1620089869,7.2449131,0.0,140.0,4.948759890378168
Seychelles,2022,7.8,16836.6721895387,4.39909697,7.96669919735506,140.0,4.948759890378168
Syrian Arab Republic,2022,4.773,1051.67149587463,3.3840971,0.0,140.0,4.948759890378168
Chad,2022,11.486,966.036468278568,4.15823555,0.0,140.0,4.948759890378168
East Asia & Pacific (IDA & IBRD countries),2022,7.3458586097443,10220.4774431567,5.58501289794467,0.0,140.0,4.948759890378168
Europe & Central Asia (IDA & IBRD countries),2022,10.4501249509296,11421.1364427001,6.04343709276726,0.0,140.0,4.948759890378168
Togo,2022,7.872,951.232378690387,6.24094057,0.0,140.0,4.948759890378168
Thailand,2022,9.231,6909.35281815827,5.35471153,0.0,140.0,4.948759890378168
Tajikistan,2022,4.618,1052.17949484894,7.62917423,0.0,140.0,4.948759890378168
Turkmenistan,2022,5.787,5837.84224538947,5.37103748,0.0,140.0,4.948759890378168
Latin America & the Caribbean (IDA & IBRD countries),2022,6.98079564680561,9174.55690452428,7.9565900946958,0.0,140.0,4.948759890378168
Timor-Leste,2022,7.362,2343.24954740187,7.46371841,0.0,140.0,4.948759890378168
"Middle East, North Africa, Afghanistan & Pakistan (IDA & IBRD)",2022,5.6258636704773,3010.19656726913,4.71450965789969,0.0,140.0,4.948759890378168
Tonga,2022,6.476,5298.01941509951,7.95276737,0.0,140.0,4.948759890378168
South Asia (IDA & IBRD),2022,6.44240107249924,2385.08341896271,3.3087387158875,0.0,140.0,4.948759890378168
Sub-Saharan Africa (IDA & IBRD countries),2022,8.49648186826712,1865.11635260699,4.914331492401,0.0,140.0,4.948759890378168
Trinidad and Tobago,2022,8.225,20750.5202434652,6.64416027,40.4432986623964,140.0,4.948759890378168
Tunisia,2022,6.159,3707.29283414381,7.51270723,0.0,140.0,4.948759890378168
Turkiye,2022,5.9,10897.8397861365,3.70338893,2.62122678525057,140.0,4.948759890378168
Tuvalu,2022,9.066,5911.32727055301,21.28792,0.0,140.0,4.948759890378168
Tanzania,2022,5.844,1207.52062988281,3.13497496,0.0,140.0,4.948759890378168
Uganda,2022,5.035,963.067314117178,4.45071125,8.75663044480037,140.0,4.948759890378168
Uruguay,2022,10.832,20818.6146091144,8.89015961,11.2948931452974,140.0,4.948759890378168
United States,2022,9.8,76657.2488844403,16.52875137,6.51267429794199,140.0,4.948759890378168
Uzbekistan,2022,6.048,2578.66689394219,6.61703825,0.0,140.0,4.948759890378168
St. Vincent and the Grenadines,2022,11.45,9693.55867833025,4.6054697,41.1579091782137,140.0,4.948759890378168
"Venezuela, RB",2022,7.347,3155.04207099687,4.55045986,12.6466448562847,140.0,4.948759890378168
Viet Nam,2022,6.488,4147.69777213621,4.53809595,0.0,140.0,4.948759890378168
Vanuatu,2022,5.167,3370.21191956953,4.05895281,0.0,140.0,4.948759890378168
Samoa,2022,6.181,4132.44717734444,6.93412352,0.0,140.0,4.948759890378168
South Africa,2022,9.402,6534.24867783397,8.74512291,43.7202551331462,140.0,4.948759890378168
Zambia,2022,5.583,1447.12310138035,5.21042967,0.0,140.0,4.948759890378168
Zimbabwe,2022,7.779,2536.40050223076,3.39519501,6.75833125350771,140.0,4.948759890378168
Afghanistan,2023,5.797,413.757894705303,14.9857626,0.0,140.0,4.948759890378168
Angola,2023,6.925,2916.13663284275,2.54692864,0.0,140.0,4.948759890378168
Albania,2023,8.332,9730.86921906893,7.05240345,1.38708340817063,140.0,4.948759890378168
Andorra,2023,6.076,46812.4261013102,7.69928026,0.0,140.0,4.948759890378168
United Arab Emirates,2023,0.932,49850.6872175164,4.97095108,0.0,140.0,4.948759890378168
Argentina,2023,7.668,14261.8465667948,10.2695179,4.49291137824536,140.0,4.948759890378168
Armenia,2023,8.2,8159.08720967996,9.32119179,2.20833575400906,140.0,4.948759890378168
Antigua and Barbuda,2023,6.893,21494.5474000727,3.91348195,10.7163332993983,140.0,4.948759890378168
Australia,2023,6.9,65058.3773146674,10.39852047,0.854406035826682,140.0,4.948759890378168
Austria,2023,9.8,56579.504175468,11.15297318,0.876191031111463,140.0,4.948759890378168
Azerbaijan,2023,5.9,7133.02838048328,4.27113533,2.16122820563689,140.0,4.948759890378168
Burundi,2023,6.718,250.627253097255,9.09471226,0.0,140.0,4.948759890378168
Belgium,2023,9.4,55291.4754541329,10.80371571,0.0,140.0,4.948759890378168
Benin,2023,8.797,1394.17784721831,3.33732462,0.0,140.0,4.948759890378168
Burkina Faso,2023,7.964,873.482589651003,7.79943228,0.0,140.0,4.948759890378168
Bangladesh,2023,5.01,2551.01773827307,2.17014575,0.0,140.0,4.948759890378168
Bulgaria,2023,15.7,15853.208636704,7.91853094,1.08890737415431,140.0,4.948759890378168
Bahrain,2023,2.089,29290.1284215098,3.99562383,0.0,140.0,4.948759890378168
"Bahamas, The",2023,8.713,38231.774484278,6.30260801,0.0,140.0,4.948759890378168
Bosnia and Herzegovina,2023,13.457,8663.02326458629,8.9216938,1.22446173133237,140.0,4.948759890378168
Belarus,2023,13.338,7896.75388295584,7.08167362,0.0,140.0,4.948759890378168
Belize,2023,4.925,7424.75821321022,4.14735794,0.0,140.0,4.948759890378168
Bolivia,2023,7.172,4274.70820547613,6.91864729,4.41843313132273,140.0,4.948759890378168
Brazil,2023,7.077,10377.5897719195,9.73092747,19.2752957673079,140.0,4.948759890378168
Barbados,2023,10.613,25583.878782727,5.40463829,7.43794627677661,140.0,4.948759890378168
Brunei Darussalam,2023,5.23,32890.5491812019,2.2286067,0.0,140.0,4.948759890378168
Bhutan,2023,6.11,3831.32535494609,4.41551638,0.0,140.0,4.948759890378168
Botswana,2023,5.724,7826.35376483298,6.25574684,0.0,140.0,4.948759890378168
Central African Republic,2023,9.419,495.978897288721,10.65553188,0.0,140.0,4.948759890378168
Canada,2023,8.1,54220.3285039875,11.18692875,1.97968887560784,140.0,4.948759890378168
Switzerland,2023,8.1,100623.549627296,11.69096088,0.597481940544685,140.0,4.948759890378168
Chile,2023,6.495,17067.0364799154,10.17470455,6.34829073035101,140.0,4.948759890378168
China,2023,7.87,12951.1782397043,5.94388866,0.0,140.0,4.948759890378168
Cote d'Ivoire,2023,7.66,2591.9659048119,3.43218303,0.0,140.0,4.948759890378168
Cameroon,2023,7.151,1720.47510154506,4.5545516,0.0,140.0,4.948759890378168
"Congo, Dem. Rep.",2023,8.525,660.21205238997,3.68495083,0.0,140.0,4.948759890378168
"Congo, Rep.",2023,6.288,2477.97845544866,3.29744148,0.0,140.0,4.948759890378168
Colombia,2023,5.398,7000.83660501046,8.15838146,24.9134420347488,140.0,4.948759890378168
Comoros,2023,7.196,1560.27378476855,6.55212021,0.0,140.0,4.948759890378168
Cabo Verde,2023,5.059,4794.90121917259,5.84791613,0.0,140.0,4.948759890378168
Costa Rica,2023,5.457,16942.0268119375,6.8663702,17.7454798727379,140.0,4.948759890378168
Cyprus,2023,7.063,36623.69140625,8.11912918,0.81785876397005,140.0,4.948759890378168
Czechia,2023,10.4,31761.5944102491,8.42677402,0.767827757917044,140.0,4.948759890378168
Germany,2023,12.3,54776.7668235491,11.74428654,0.910722780231795,140.0,4.948759890378168
Djibouti,2023,7.456,3381.29779710722,2.28316021,0.0,140.0,4.948759890378168
Dominica,2023,12.763,9912.96212766668,5.00757647,27.063396005142,140.0,4.948759890378168
Denmark,2023,9.8,68043.5466971243,9.5572958,0.840599404536194,140.0,4.948759890378168
Dominican Republic,2023,6.25,10630.431743829,4.59880495,10.9166976980638,140.0,4.948759890378168
Algeria,2023,4.641,5370.477235078,4.35082531,1.16107238811947,140.0,4.948759890378168
Ecuador,2023,5.128,6737.84748379638,7.56167889,45.7228145164847,140.0,4.948759890378168
"Egypt, Arab Rep.",2023,5.461,3456.78968456253,4.88449335,0.0,140.0,4.948759890378168
Spain,2023,9.0,33493.2225409111,9.2206583,0.690855954769765,140.0,4.948759890378168
Estonia,2023,11.7,30264.0064885057,7.47082138,1.53599045052794,140.0,4.948759890378168
Ethiopia,2023,5.96,1055.81091592527,2.80310345,0.0,140.0,4.948759890378168
Finland,2023,11.0,52834.2916752703,10.47389507,0.98193498501344,140.0,4.948759890378168
Fiji,2023,9.255,5926.20586394763,3.61524153,2.0559533103824,140.0,4.948759890378168
France,2023,9.2,44700.1384177544,11.51974583,1.33506280409367,140.0,4.948759890378168
"Micronesia, Fed. Sts.",2023,7.64,3919.64307910859,12.88087559,0.0,140.0,4.948759890378168
Gabon,2023,6.269,7802.82433276138,3.13430715,0.0,140.0,4.948759890378168
United Kingdom,2023,9.518,49944.4702124201,10.99128914,0.0,140.0,4.948759890378168
Georgia,2023,11.839,8283.66960652261,6.85758877,0.0,140.0,4.948759890378168
Ghana,2023,7.04,2383.90410483418,2.94686937,0.0,140.0,4.948759890378168
Guinea,2023,9.125,1555.49375806861,3.69442987,0.0,140.0,4.948759890378168
"Gambia, The",2023,6.292,883.024111719809,2.89250112,0.0,140.0,4.948759890378168
Guinea-Bissau,2023,7.05,988.087886357022,8.82204819,0.0,140.0,4.948759890378168
Equatorial Guinea,2023,7.878,6677.793435386,3.49941635,0.0,140.0,4.948759890378168
Greece,2023,12.2,23343.7103964562,8.39367008,0.839605274224601,140.0,4.948759890378168
Grenada,2023,8.859,11414.4781691181,4.65330839,13.6657527694502,140.0,4.948759890378168
Guatemala,2023,4.829,5758.32760847852,6.80241346,23.3657267272051,140.0,4.948759890378168
Guyana,2023,7.32,20473.7002190617,2.46673751,19.1201580922439,140.0,4.948759890378168
Honduras,2023,4.478,3227.45762509776,7.70976162,31.4424316507577,140.0,4.948759890378168
Heavily indebted poor countries (HIPC),2023,6.9689806328152,1155.90445279924,4.45224963821874,0.0,140.0,4.948759890378168
Croatia,2023,13.3,22184.2279304842,7.14699411,0.667347104040825,140.0,4.948759890378168
Haiti,2023,7.817,1705.75808460999,3.19156528,41.1518089717388,140.0,4.948759890378168
Hungary,2023,13.4,22230.6277875187,6.36868954,0.722657964901225,140.0,4.948759890378168
Indonesia,2023,7.531,4876.30774512252,2.70239949,0.0,140.0,4.948759890378168
India,2023,6.611,2530.12031278204,3.33944035,0.0,140.0,4.948759890378168
Ireland,2023,6.6,106818.917130804,6.57538509,0.654270171245596,140.0,4.948759890378168
"Iran, Islamic Rep.",2023,4.672,5049.29931642754,6.02542305,0.0,140.0,4.948759890378168
Iraq,2023,4.132,5965.31835077761,5.53275251,0.0,140.0,4.948759890378168
Iceland,2023,6.6,82138.7892973557,8.70510101,1.29013114183057,140.0,4.948759890378168
Israel,2023,5.2,52003.7200729997,7.09822369,0.0,140.0,4.948759890378168
Italy,2023,11.2,39277.0838783918,8.40559483,0.568072449338316,140.0,4.948759890378168
Jamaica,2023,8.076,7542.40084275345,7.60493946,49.4403451527686,140.0,4.948759890378168
Jordan,2023,3.049,4466.08314208575,7.66000605,0.987830151085125,140.0,4.948759890378168
Japan,2023,13.0,33836.1756271617,10.73979473,0.229153196964695,140.0,4.948759890378168
Kazakhstan,2023,6.709,12879.4275257974,3.76701546,0.0,140.0,4.948759890378168
Kenya,2023,7.211,1942.58802756191,4.35172892,0.0,140.0,4.948759890378168
Kyrgyz Republic,2023,4.4,2138.22210211478,4.50344467,0.0,140.0,4.948759890378168
Cambodia,2023,6.39,2429.74853452838,4.61706829,0.0,140.0,4.948759890378168
Kiribati,2023,7.046,2177.70125812262,10.94525623,0.0,140.0,4.948759890378168
St. Kitts and Nevis,2023,9.963,22576.9248439166,5.73595428,64.1601437187219,140.0,4.948759890378168
"Korea, Rep.",2023,6.0,35674.095995632,8.5650692,0.477306316584835,140.0,4.948759890378168
Kuwait,2023,1.53211676064858,34075.849012909,4.96311998,0.0,140.0,4.948759890378168
Lao PDR,2023,6.221,2066.94979776957,1.32651615,0.0,140.0,4.948759890378168
Lebanon,2023,5.962,3477.72489842684,5.57497263,0.0,140.0,4.948759890378168
Liberia,2023,8.071,799.194470229642,13.00574875,0.0,140.0,4.948759890378168
Libya,2023,6.654,6026.51518708812,7.80515862,0.0,140.0,4.948759890378168
St. Lucia,2023,8.614,13554.7684784933,4.7298274,39.0440891432332,140.0,4.948759890378168
Liechtenstein,2023,6.8,206780.590353385,5.71460724,0.0,140.0,4.948759890378168
Sri Lanka,2023,8.2,3798.89016573011,3.68313766,0.0,140.0,4.948759890378168
Low & middle income,2023,7.14941818855331,5856.29495195922,5.61714493004159,0.0,140.0,4.948759890378168
Lesotho,2023,10.648,916.282976983803,12.61182117,0.0,140.0,4.948759890378168
Late-demographic dividend,2023,7.93993506149897,12437.9861721907,6.31151586129759,0.0,140.0,4.948759890378168
Lithuania,2023,12.9,27786.0057829276,7.31801939,2.62779952622526,140.0,4.948759890378168
Luxembourg,2023,6.6,133230.619178899,5.78777981,0.0,140.0,4.948759890378168
Latvia,2023,14.9,22710.2637544197,7.27783823,2.49681788529087,140.0,4.948759890378168
Morocco,2023,5.638,3813.72607421875,6.06396198,1.70500474577332,140.0,4.948759890378168
Monaco,2023,20.971,256799.788612806,3.11959291,0.0,140.0,4.948759890378168
Moldova,2023,13.606,6799.58594644576,6.7359705,2.54314378217647,140.0,4.948759890378168
Madagascar,2023,7.528,508.718427705591,3.42822957,0.0,140.0,4.948759890378168
Maldives,2023,2.338,12587.6126038651,9.24973583,0.0,140.0,4.948759890378168
Mexico,2023,6.161,13860.9597809326,5.50398684,24.8589948436701,140.0,4.948759890378168
Marshall Islands,2023,6.968,6793.24495895856,13.40528965,0.0,140.0,4.948759890378168
North Macedonia,2023,11.0,8674.35846327485,7.42730284,1.52854990019388,140.0,4.948759890378168
Mali,2023,8.627,1043.9533853528,3.81316996,0.0,140.0,4.948759890378168
Malta,2023,7.3,40905.8059585057,8.84301376,0.562898250512237,140.0,4.948759890378168
Myanmar,2023,9.153,1233.19666209269,4.45748425,2.57510107248619,140.0,4.948759890378168
Montenegro,2023,10.1,12259.8775034436,9.6549921,0.789201202111271,140.0,4.948759890378168
Mongolia,2023,5.5,5838.63108083902,6.07207489,5.91503475082916,140.0,4.948759890378168
Mozambique,2023,7.002,622.000297682823,8.50126553,0.0,140.0,4.948759890378168
Mauritania,2023,5.52,2135.78187606359,4.34333467,0.0,140.0,4.948759890378168
Mauritius,2023,9.4,11269.9684462139,5.56544495,0.0,140.0,4.948759890378168
Malawi,2023,5.363,633.214767978695,6.53459597,0.0,140.0,4.948759890378168
Malaysia,2023,5.158,11386.0395636528,3.95760036,0.734492430713877,140.0,4.948759890378168
Namibia,2023,6.169,4187.60500396525,9.48251629,0.0,140.0,4.948759890378168
Niger,2023,8.859,638.336080897887,4.04895782,0.0,140.0,4.948759890378168
Nigeria,2023,11.74,2138.76383719983,4.19086456,15.7466808233499,140.0,4.948759890378168
Nicaragua,2023,4.586,2609.44492072931,8.29879284,0.0,140.0,4.948759890378168
Netherlands,2023,9.5,63515.6030780019,9.83150005,0.690893081283378,140.0,4.948759890378168
Norway,2023,7.9,87497.2179649556,9.42925453,0.724747049690651,140.0,4.948759890378168
Nepal,2023,6.932,1382.33055769304,6.15843678,0.0,140.0,4.948759890378168
Nauru,2023,7.519,12752.4723855838,18.21076012,0.0,140.0,4.948759890378168
New Zealand,2023,7.23,49075.9562832927,10.12947655,0.0,140.0,4.948759890378168
Oman,2023,1.901,21027.7384778886,3.49047446,0.138633928990513,140.0,4.948759890378168
Pakistan,2023,6.466,1360.32417758419,2.51988316,4.33487075793336,140.0,4.948759890378168
Panama,2023,4.771,18797.1933994045,8.33022976,11.7072934419645,140.0,4.948759890378168
Peru,2023,5.491,7887.54185920108,5.63786411,0.0,140.0,4.948759890378168
Philippines,2023,6.236,3804.08274131097,5.10122538,4.34759149828352,140.0,4.948759890378168
Palau,2023,11.495,15610.8231931032,10.85468197,0.0,140.0,4.948759890378168
Papua New Guinea,2023,6.516,2966.06830432055,2.87081432,0.0,140.0,4.948759890378168
Poland,2023,11.1,22145.2660647429,7.13848782,0.802314721828908,140.0,4.948759890378168
Portugal,2023,11.2,27634.6183139773,10.02761173,0.0,140.0,4.948759890378168
Paraguay,2023,5.703,6299.99026533713,8.35731316,6.7795163925492,140.0,4.948759890378168
West Bank and Gaza,2023,7.198,3455.02852911712,10.73343945,0.0,140.0,4.948759890378168
Qatar,2023,0.93,81816.9797967481,2.52358818,0.0,140.0,4.948759890378168
Romania,2023,12.7,18244.4186876321,5.70901489,1.10887485110282,140.0,4.948759890378168
Russian Federation,2023,12.1,14159.3876953125,7.04438496,0.0,140.0,4.948759890378168
Rwanda,2023,5.935,1027.03446826565,5.12708998,0.0,140.0,4.948759890378168
Saudi Arabia,2023,2.34,36156.848337701,5.68722248,0.0,140.0,4.948759890378168
Sudan,2023,6.404,797.283447265625,2.85165739,0.0,140.0,4.948759890378168
Senegal,2023,5.581,1698.03387300843,4.32314825,0.0,140.0,4.948759890378168
Singapore,2023,6.2,85412.230345235,4.49163246,0.0690954942050905,140.0,4.948759890378168
Solomon Islands,2023,5.141,1882.64394148042,5.36366177,0.0,140.0,4.948759890378168
Sierra Leone,2023,8.287,758.329137378248,4.71883011,0.0,140.0,4.948759890378168
El Salvador,2023,7.519,5365.44491399171,9.28738594,0.0,140.0,4.948759890378168
San Marino,2023,8.3,59879.7173015651,6.60829115,0.0,140.0,4.948759890378168
"Somalia, Fed. Rep.",2023,9.835,596.885985135589,3.74413586,0.0,140.0,4.948759890378168
Serbia,2023,14.7,12281.707946167,8.03133774,1.31400205013848,140.0,4.948759890378168
Small states,2023,7.61568668309565,14346.3202783396,6.76810941964699,0.0,140.0,4.948759890378168
Sao Tome and Principe,2023,5.572,2990.6606143535,5.77292156,0.0,140.0,4.948759890378168
Suriname,2023,6.649,5521.97602122638,5.40666008,6.51946457704576,140.0,4.948759890378168
Slovak Republic,2023,10.0,24614.8734642794,7.35262203,1.12358440823663,140.0,4.948759890378168
Slovenia,2023,10.2,32660.4753581346,9.30008888,0.566466326409227,140.0,4.948759890378168
Sweden,2023,9.0,54950.2834725622,11.152915,1.14675703743944,140.0,4.948759890378168
Eswatini,2023,7.7,3755.52111232464,7.49763966,0.0,140.0,4.948759890378168
Seychelles,2023,7.3,18262.7115849287,4.48238087,0.0,140.0,4.948759890378168
Chad,2023,11.032,949.333453674592,4.99707747,0.0,140.0,4.948759890378168
East Asia & Pacific (IDA & IBRD countries),2023,7.66650078943162,10239.8162178816,5.60857793634195,0.0,140.0,4.948759890378168
Europe & Central Asia (IDA & IBRD countries),2023,9.86986979261016,12129.8641155432,6.21781794446421,0.0,140.0,4.948759890378168
Togo,2023,7.702,1055.01727877926,6.10829544,0.0,140.0,4.948759890378168
Thailand,2023,8.888,7195.10130919449,4.53787661,0.0,140.0,4.948759890378168
Tajikistan,2023,4.581,1178.47990060249,7.43789911,0.0,140.0,4.948759890378168
Turkmenistan,2023,5.781,6231.91323839698,5.49789095,0.0,140.0,4.948759890378168
Latin America & the Caribbean (IDA & IBRD countries),2023,6.51473444834791,10260.5196915782,7.94598994575739,0.0,140.0,4.948759890378168
Timor-Leste,2023,7.271,1502.41147438211,9.59779453,0.0,140.0,4.948759890378168
"Middle East, North Africa, Afghanistan & Pakistan (IDA & IBRD)",2023,5.54049504420753,2868.88626501212,5.14803513272091,0.0,140.0,4.948759890378168
Tonga,2023,6.442,5651.59373063157,7.36037779,0.0,140.0,4.948759890378168
South Asia (IDA & IBRD),2023,6.47109012670958,2532.38988993306,3.26234217340341,0.0,140.0,4.948759890378168
Sub-Saharan Africa (IDA & IBRD countries),2023,8.05482121953319,1680.77966672218,4.91844873230529,0.0,140.0,4.948759890378168
Trinidad and Tobago,2023,8.368,18308.4536298575,7.52568626,0.0,140.0,4.948759890378168
Tunisia,2023,6.071,3951.11683376921,7.98537874,0.0,140.0,4.948759890378168
Turkiye,2023,6.2,13375.0947282864,4.27524424,3.22789482308636,140.0,4.948759890378168
Tuvalu,2023,9.138,6344.7750188689,27.08968544,0.0,140.0,4.948759890378168
Tanzania,2023,5.791,1224.00219726563,3.05201221,0.0,140.0,4.948759890378168
Uganda,2023,4.842,1002.30913917142,4.23600149,8.97308867739149,140.0,4.948759890378168
Uruguay,2023,9.783,23019.4221560046,9.01887608,11.2453054170348,140.0,4.948759890378168
United States,2023,9.2,81032.262117545,16.69414902,5.76340794073065,140.0,4.948759890378168
Uzbekistan,2023,6.206,2878.96879292451,6.74312878,0.0,140.0,4.948759890378168
St. Vincent and the Grenadines,2023,11.499,10582.3656725229,4.43696308,51.3212761232698,140.0,4.948759890378168
"Venezuela, RB",2023,7.56,3617.43594578269,3.77611423,0.0,140.0,4.948759890378168
Viet Nam,2023,6.577,4323.35031982451,4.56109476,0.0,140.0,4.948759890378168
Vanuatu,2023,5.083,3482.61458237637,4.1186676,0.0,140.0,4.948759890378168
Samoa,2023,6.157,4822.74084650019,6.78103304,0.0,140.0,4.948759890378168
South Africa,2023,9.239,6034.27208964673,8.90966797,0.0,140.0,4.948759890378168
Zambia,2023,5.207,1330.72780576709,5.97841072,0.0,140.0,4.948759890378168
Zimbabwe,2023,7.614,2195.22492079245,2.92601609,0.0,140.0,4.948759890378168
